feature_a,feature_b,correlation,abs_correlation
TotLen Fwd Pkts,Subflow Fwd Byts,1.0,1.0
Fwd PSH Flags,SYN Flag Cnt,1.0,1.0
Tot Bwd Pkts,Subflow Bwd Pkts,1.0,1.0
Fwd URG Flags,CWE Flag Count,1.0,1.0
TotLen Bwd Pkts,Subflow Bwd Byts,1.0,1.0
Tot Fwd Pkts,Subflow Fwd Pkts,1.0,1.0
Fwd Pkt Len Mean,Fwd Seg Size Avg,1.0,1.0
Bwd Pkt Len Mean,Bwd Seg Size Avg,1.0,1.0
RST Flag Cnt,ECE Flag Cnt,0.9999883463114864,0.9999883463114864
Bwd Header Len,Subflow Bwd Pkts,0.9997527727065126,0.9997527727065126
Tot Bwd Pkts,Bwd Header Len,0.9997527727065125,0.9997527727065125
Tot Fwd Pkts,Fwd Act Data Pkts,0.9996242157112583,0.9996242157112583
Subflow Fwd Pkts,Fwd Act Data Pkts,0.9996242157112583,0.9996242157112583
Fwd Header Len,Subflow Fwd Pkts,0.9988250727828338,0.9988250727828338
Tot Fwd Pkts,Fwd Header Len,0.9988250727828338,0.9988250727828338
Fwd Header Len,Fwd Act Data Pkts,0.9971758711764646,0.9971758711764646
Flow Duration,Fwd IAT Tot,0.9968350467059022,0.9968350467059022
Idle Mean,Idle Min,0.9966918653943705,0.9966918653943705
Idle Mean,Idle Max,0.9959846583300032,0.9959846583300032
Subflow Bwd Pkts,Subflow Bwd Byts,0.9952406694477076,0.9952406694477076
Tot Bwd Pkts,Subflow Bwd Byts,0.9952406694477076,0.9952406694477076
Tot Bwd Pkts,TotLen Bwd Pkts,0.9952406694477076,0.9952406694477076
TotLen Bwd Pkts,Subflow Bwd Pkts,0.9952406694477074,0.9952406694477074
Bwd Header Len,Subflow Bwd Byts,0.9945417351452623,0.9945417351452623
TotLen Bwd Pkts,Bwd Header Len,0.994541735145262,0.994541735145262
Pkt Len Mean,Pkt Size Avg,0.9927422734881122,0.9927422734881122
Flow IAT Max,Fwd IAT Max,0.9925348690241451,0.9925348690241451
Flow IAT Mean,Flow IAT Min,0.9921756778860273,0.9921756778860273
Flow IAT Mean,Fwd IAT Mean,0.990776407305633,0.990776407305633
Flow IAT Mean,Fwd IAT Min,0.9891377162258883,0.9891377162258883
Fwd IAT Mean,Fwd IAT Min,0.9872504662339191,0.9872504662339191
Flow IAT Min,Fwd IAT Min,0.9866842885630123,0.9866842885630123
Idle Max,Idle Min,0.9859970083369669,0.9859970083369669
Flow IAT Min,Fwd IAT Mean,0.9736999717222633,0.9736999717222633
Bwd Pkt Len Max,Bwd Pkt Len Std,0.9720281712718475,0.9720281712718475
Bwd Pkt Len Max,Pkt Len Max,0.9705601083169811,0.9705601083169811
Pkt Len Max,Pkt Len Std,0.9656094778768862,0.9656094778768862
Fwd Pkt Len Max,Fwd Pkt Len Std,0.9581354232620518,0.9581354232620518
Bwd Pkt Len Std,Pkt Len Max,0.956654730835614,0.956654730835614
Subflow Fwd Byts,Fwd Act Data Pkts,0.9524306976009784,0.9524306976009784
TotLen Fwd Pkts,Fwd Act Data Pkts,0.9524306976009784,0.9524306976009784
Bwd Pkt Len Std,Pkt Len Std,0.9524092594159645,0.9524092594159645
TotLen Fwd Pkts,Subflow Fwd Pkts,0.9521640199119645,0.9521640199119645
Subflow Fwd Pkts,Subflow Fwd Byts,0.9521640199119645,0.9521640199119645
Tot Fwd Pkts,TotLen Fwd Pkts,0.9521640199119645,0.9521640199119645
Tot Fwd Pkts,Subflow Fwd Byts,0.9521640199119645,0.9521640199119645
Fwd Pkt Len Min,Pkt Len Min,0.9511853083995975,0.9511853083995975
Fwd Header Len,Subflow Fwd Byts,0.9507948318993551,0.9507948318993551
TotLen Fwd Pkts,Fwd Header Len,0.9507948318993551,0.9507948318993551
Bwd Pkt Len Mean,Pkt Len Mean,0.949609296215715,0.949609296215715
Pkt Len Mean,Bwd Seg Size Avg,0.9496092962157149,0.9496092962157149
Active Mean,Active Max,0.9482726606113643,0.9482726606113643
Flow Pkts/s,Fwd Pkts/s,0.9463959937226639,0.9463959937226639
Pkt Size Avg,Bwd Seg Size Avg,0.9437176758079959,0.9437176758079959
Bwd Pkt Len Mean,Pkt Size Avg,0.9437176758079959,0.9437176758079959
Bwd Pkt Len Max,Pkt Len Std,0.9319245741887637,0.9319245741887637
Flow IAT Max,Idle Max,0.9138842631870006,0.9138842631870006
Flow IAT Max,Idle Mean,0.9103374476292528,0.9103374476292528
Active Mean,Active Min,0.9084426096078102,0.9084426096078102
Fwd IAT Max,Idle Max,0.9076293835096603,0.9076293835096603
Fwd IAT Max,Idle Mean,0.9043406085565071,0.9043406085565071
Pkt Len Std,Pkt Len Var,0.9037715668184482,0.9037715668184482
Flow IAT Max,Idle Min,0.9014439692485106,0.9014439692485106
Bwd IAT Mean,Bwd IAT Min,0.896360536092396,0.896360536092396
Fwd IAT Max,Idle Min,0.8956809099326392,0.8956809099326392
Bwd Pkt Len Mean,Pkt Len Var,0.8798756280085831,0.8798756280085831
Pkt Len Var,Bwd Seg Size Avg,0.8798756280085831,0.8798756280085831
Bwd IAT Std,Bwd IAT Max,0.8769362822383527,0.8769362822383527
Pkt Len Mean,Pkt Len Var,0.8763003906620501,0.8763003906620501
Pkt Len Mean,Pkt Len Std,0.8659995488980239,0.8659995488980239
Fwd Pkt Len Std,Fwd Seg Size Avg,0.865711343902058,0.865711343902058
Fwd Pkt Len Mean,Fwd Pkt Len Std,0.8657113439020578,0.8657113439020578
Fwd Pkt Len Max,Fwd Seg Size Avg,0.8631261896670243,0.8631261896670243
Fwd Pkt Len Max,Fwd Pkt Len Mean,0.863126189667024,0.863126189667024
Flow IAT Std,Fwd IAT Std,0.860290816523251,0.860290816523251
Bwd Pkt Len Mean,Pkt Len Std,0.8573636659686029,0.8573636659686029
Pkt Len Std,Bwd Seg Size Avg,0.8573636659686027,0.8573636659686027
Fwd IAT Mean,Fwd IAT Max,0.8551376210526972,0.8551376210526972
Flow IAT Max,Fwd IAT Mean,0.8491742284695695,0.8491742284695695
Pkt Len Var,Pkt Size Avg,0.8468681770427382,0.8468681770427382
Pkt Len Std,Pkt Size Avg,0.8429325895769927,0.8429325895769927
Protocol,Bwd Pkt Len Min,0.8410412310301238,0.8410412310301238
Bwd Pkt Len Std,Pkt Len Var,0.824569612873576,0.824569612873576
Pkt Len Max,Pkt Len Var,0.8224788175794346,0.8224788175794346
Flow IAT Mean,Fwd IAT Max,0.8205652337694704,0.8205652337694704
Flow IAT Mean,Flow IAT Max,0.8200699253104631,0.8200699253104631
Fwd Pkt Len Max,Pkt Len Max,0.8157028316847705,0.8157028316847705
Protocol,Pkt Len Min,0.8115798019528414,0.8115798019528414
Flow Duration,Bwd IAT Tot,0.8071672626739774,0.8071672626739774
Fwd IAT Std,Bwd IAT Max,0.8065160694371094,0.8065160694371094
Fwd IAT Tot,Bwd IAT Tot,0.8028261795891234,0.8028261795891234
Bwd Pkt Len Max,Pkt Len Var,0.7899791320337107,0.7899791320337107
Fwd IAT Max,Fwd IAT Min,0.7859107666138553,0.7859107666138553
Flow IAT Max,Fwd IAT Min,0.780730949029149,0.780730949029149
Bwd Pkt Len Max,Bwd Seg Size Avg,0.7782050670165906,0.7782050670165906
Bwd Pkt Len Max,Bwd Pkt Len Mean,0.7782050670165904,0.7782050670165904
Pkt Len Max,Pkt Len Mean,0.7764127932240968,0.7764127932240968
Bwd Pkt Len Mean,Bwd Pkt Len Std,0.7750906151718043,0.7750906151718043
Bwd Pkt Len Std,Bwd Seg Size Avg,0.7750906151718043,0.7750906151718043
Flow IAT Min,Fwd IAT Max,0.7750077141960616,0.7750077141960616
Active Std,Active Max,0.7726776512861226,0.7726776512861226
Flow IAT Max,Flow IAT Min,0.7698954225623635,0.7698954225623635
Fwd IAT Mean,Idle Min,0.767977783171083,0.767977783171083
Protocol,Fwd Pkt Len Min,0.7672374783511522,0.7672374783511522
Fwd IAT Mean,Idle Mean,0.7646187873382316,0.7646187873382316
Flow IAT Std,Bwd IAT Max,0.7616831843539712,0.7616831843539712
Bwd IAT Tot,Bwd IAT Max,0.7616729202272873,0.7616729202272873
Fwd IAT Tot,Fwd IAT Max,0.75967429082763,0.75967429082763
Bwd Pkt Len Max,Pkt Len Mean,0.759665240695801,0.759665240695801
Flow Duration,Flow IAT Max,0.7583239627420163,0.7583239627420163
Fwd Pkt Len Std,Pkt Len Max,0.7581002822180084,0.7581002822180084
Flow Duration,Fwd IAT Max,0.7566258507063075,0.7566258507063075
Fwd IAT Mean,Idle Max,0.7554266500721004,0.7554266500721004
Pkt Len Max,Bwd Seg Size Avg,0.7545808390623441,0.7545808390623441
Bwd Pkt Len Mean,Pkt Len Max,0.754580839062344,0.754580839062344
Flow IAT Max,Fwd IAT Tot,0.7524483483430653,0.7524483483430653
Pkt Len Max,Pkt Size Avg,0.7517503568579811,0.7517503568579811
Bwd Pkt Len Min,Pkt Len Min,0.7491897361482931,0.7491897361482931
Bwd IAT Tot,Bwd IAT Std,0.747784791789197,0.747784791789197
Fwd IAT Std,Bwd IAT Std,0.7468793848559787,0.7468793848559787
Fwd Pkt Len Max,Pkt Len Std,0.7467948725379909,0.7467948725379909
Bwd Pkt Len Std,Pkt Len Mean,0.7455280222267515,0.7455280222267515
Flow IAT Mean,Idle Min,0.7386010394472087,0.7386010394472087
Active Max,Active Min,0.7382961610283064,0.7382961610283064
Flow Duration,Idle Max,0.736953643475507,0.736953643475507
Bwd Pkt Len Std,PSH Flag Cnt,0.7369388658047822,0.7369388658047822
Flow IAT Mean,Idle Mean,0.7340622041798982,0.7340622041798982
Bwd Pkt Len Max,Pkt Size Avg,0.7333695003861505,0.7333695003861505
Fwd IAT Tot,Idle Max,0.7316387609114652,0.7316387609114652
Flow Duration,Idle Mean,0.7286244280809576,0.7286244280809576
Bwd Pkt Len Max,PSH Flag Cnt,0.7263607908393185,0.7263607908393185
Flow IAT Mean,Idle Max,0.7243715246250079,0.7243715246250079
Fwd IAT Tot,Idle Mean,0.7238146976753863,0.7238146976753863
Fwd Pkt Len Std,Pkt Len Std,0.7206177798158762,0.7206177798158762
Bwd Pkt Len Std,Pkt Size Avg,0.7147530150052176,0.7147530150052176
Flow IAT Std,Bwd IAT Mean,0.7112861593224885,0.7112861593224885
Flow Duration,Idle Min,0.7112506234348388,0.7112506234348388
Fwd Pkt Len Min,Bwd Pkt Len Min,0.7098944853051518,0.7098944853051518
Fwd IAT Tot,Idle Min,0.7069259987185323,0.7069259987185323
Protocol,Fwd Seg Size Min,-0.705437268333741,0.705437268333741
Fwd IAT Min,Idle Min,0.7043081778384537,0.7043081778384537
Fwd Pkt Len Max,Bwd Pkt Len Max,0.7041550924188777,0.7041550924188777
Fwd IAT Min,Idle Mean,0.6976942257141419,0.6976942257141419
Pkt Len Max,PSH Flag Cnt,0.6971077771737272,0.6971077771737272
Flow IAT Min,Idle Min,0.6910497673615741,0.6910497673615741
Fwd IAT Min,Idle Max,0.6861683134530188,0.6861683134530188
Flow IAT Min,Idle Mean,0.6842809804194895,0.6842809804194895
Flow IAT Min,Idle Max,0.6728051207924888,0.6728051207924888
Fwd Pkt Len Mean,Pkt Len Max,0.6723810519173624,0.6723810519173624
Pkt Len Max,Fwd Seg Size Avg,0.6723810519173623,0.6723810519173623
Fwd Pkt Len Max,Bwd Pkt Len Std,0.6708657116506038,0.6708657116506038
Flow Pkts/s,Bwd Pkts/s,0.6693358361783028,0.6693358361783028
Pkt Len Std,PSH Flag Cnt,0.6597860183854004,0.6597860183854004
Bwd Pkt Len Min,Fwd Seg Size Min,-0.651382903898437,0.651382903898437
Bwd IAT Mean,Bwd IAT Max,0.6435661026378479,0.6435661026378479
Fwd IAT Std,Bwd IAT Tot,0.6412537919729998,0.6412537919729998
Flow IAT Std,Bwd IAT Std,0.6382184069690151,0.6382184069690151
Fwd Pkt Len Std,Bwd Pkt Len Std,0.6280103506409351,0.6280103506409351
Pkt Len Min,Fwd Seg Size Min,-0.6269755803059123,0.6269755803059123
Pkt Len Std,Fwd Seg Size Avg,0.6253673868990165,0.6253673868990165
Fwd Pkt Len Mean,Pkt Len Std,0.6253673868990164,0.6253673868990164
Fwd Pkt Len Std,Bwd Pkt Len Max,0.6185176115560165,0.6185176115560165
Flow Duration,Bwd IAT Max,0.6087482299676199,0.6087482299676199
Flow IAT Std,Bwd IAT Tot,0.6058329932356615,0.6058329932356615
Fwd IAT Tot,Bwd IAT Max,0.5987772574247889,0.5987772574247889
Flow Duration,Bwd IAT Std,0.597549179757053,0.597549179757053
Fwd Pkt Len Min,Fwd Seg Size Min,-0.5935264110810248,0.5935264110810248
Fwd IAT Tot,Fwd IAT Std,0.5919243443004346,0.5919243443004346
Flow Duration,Fwd IAT Std,0.5910999188302604,0.5910999188302604
Fwd IAT Tot,Bwd IAT Std,0.588981257555945,0.588981257555945
Fwd Pkt Len Max,Pkt Len Var,0.5855559046583166,0.5855559046583166
Fwd Pkt Len Max,Init Bwd Win Byts,0.5855141580090552,0.5855141580090552
Bwd Pkt Len Std,ECE Flag Cnt,0.5778567558830965,0.5778567558830965
Bwd Pkt Len Std,RST Flag Cnt,0.5778466580035172,0.5778466580035172
Pkt Size Avg,Fwd Seg Size Avg,0.5772031876456293,0.5772031876456293
Fwd Pkt Len Mean,Pkt Size Avg,0.5772031876456292,0.5772031876456292
Fwd Pkt Len Max,Pkt Len Mean,0.5770826068219349,0.5770826068219349
Fwd IAT Std,Bwd IAT Mean,0.5746039981261081,0.5746039981261081
RST Flag Cnt,PSH Flag Cnt,0.5743260444539274,0.5743260444539274
PSH Flag Cnt,ECE Flag Cnt,0.5743193514370988,0.5743193514370988
Flow Duration,Flow IAT Std,0.5742204331926466,0.5742204331926466
Bwd IAT Max,Idle Max,0.571698388322104,0.571698388322104
Bwd Pkt Len Max,ECE Flag Cnt,0.5659686741449167,0.5659686741449167
Bwd Pkt Len Max,RST Flag Cnt,0.5659580596383023,0.5659580596383023
Bwd Pkt Len Max,Init Bwd Win Byts,0.5602818469165379,0.5602818469165379
Fwd Pkt Len Mean,Pkt Len Mean,0.559804205791759,0.559804205791759
Pkt Len Mean,Fwd Seg Size Avg,0.5598042057917588,0.5598042057917588
Fwd IAT Tot,Fwd IAT Mean,0.5586552100666854,0.5586552100666854
Pkt Len Max,ECE Flag Cnt,0.5585627645305256,0.5585627645305256
Pkt Len Max,RST Flag Cnt,0.5585518433445532,0.5585518433445532
Fwd Pkt Len Max,Pkt Size Avg,0.5564239964094296,0.5564239964094296
PSH Flag Cnt,ACK Flag Cnt,-0.555871355566268,0.555871355566268
Flow Duration,Fwd IAT Mean,0.5555971808902197,0.5555971808902197
Flow IAT Std,Fwd IAT Tot,0.554854982302229,0.554854982302229
Bwd IAT Max,Idle Mean,0.5547790461951635,0.5547790461951635
Active Mean,Active Std,0.5511203664620745,0.5511203664620745
Dst Port,ACK Flag Cnt,0.5507166483054988,0.5507166483054988
Bwd Pkt Len Max,Fwd Seg Size Avg,0.547619085682746,0.547619085682746
Fwd Pkt Len Mean,Bwd Pkt Len Max,0.5476190856827458,0.5476190856827458
Fwd IAT Std,Fwd IAT Max,0.543533354534296,0.543533354534296
Fwd Pkt Len Std,Pkt Len Var,0.5425410418491838,0.5425410418491838
Flow IAT Max,Fwd IAT Std,0.5385364321291699,0.5385364321291699
Pkt Len Max,Init Bwd Win Byts,0.5355831067690491,0.5355831067690491
Bwd IAT Max,Idle Min,0.534481277829125,0.534481277829125
Flow IAT Std,Flow IAT Max,0.5314581489522316,0.5314581489522316
Flow IAT Std,Idle Max,0.5281518038219686,0.5281518038219686
Fwd IAT Std,Idle Max,0.5277767727408483,0.5277767727408483
Flow IAT Max,Bwd IAT Max,0.5237951429698967,0.5237951429698967
Fwd Pkt Len Mean,Bwd Pkt Len Std,0.5234568599756237,0.5234568599756237
Bwd Pkt Len Std,Fwd Seg Size Avg,0.5234568599756237,0.5234568599756237
Fwd Pkt Len Std,Pkt Len Mean,0.5222499775597268,0.5222499775597268
Pkt Len Std,ECE Flag Cnt,0.5222293751707138,0.5222293751707138
Pkt Len Std,RST Flag Cnt,0.5222188290270262,0.5222188290270262
Flow IAT Std,Bwd IAT Min,0.5172613484475203,0.5172613484475203
Flow IAT Std,Idle Mean,0.5151932589383573,0.5151932589383573
Pkt Len Var,PSH Flag Cnt,0.5144535093584508,0.5144535093584508
Fwd IAT Std,Idle Mean,0.5140505865003296,0.5140505865003296
Fwd Pkt Len Max,PSH Flag Cnt,0.5119591000303564,0.5119591000303564
Bwd IAT Tot,Bwd IAT Mean,0.5119349084780157,0.5119349084780157
Fwd IAT Max,Bwd IAT Max,0.5116734637840568,0.5116734637840568
Flow IAT Mean,Fwd IAT Tot,0.505521664456445,0.505521664456445
Flow Duration,Flow IAT Mean,0.5055213035005902,0.5055213035005902
Flow IAT Std,Fwd IAT Max,0.5020109909025112,0.5020109909025112
Fwd Pkt Len Std,Pkt Size Avg,0.5014466341914504,0.5014466341914504
Flow IAT Std,Idle Min,0.4984783479618155,0.4984783479618155
Fwd IAT Std,Idle Min,0.4967845933350307,0.4967845933350307
Bwd IAT Std,Idle Max,0.49281322169528435,0.49281322169528435
Fwd Pkt Len Std,Init Bwd Win Byts,0.4881421365768509,0.4881421365768509
Bwd Pkt Len Std,Init Bwd Win Byts,0.4878827246072173,0.4878827246072173
Pkt Len Var,Fwd Seg Size Avg,0.48680350623073854,0.48680350623073854
Fwd Pkt Len Mean,Pkt Len Var,0.4868035062307384,0.4868035062307384
PSH Flag Cnt,Init Bwd Win Byts,0.48391237366140266,0.48391237366140266
Bwd IAT Std,Idle Mean,0.4788440555131817,0.4788440555131817
Fwd Pkt Len Std,PSH Flag Cnt,0.4786118493683848,0.4786118493683848
Fwd Seg Size Avg,Init Bwd Win Byts,0.47224647794210384,0.47224647794210384
Fwd Pkt Len Mean,Init Bwd Win Byts,0.4722464779421037,0.4722464779421037
Bwd Pkt Len Mean,PSH Flag Cnt,0.4701191381224438,0.4701191381224438
PSH Flag Cnt,Bwd Seg Size Avg,0.4701191381224438,0.4701191381224438
Pkt Len Mean,PSH Flag Cnt,0.4670938434985674,0.4670938434985674
Bwd IAT Std,Idle Min,0.4614749449786607,0.4614749449786607
Fwd IAT Tot,Fwd IAT Min,0.45552070001588807,0.45552070001588807
Protocol,PSH Flag Cnt,-0.45405004907080404,0.45405004907080404
Flow Duration,Fwd IAT Min,0.45253975826070697,0.45253975826070697
Flow IAT Max,Bwd IAT Std,0.45176004765370376,0.45176004765370376
Flow Byts/s,Fwd Pkts/s,0.4481660476078341,0.4481660476078341
Flow IAT Min,Fwd IAT Tot,0.4459042555798221,0.4459042555798221
Fwd Pkt Len Max,Bwd Seg Size Avg,0.44317652391061546,0.44317652391061546
Fwd Pkt Len Max,Bwd Pkt Len Mean,0.44317652391061535,0.44317652391061535
Flow Duration,Flow IAT Min,0.44290004092048396,0.44290004092048396
Fwd IAT Max,Bwd IAT Std,0.4423984414732087,0.4423984414732087
Bwd Pkt Len Max,ACK Flag Cnt,-0.4353221254485004,0.4353221254485004
Bwd Pkt Len Max,Bwd IAT Tot,0.42793131193513184,0.42793131193513184
PSH Flag Cnt,Pkt Size Avg,0.4243784008385548,0.4243784008385548
Bwd IAT Tot,Idle Max,0.42177901036787496,0.42177901036787496
Bwd Pkt Len Min,PSH Flag Cnt,-0.4200259406272718,0.4200259406272718
Bwd IAT Tot,Pkt Len Max,0.41918933619464166,0.41918933619464166
ACK Flag Cnt,Pkt Size Avg,-0.4181587803706999,0.4181587803706999
ECE Flag Cnt,Init Bwd Win Byts,0.41560634737928054,0.41560634737928054
RST Flag Cnt,Init Bwd Win Byts,0.4155995874893027,0.4155995874893027
Bwd Pkt Len Mean,ACK Flag Cnt,-0.4143896402283334,0.4143896402283334
ACK Flag Cnt,Bwd Seg Size Avg,-0.4143896402283333,0.4143896402283333
Pkt Len Std,Init Bwd Win Byts,0.41387082391388097,0.41387082391388097
Bwd IAT Tot,Idle Mean,0.4125838404745197,0.4125838404745197
Flow Duration,Bwd IAT Mean,0.4087467485248629,0.4087467485248629
Bwd IAT Tot,Pkt Len Std,0.40807210521208664,0.40807210521208664
Flow Byts/s,Flow Pkts/s,0.4072435947422657,0.4072435947422657
Fwd Pkt Len Max,ECE Flag Cnt,0.4031955783682324,0.4031955783682324
Fwd Pkt Len Max,RST Flag Cnt,0.40318667414288684,0.40318667414288684
Bwd IAT Tot,Pkt Len Var,0.4006557017493363,0.4006557017493363
Fwd IAT Tot,Bwd IAT Mean,0.3993365216670839,0.3993365216670839
Protocol,ACK Flag Cnt,-0.39845619383938186,0.39845619383938186
Bwd IAT Mean,Bwd IAT Std,0.39724212383743707,0.39724212383743707
ACK Flag Cnt,Fwd Seg Size Min,0.3957279712734227,0.3957279712734227
Pkt Len Min,PSH Flag Cnt,-0.3951448798179367,0.3951448798179367
Bwd IAT Tot,Idle Min,0.3944534983461753,0.3944534983461753
Fwd Pkts/s,Bwd Pkts/s,0.3935810100017183,0.3935810100017183
Dst Port,URG Flag Cnt,0.38727992177784626,0.38727992177784626
Pkt Len Var,ECE Flag Cnt,0.38504431040315723,0.38504431040315723
Pkt Len Var,RST Flag Cnt,0.3850370196110056,0.3850370196110056
Bwd IAT Max,Bwd IAT Min,0.38133192689376094,0.38133192689376094
Fwd Pkt Len Std,Bwd Seg Size Avg,0.38119171768151483,0.38119171768151483
Fwd Pkt Len Std,Bwd Pkt Len Mean,0.38119171768151483,0.38119171768151483
Bwd Pkt Len Max,Bwd IAT Std,0.3807415647654564,0.3807415647654564
Bwd Pkt Len Std,Bwd IAT Tot,0.38033041569984943,0.38033041569984943
PSH Flag Cnt,Fwd Seg Size Min,0.3800053082200934,0.3800053082200934
Pkt Len Max,ACK Flag Cnt,-0.37914890168179166,0.37914890168179166
Fwd Pkt Len Min,PSH Flag Cnt,-0.37890180142460084,0.37890180142460084
Fwd Pkt Len Mean,PSH Flag Cnt,0.3776465197549785,0.3776465197549785
PSH Flag Cnt,Fwd Seg Size Avg,0.3776465197549783,0.3776465197549783
Flow IAT Max,Bwd IAT Tot,0.37725172350383185,0.37725172350383185
Fwd Pkt Len Std,ECE Flag Cnt,0.3771867405979525,0.3771867405979525
Fwd Pkt Len Std,RST Flag Cnt,0.37717847322783005,0.37717847322783005
Pkt Len Mean,ACK Flag Cnt,-0.376757069600694,0.376757069600694
Bwd IAT Std,Pkt Len Max,0.3758608912862878,0.3758608912862878
Bwd Pkt Len Std,ACK Flag Cnt,-0.37508731956875657,0.37508731956875657
Fwd IAT Max,Bwd IAT Tot,0.3748534427190416,0.3748534427190416
Fwd Seg Size Avg,Bwd Seg Size Avg,0.37438597215395175,0.37438597215395175
Bwd Pkt Len Mean,Fwd Seg Size Avg,0.37438597215395175,0.37438597215395175
Fwd Pkt Len Mean,Bwd Seg Size Avg,0.37438597215395175,0.37438597215395175
Fwd Pkt Len Mean,Bwd Pkt Len Mean,0.3743859721539517,0.3743859721539517
Flow IAT Min,Init Fwd Win Byts,0.37422233691073736,0.37422233691073736
Flow IAT Mean,Init Fwd Win Byts,0.3710961908597441,0.3710961908597441
Bwd IAT Tot,Bwd Seg Size Avg,0.36916507363702333,0.36916507363702333
Bwd Pkt Len Mean,Bwd IAT Tot,0.36916507363702333,0.36916507363702333
Bwd IAT Tot,Pkt Len Mean,0.36879877800629907,0.36879877800629907
Protocol,Bwd Pkt Len Std,-0.3676997254691864,0.3676997254691864
Fwd IAT Min,Init Fwd Win Byts,0.366701231081856,0.366701231081856
Bwd IAT Max,Pkt Len Var,0.3641588696158145,0.3641588696158145
Fwd IAT Mean,Init Fwd Win Byts,0.3637686423062219,0.3637686423062219
Bwd Pkt Len Max,Bwd IAT Max,0.362247905598006,0.362247905598006
Bwd IAT Mean,Idle Max,0.3608547611211063,0.3608547611211063
Bwd IAT Std,Pkt Len Std,0.3605995456778602,0.3605995456778602
Bwd Pkt Len Std,Bwd IAT Std,0.36002175082559124,0.36002175082559124
Bwd Pkt Len Mean,Bwd IAT Max,0.35899353294512504,0.35899353294512504
Bwd IAT Max,Bwd Seg Size Avg,0.3589935329451249,0.3589935329451249
Bwd IAT Max,Pkt Len Std,0.35803590326461887,0.35803590326461887
Bwd Pkts/s,Fwd Seg Size Min,0.356194616521962,0.356194616521962
Pkt Len Std,ACK Flag Cnt,-0.3545404010088818,0.3545404010088818
Fwd Pkt Len Std,Fwd Seg Size Min,0.35436813795097183,0.35436813795097183
Bwd IAT Max,Pkt Len Max,0.35311043029028577,0.35311043029028577
Bwd IAT Max,Pkt Len Mean,0.3530638019221226,0.3530638019221226
Bwd IAT Mean,Idle Mean,0.3519162288375362,0.3519162288375362
Bwd Pkt Len Mean,ECE Flag Cnt,0.35002922754194454,0.35002922754194454
ECE Flag Cnt,Bwd Seg Size Avg,0.3500292275419445,0.3500292275419445
Bwd Pkt Len Mean,RST Flag Cnt,0.35002043436441244,0.35002043436441244
RST Flag Cnt,Bwd Seg Size Avg,0.35002043436441227,0.35002043436441227
Protocol,Fwd Pkt Len Std,-0.3483528848568242,0.3483528848568242
Init Fwd Win Byts,Idle Min,0.34473530603185826,0.34473530603185826
Bwd Pkt Len Min,ACK Flag Cnt,-0.34324374922726075,0.34324374922726075
Pkt Len Min,ACK Flag Cnt,-0.3424939498272083,0.3424939498272083
Init Fwd Win Byts,Idle Mean,0.34196824506025386,0.34196824506025386
Bwd IAT Mean,Idle Min,0.3398722508955455,0.3398722508955455
Bwd Pkt Len Min,Bwd Pkt Len Std,-0.3398353137558625,0.3398353137558625
Pkt Len Mean,ECE Flag Cnt,0.33953520742943416,0.33953520742943416
Pkt Len Mean,RST Flag Cnt,0.33952600746388273,0.33952600746388273
Bwd IAT Std,Pkt Len Var,0.33731646137713794,0.33731646137713794
Init Fwd Win Byts,Idle Max,0.3367677485144039,0.3367677485144039
Fwd IAT Std,Bwd IAT Min,0.3358278427400504,0.3358278427400504
Bwd IAT Tot,Pkt Size Avg,0.3357955020457472,0.3357955020457472
Bwd Pkt Len Std,Bwd IAT Max,0.33292918233081564,0.33292918233081564
Fwd IAT Std,Pkt Len Std,0.3304058713822644,0.3304058713822644
Flow IAT Max,Bwd IAT Mean,0.3280849796296245,0.3280849796296245
Fwd IAT Std,Pkt Len Max,0.32714222470688575,0.32714222470688575
Bwd IAT Max,Pkt Size Avg,0.3271222706689552,0.3271222706689552
Fwd IAT Std,Pkt Len Var,0.32666574954576094,0.32666574954576094
ECE Flag Cnt,Pkt Size Avg,0.32093002502038925,0.32093002502038925
RST Flag Cnt,Pkt Size Avg,0.320920260067824,0.320920260067824
Bwd Pkt Len Std,Pkt Len Min,-0.3201645251184222,0.3201645251184222
ACK Flag Cnt,ECE Flag Cnt,-0.3194485113230932,0.3194485113230932
RST Flag Cnt,ACK Flag Cnt,-0.3194334599503766,0.3194334599503766
Fwd Pkt Len Min,ACK Flag Cnt,-0.31785291892100553,0.31785291892100553
Bwd Pkt Len Max,Fwd IAT Std,0.3176016481169116,0.3176016481169116
Fwd Pkt Len Std,Bwd Pkt Len Min,-0.31684311655859393,0.31684311655859393
Fwd IAT Max,Bwd IAT Mean,0.3158580080428892,0.3158580080428892
Protocol,Pkt Len Max,-0.3137855489376629,0.3137855489376629
Fwd PSH Flags,ACK Flag Cnt,0.3107721185103546,0.3107721185103546
SYN Flag Cnt,ACK Flag Cnt,0.3107721185103546,0.3107721185103546
Bwd Pkt Len Mean,Fwd IAT Std,0.31009128312300205,0.31009128312300205
Fwd IAT Std,Bwd Seg Size Avg,0.31009128312300194,0.31009128312300194
Fwd IAT Std,Pkt Len Mean,0.3087401456146641,0.3087401456146641
Fwd Pkt Len Min,Bwd Pkt Len Std,-0.30667698680055355,0.30667698680055355
Bwd Pkt Len Mean,Bwd IAT Std,0.3052214496476615,0.3052214496476615
Bwd IAT Std,Bwd Seg Size Avg,0.30522144964766146,0.30522144964766146
Fwd Pkt Len Std,Pkt Len Min,-0.30309028236050733,0.30309028236050733
Fwd Pkt Len Mean,ECE Flag Cnt,0.30226446083508074,0.30226446083508074
ECE Flag Cnt,Fwd Seg Size Avg,0.3022644608350807,0.3022644608350807
Fwd Pkt Len Mean,RST Flag Cnt,0.3022547816729361,0.3022547816729361
RST Flag Cnt,Fwd Seg Size Avg,0.3022547816729361,0.3022547816729361
ACK Flag Cnt,URG Flag Cnt,0.3020687792182822,0.3020687792182822
Bwd Pkt Len Std,Fwd IAT Std,0.30204857424319775,0.30204857424319775
Protocol,Pkt Len Std,-0.29978609696287445,0.29978609696287445
Fwd IAT Max,Init Fwd Win Byts,0.29898372246011956,0.29898372246011956
Flow IAT Max,Init Fwd Win Byts,0.29868159827991453,0.29868159827991453
Bwd IAT Max,Idle Std,0.2959921901643586,0.2959921901643586
Flow Duration,Pkt Len Var,0.29575104761037235,0.29575104761037235
ACK Flag Cnt,Fwd Seg Size Avg,-0.2953465786171452,0.2953465786171452
Fwd Pkt Len Mean,ACK Flag Cnt,-0.29534657861714514,0.29534657861714514
Protocol,Init Fwd Win Byts,-0.2950072666422849,0.2950072666422849
PSH Flag Cnt,Init Fwd Win Byts,0.2946573205171055,0.2946573205171055
Bwd IAT Std,Pkt Len Mean,0.2934062002591384,0.2934062002591384
Protocol,Fwd Pkt Len Max,-0.29109482599611125,0.29109482599611125
Fwd IAT Tot,Pkt Len Var,0.2902694073816565,0.2902694073816565
Protocol,Bwd Pkt Len Max,-0.28952799257633216,0.28952799257633216
Fwd Pkt Len Min,Fwd Pkt Len Std,-0.28885226454750695,0.28885226454750695
Bwd IAT Tot,PSH Flag Cnt,0.288527379226158,0.288527379226158
Fwd IAT Std,Pkt Size Avg,0.2879499044743721,0.2879499044743721
Init Fwd Win Byts,Fwd Seg Size Min,0.28588922426871477,0.28588922426871477
Protocol,Down/Up Ratio,0.2850956581482961,0.2850956581482961
Fwd Pkt Len Max,Fwd Seg Size Min,0.2849080584257053,0.2849080584257053
Dst Port,PSH Flag Cnt,-0.28113061145300344,0.28113061145300344
Flow Duration,Bwd Pkt Len Max,0.28023324544354394,0.28023324544354394
Pkt Len Mean,Init Bwd Win Byts,0.2761259702100685,0.2761259702100685
Bwd Pkt Len Max,Fwd IAT Tot,0.2753488506426981,0.2753488506426981
Flow Duration,Pkt Len Max,0.2725114842690808,0.2725114842690808
Flow Pkts/s,Fwd Seg Size Min,0.2714978055316492,0.2714978055316492
Bwd Pkt Len Min,Init Fwd Win Byts,-0.2714058568166313,0.2714058568166313
Bwd IAT Std,Pkt Size Avg,0.26990028929366344,0.26990028929366344
Bwd Pkt Len Min,Pkt Len Max,-0.26834512323135545,0.26834512323135545
Protocol,Pkt Len Var,-0.2683276783203039,0.2683276783203039
Fwd Pkt Len Max,Bwd IAT Tot,0.2681730540864862,0.2681730540864862
Fwd IAT Tot,Pkt Len Max,0.2681324814256507,0.2681324814256507
Protocol,Flow Duration,-0.267548799278616,0.267548799278616
Flow Duration,Pkt Len Std,0.2673342348130362,0.2673342348130362
Pkt Len Min,Pkt Len Std,-0.2672453068055593,0.2672453068055593
Fwd Pkt Len Max,Bwd Pkt Len Min,-0.2652737012243057,0.2652737012243057
Bwd IAT Std,PSH Flag Cnt,0.26438200509977194,0.26438200509977194
Pkt Len Min,Pkt Len Max,-0.26366957394017937,0.26366957394017937
Flow IAT Std,Pkt Len Max,0.2636630624811536,0.2636630624811536
Protocol,Fwd IAT Tot,-0.26322769082571335,0.26322769082571335
Flow IAT Std,Pkt Len Std,0.26320702868202406,0.26320702868202406
Fwd IAT Tot,Pkt Len Std,0.261881867889033,0.261881867889033
Dst Port,Protocol,-0.26149105456485516,0.26149105456485516
Protocol,RST Flag Cnt,-0.2607727686669334,0.2607727686669334
Protocol,ECE Flag Cnt,-0.26076972970230833,0.26076972970230833
Pkt Len Min,Init Fwd Win Byts,-0.2562378678670919,0.2562378678670919
ACK Flag Cnt,Init Bwd Win Byts,-0.25569792258530066,0.25569792258530066
Bwd Pkt Len Max,Flow IAT Std,0.25518270857491304,0.25518270857491304
Flow IAT Std,Pkt Len Var,0.25447755427410446,0.25447755427410446
Pkt Size Avg,Init Bwd Win Byts,0.2531222421755703,0.2531222421755703
Flow Duration,Bwd Pkt Len Std,0.2515537562566842,0.2515537562566842
Fwd Pkt Len Min,Pkt Len Std,-0.2505645749453286,0.2505645749453286
Bwd Pkt Len Max,Pkt Len Min,-0.25033496927524046,0.25033496927524046
Flow IAT Min,ACK Flag Cnt,0.24889884444181154,0.24889884444181154
Bwd Pkt Len Min,Down/Up Ratio,0.24876335856807869,0.24876335856807869
Fwd IAT Min,ACK Flag Cnt,0.24823423005699283,0.24823423005699283
Pkt Len Var,ACK Flag Cnt,-0.24800557095850667,0.24800557095850667
Fwd Pkt Len Min,Pkt Len Max,-0.24795210959221742,0.24795210959221742
Flow IAT Mean,ACK Flag Cnt,0.2475715042341744,0.2475715042341744
Pkt Len Var,Init Bwd Win Byts,0.24674584433050623,0.24674584433050623
Bwd Pkt Len Std,Fwd IAT Tot,0.24582398895079374,0.24582398895079374
Bwd Pkt Len Std,Flow IAT Std,0.24489236928398309,0.24489236928398309
Dst Port,Bwd Pkt Len Min,-0.24434931713801572,0.24434931713801572
Bwd Pkt Len Max,Bwd Pkt Len Min,-0.24414722904719235,0.24414722904719235
Fwd IAT Std,Idle Std,0.2435997423413594,0.2435997423413594
Fwd Pkt Len Min,Init Fwd Win Byts,-0.24334245270055382,0.24334245270055382
Fwd IAT Mean,ACK Flag Cnt,0.2419297214578065,0.2419297214578065
Flow Duration,Bwd Seg Size Avg,0.24153925410503863,0.24153925410503863
Flow Duration,Bwd Pkt Len Mean,0.24153925410503851,0.24153925410503851
Bwd IAT Std,Idle Std,0.24142478027991185,0.24142478027991185
ACK Flag Cnt,Down/Up Ratio,-0.2412963463266105,0.2412963463266105
Bwd Pkt Len Min,RST Flag Cnt,-0.24123183704849693,0.24123183704849693
Bwd Pkt Len Min,ECE Flag Cnt,-0.24122902580780195,0.24122902580780195
Flow Duration,Pkt Len Mean,0.24108414534693293,0.24108414534693293
Fwd Pkt Len Min,Bwd Pkt Len Max,-0.24067813859452458,0.24067813859452458
Bwd Pkt Len Min,Pkt Len Std,-0.23943471568902647,0.23943471568902647
Dst Port,Fwd Seg Size Min,0.2388478460957344,0.2388478460957344
Bwd Pkt Len Min,Pkt Len Var,-0.2381712731617514,0.2381712731617514
Bwd Pkt Len Mean,Fwd IAT Tot,0.23679869849751772,0.23679869849751772
Fwd IAT Tot,Bwd Seg Size Avg,0.23679869849751772,0.23679869849751772
Fwd IAT Tot,Pkt Len Mean,0.23618920591623765,0.23618920591623765
Pkt Len Min,Pkt Len Var,-0.23431612751308878,0.23431612751308878
Protocol,Flow IAT Max,-0.23389615665328886,0.23389615665328886
Protocol,Init Bwd Win Byts,-0.23241340430310153,0.23241340430310153
Bwd IAT Max,PSH Flag Cnt,0.23234199912508346,0.23234199912508346
Bwd Pkt Len Std,Fwd Seg Size Min,0.23217041484815962,0.23217041484815962
Bwd Pkt Len Mean,Flow IAT Std,0.23181136006157466,0.23181136006157466
Flow IAT Std,Bwd Seg Size Avg,0.23181136006157466,0.23181136006157466
Flow IAT Std,Pkt Len Mean,0.23096642866061995,0.23096642866061995
Fwd Pkt Len Max,Pkt Len Min,-0.2299519336905787,0.2299519336905787
Flow IAT Std,Idle Std,0.22994612749970156,0.22994612749970156
Protocol,Fwd IAT Max,-0.22903329465998792,0.22903329465998792
Pkt Len Min,RST Flag Cnt,-0.2269419958120542,0.2269419958120542
Pkt Len Min,ECE Flag Cnt,-0.22693935110072436,0.22693935110072436
Pkt Len Min,Down/Up Ratio,0.22531185211499014,0.22531185211499014
Pkt Len Max,Fwd Seg Size Min,0.22349527658796015,0.22349527658796015
Dst Port,Pkt Len Min,-0.2230966137772941,0.2230966137772941
Bwd Seg Size Avg,Init Bwd Win Byts,0.22275697400049194,0.22275697400049194
Bwd Pkt Len Mean,Init Bwd Win Byts,0.22275697400049194,0.22275697400049194
Dst Port,Bwd Pkt Len Mean,-0.2223936534405514,0.2223936534405514
Dst Port,Bwd Seg Size Avg,-0.22239365344055131,0.22239365344055131
Bwd IAT Min,Idle Max,0.22084738182052727,0.22084738182052727
Fwd Pkt Len Min,Down/Up Ratio,0.22021313868170217,0.22021313868170217
Dst Port,Fwd Pkts/s,0.22004228063227818,0.22004228063227818
Fwd Pkt Len Min,Pkt Len Var,-0.21914151394797465,0.21914151394797465
Bwd IAT Min,Idle Mean,0.21773498783440468,0.21773498783440468
Fwd Pkt Len Min,RST Flag Cnt,-0.2176131728486549,0.2176131728486549
Fwd Pkt Len Min,ECE Flag Cnt,-0.21761063685252066,0.21761063685252066
Flow Duration,Idle Std,0.21682551096400535,0.21682551096400535
Pkt Len Std,Fwd Seg Size Min,0.21626469330853676,0.21626469330853676
Dst Port,Bwd Pkt Len Max,-0.21592480106701956,0.21592480106701956
Bwd IAT Min,SYN Flag Cnt,0.21403512999234375,0.21403512999234375
Bwd IAT Min,Fwd PSH Flags,0.21403512999234375,0.21403512999234375
Fwd Pkt Len Max,ACK Flag Cnt,-0.21385421500743385,0.21385421500743385
Bwd IAT Min,Idle Min,0.2138254289309296,0.2138254289309296
Idle Std,Idle Max,0.2130853544478362,0.2130853544478362
Flow IAT Std,Pkt Size Avg,0.21222621824164778,0.21222621824164778
Bwd Pkt Len Min,Init Bwd Win Byts,-0.21139643247555504,0.21139643247555504
Fwd Pkt Len Max,Fwd Pkt Len Min,-0.21078940938038598,0.21078940938038598
Fwd IAT Tot,Idle Std,0.2100305361709864,0.2100305361709864
Flow Duration,Active Max,0.20980916798817428,0.20980916798817428
Fwd IAT Tot,Active Max,0.207920244482329,0.207920244482329
Bwd Header Len,Pkt Len Mean,0.20599527955847205,0.20599527955847205
Protocol,Idle Max,-0.20456976998267976,0.20456976998267976
Dst Port,Fwd Pkt Len Min,-0.20447490126718323,0.20447490126718323
Fwd Pkt Len Max,Fwd IAT Std,0.20391330870872698,0.20391330870872698
Protocol,Idle Mean,-0.20360669731467776,0.20360669731467776
Flow Duration,Pkt Size Avg,0.20300961179746566,0.20300961179746566
Pkt Len Mean,Subflow Bwd Pkts,0.2026716103326207,0.2026716103326207
Tot Bwd Pkts,Pkt Len Mean,0.20267161033262068,0.20267161033262068
Pkt Len Min,Init Bwd Win Byts,-0.20226128167226584,0.20226128167226584
Flow IAT Max,Bwd IAT Min,0.20181865749793668,0.20181865749793668
Bwd IAT Mean,Fwd PSH Flags,0.20111292560592148,0.20111292560592148
Bwd IAT Mean,SYN Flag Cnt,0.20111292560592148,0.20111292560592148
Protocol,Idle Min,-0.20023439491995396,0.20023439491995396
Fwd Pkt Len Max,Bwd IAT Std,0.20019741174766978,0.20019741174766978
Fwd IAT Tot,Pkt Size Avg,0.1985593525447744,0.1985593525447744
Flow Byts/s,Fwd PSH Flags,0.19583857157818177,0.19583857157818177
Flow Byts/s,SYN Flag Cnt,0.19583857157818177,0.19583857157818177
Bwd Header Len,Pkt Size Avg,0.19466932605133902,0.19466932605133902
Fwd Pkt Len Min,Init Bwd Win Byts,-0.19378288667917576,0.19378288667917576
Flow IAT Max,Idle Std,0.1932980617586314,0.1932980617586314
Tot Bwd Pkts,Pkt Size Avg,0.19187209857319285,0.19187209857319285
Pkt Size Avg,Subflow Bwd Pkts,0.19187209857319285,0.19187209857319285
Fwd IAT Max,Bwd IAT Min,0.19154700995592866,0.19154700995592866
Fwd Pkt Len Std,Bwd IAT Tot,0.1911057499137154,0.1911057499137154
Fwd IAT Max,Idle Std,0.1891863764591762,0.1891863764591762
Flow Duration,Bwd Pkt Len Min,-0.1880051915483981,0.1880051915483981
Bwd Pkt Len Std,Init Fwd Win Byts,0.18728831282247252,0.18728831282247252
Protocol,Fwd IAT Mean,-0.1868337754994502,0.1868337754994502
Active Std,Idle Std,0.1864014271529231,0.1864014271529231
Bwd IAT Tot,Idle Std,0.18613290682317085,0.18613290682317085
Dst Port,Pkt Size Avg,-0.18546162149417544,0.18546162149417544
Bwd IAT Tot,ECE Flag Cnt,0.18466693868123352,0.18466693868123352
Bwd IAT Tot,RST Flag Cnt,0.18466291074439276,0.18466291074439276
Bwd IAT Std,ECE Flag Cnt,0.18414197044401925,0.18414197044401925
Bwd IAT Std,RST Flag Cnt,0.18413831422987345,0.18413831422987345
Bwd Pkt Len Min,Fwd IAT Tot,-0.18389454006258893,0.18389454006258893
Pkt Len Var,Fwd Seg Size Min,0.18356292596680598,0.18356292596680598
Fwd IAT Min,Pkt Size Avg,-0.18194810101985776,0.18194810101985776
ECE Flag Cnt,Init Fwd Win Byts,0.18191792123326958,0.18191792123326958
RST Flag Cnt,Init Fwd Win Byts,0.18191708039734053,0.18191708039734053
Flow IAT Min,Fwd Seg Size Avg,-0.18142194610454043,0.18142194610454043
Fwd Pkt Len Mean,Flow IAT Min,-0.1814219461045404,0.1814219461045404
Pkt Len Mean,Subflow Bwd Byts,0.18137815172695695,0.18137815172695695
TotLen Bwd Pkts,Pkt Len Mean,0.18137815172695693,0.18137815172695693
Flow IAT Min,Pkt Size Avg,-0.18124712259449421,0.18124712259449421
Down/Up Ratio,Fwd Seg Size Min,-0.180834831376528,0.180834831376528
Fwd Pkts/s,Fwd Seg Size Min,0.1806085293303643,0.1806085293303643
Active Max,Idle Std,0.18042457496612263,0.18042457496612263
Fwd IAT Min,Fwd Seg Size Avg,-0.18033010014129283,0.18033010014129283
Fwd Pkt Len Mean,Fwd IAT Min,-0.18033010014129278,0.18033010014129278
Fwd Pkt Len Std,Fwd IAT Std,0.18013690545320774,0.18013690545320774
Fwd IAT Min,PSH Flag Cnt,-0.1796667526029893,0.1796667526029893
Fwd Pkt Len Max,Bwd IAT Max,0.17826812429769845,0.17826812429769845
Protocol,Flow IAT Mean,-0.1781097953313723,0.1781097953313723
Fwd IAT Std,PSH Flag Cnt,0.17758054462614678,0.17758054462614678
Flow IAT Min,PSH Flag Cnt,-0.1770175032785511,0.1770175032785511
Dst Port,Flow Pkts/s,0.17572382195655023,0.17572382195655023
Bwd Header Len,Bwd Seg Size Avg,0.17420626241711784,0.17420626241711784
Bwd Pkt Len Mean,Bwd Header Len,0.17420626241711767,0.17420626241711767
Fwd PSH Flags,PSH Flag Cnt,-0.17292151135623876,0.17292151135623876
SYN Flag Cnt,PSH Flag Cnt,-0.17292151135623876,0.17292151135623876
TotLen Bwd Pkts,Pkt Size Avg,0.1720987763462998,0.1720987763462998
Pkt Size Avg,Subflow Bwd Byts,0.1720987763462998,0.1720987763462998
Flow IAT Mean,Fwd Seg Size Avg,-0.17176006544604022,0.17176006544604022
Fwd Pkt Len Mean,Flow IAT Mean,-0.1717600654460402,0.1717600654460402
Bwd Seg Size Avg,Subflow Bwd Pkts,0.17165901275203546,0.17165901275203546
Tot Bwd Pkts,Bwd Seg Size Avg,0.17165901275203543,0.17165901275203543
Bwd Pkt Len Mean,Subflow Bwd Pkts,0.1716590127520353,0.1716590127520353
Tot Bwd Pkts,Bwd Pkt Len Mean,0.1716590127520353,0.1716590127520353
Fwd IAT Tot,Active Std,0.1711893799407971,0.1711893799407971
Flow Duration,Active Std,0.17096700909316073,0.17096700909316073
Fwd IAT Min,Pkt Len Max,-0.1704099191808499,0.1704099191808499
Bwd IAT Tot,Bwd IAT Min,0.170223864795609,0.170223864795609
Flow Duration,Init Fwd Win Byts,0.17010553707965959,0.17010553707965959
Fwd IAT Tot,Init Fwd Win Byts,0.1696527623461941,0.1696527623461941
Flow Duration,Active Mean,0.16938012667317892,0.16938012667317892
Flow IAT Min,Pkt Len Max,-0.16867856923847058,0.16867856923847058
Flow IAT Mean,Pkt Size Avg,-0.1682802930714411,0.1682802930714411
Fwd IAT Min,Pkt Len Std,-0.16822054234945677,0.16822054234945677
PSH Flag Cnt,URG Flag Cnt,-0.1680821936998853,0.1680821936998853
Flow Duration,Pkt Len Min,-0.16768243542311714,0.16768243542311714
Flow IAT Min,Pkt Len Std,-0.1668167876884421,0.1668167876884421
Fwd IAT Tot,Active Mean,0.16674682972742388,0.16674682972742388
Dst Port,Bwd Pkt Len Std,-0.16583888107092742,0.16583888107092742
Fwd IAT Min,Pkt Len Mean,-0.165413251751942,0.165413251751942
Flow IAT Std,SYN Flag Cnt,0.16520313364304004,0.16520313364304004
Flow IAT Std,Fwd PSH Flags,0.16520313364304004,0.16520313364304004
Flow IAT Min,Pkt Len Mean,-0.16463921682827076,0.16463921682827076
Protocol,Bwd IAT Tot,-0.16443803167811438,0.16443803167811438
Fwd Pkt Len Max,Flow IAT Std,0.1638285103638504,0.1638285103638504
Fwd IAT Tot,Pkt Len Min,-0.16376079115542613,0.16376079115542613
Dst Port,Pkt Len Mean,-0.16348844891125391,0.16348844891125391
Flow IAT Mean,PSH Flag Cnt,-0.16328126576803903,0.16328126576803903
Fwd IAT Std,Fwd PSH Flags,0.1628209333438601,0.1628209333438601
Fwd IAT Std,SYN Flag Cnt,0.1628209333438601,0.1628209333438601
Bwd Pkt Len Max,Fwd IAT Min,-0.1622472554783465,0.1622472554783465
Protocol,Flow IAT Min,-0.16188166946038443,0.16188166946038443
Bwd Pkt Len Max,Fwd Seg Size Min,0.16169369583782411,0.16169369583782411
URG Flag Cnt,Pkt Size Avg,-0.16130050382684138,0.16130050382684138
Flow Duration,Fwd Pkt Len Max,0.1611281193294607,0.1611281193294607
Protocol,Fwd IAT Min,-0.16092582928187402,0.16092582928187402
Bwd Pkt Len Min,Flow IAT Max,-0.16070124476558112,0.16070124476558112
Flow Duration,Fwd Pkt Len Min,-0.16060896825234353,0.16060896825234353
Bwd IAT Max,ECE Flag Cnt,0.16026478106594194,0.16026478106594194
Bwd IAT Max,RST Flag Cnt,0.16026128977958295,0.16026128977958295
Bwd Pkt Len Max,Flow IAT Min,-0.16014688343647104,0.16014688343647104
Fwd IAT Max,ACK Flag Cnt,0.1596537771005591,0.1596537771005591
Fwd Pkt Len Max,Fwd IAT Tot,0.15961688020736234,0.15961688020736234
Fwd IAT Mean,Fwd Seg Size Avg,-0.1595541501063759,0.1595541501063759
Fwd Pkt Len Mean,Fwd IAT Mean,-0.1595541501063759,0.1595541501063759
Flow IAT Std,PSH Flag Cnt,0.15797908527146307,0.15797908527146307
Fwd Pkt Len Std,Bwd IAT Std,0.15769062031122363,0.15769062031122363
Bwd Pkt Len Mean,Fwd IAT Min,-0.15707971922486305,0.15707971922486305
Fwd IAT Min,Bwd Seg Size Avg,-0.157079719224863,0.157079719224863
Fwd Pkt Len Min,Fwd IAT Tot,-0.15686377896199571,0.15686377896199571
Bwd Pkt Len Min,Fwd IAT Max,-0.15604166157553453,0.15604166157553453
Flow IAT Min,Bwd Seg Size Avg,-0.15564556177890335,0.15564556177890335
Bwd Pkt Len Mean,Flow IAT Min,-0.15564556177890332,0.15564556177890332
Flow IAT Max,Pkt Len Var,0.1541445111374124,0.1541445111374124
Flow IAT Max,ACK Flag Cnt,0.15397741102543983,0.15397741102543983
Bwd Seg Size Avg,Subflow Bwd Byts,0.1538146138911397,0.1538146138911397
TotLen Bwd Pkts,Bwd Seg Size Avg,0.15381461389113968,0.15381461389113968
TotLen Bwd Pkts,Bwd Pkt Len Mean,0.15381461389113957,0.15381461389113957
Bwd Pkt Len Mean,Subflow Bwd Byts,0.15381461389113957,0.15381461389113957
Active Std,Active Min,0.15264636873342205,0.15264636873342205
URG Flag Cnt,Fwd Seg Size Avg,-0.1519136053602473,0.1519136053602473
Fwd Pkt Len Mean,URG Flag Cnt,-0.1519136053602473,0.1519136053602473
Protocol,Fwd IAT Std,-0.15189502677222946,0.15189502677222946
Flow Pkts/s,Pkt Size Avg,-0.15088469028996002,0.15088469028996002
Flow IAT Mean,Pkt Len Mean,-0.149895135947508,0.149895135947508
Fwd IAT Mean,PSH Flag Cnt,-0.14960947501771846,0.14960947501771846
Active Mean,Idle Std,0.1495695080953834,0.1495695080953834
Protocol,Flow IAT Std,-0.14938191638899503,0.14938191638899503
Fwd IAT Max,Pkt Len Var,0.1493742283010218,0.1493742283010218
Flow Pkts/s,Fwd Seg Size Avg,-0.14895554988837076,0.14895554988837076
Fwd Pkt Len Mean,Flow Pkts/s,-0.14895554988837076,0.14895554988837076
Flow IAT Max,Pkt Len Min,-0.1489148711735896,0.1489148711735896
Bwd Pkt Len Max,Init Fwd Win Byts,0.1483942902130541,0.1483942902130541
Fwd Pkt Len Max,Fwd IAT Min,-0.14800832091062618,0.14800832091062618
Flow IAT Mean,Pkt Len Max,-0.1476827982707805,0.1476827982707805
Flow IAT Mean,Pkt Len Std,-0.14745231853618715,0.14745231853618715
Fwd IAT Mean,Pkt Size Avg,-0.14724864884383945,0.14724864884383945
Fwd Pkt Len Max,Flow IAT Min,-0.14697916539502298,0.14697916539502298
Fwd Pkt Len Std,Flow IAT Std,0.14682597499099628,0.14682597499099628
Bwd Pkt Len Std,Fwd IAT Min,-0.14678516953453935,0.14678516953453935
Flow Pkts/s,Pkt Len Max,-0.14610595788871075,0.14610595788871075
Bwd Pkts/s,Init Fwd Win Byts,0.1461038043222339,0.1461038043222339
Flow Duration,PSH Flag Cnt,0.14603251665009995,0.14603251665009995
Pkt Len Mean,URG Flag Cnt,-0.1460043530640998,0.1460043530640998
Pkt Len Max,URG Flag Cnt,-0.14501680561269797,0.14501680561269797
Pkt Len Max,Init Fwd Win Byts,0.14484748700686725,0.14484748700686725
Bwd Pkt Len Std,Flow IAT Min,-0.14473138566394586,0.14473138566394586
Fwd IAT Max,Pkt Len Min,-0.14448320142573856,0.14448320142573856
Pkt Len Var,Idle Max,0.14391875596155743,0.14391875596155743
Pkt Len Std,Init Fwd Win Byts,0.1438210405880811,0.1438210405880811
Down/Up Ratio,Pkt Size Avg,0.14289263065817406,0.14289263065817406
Fwd Pkt Len Min,Flow IAT Max,-0.14270526701367434,0.14270526701367434
Pkt Len Std,URG Flag Cnt,-0.14254256076994234,0.14254256076994234
Bwd IAT Tot,Pkt Len Min,-0.14235600473922236,0.14235600473922236
Bwd Pkt Len Mean,Flow IAT Mean,-0.14214830025213,0.14214830025213
Flow IAT Mean,Bwd Seg Size Avg,-0.14214830025212993,0.14214830025212993
Bwd Pkt Len Max,URG Flag Cnt,-0.14198689429539607,0.14198689429539607
Flow Pkts/s,Pkt Len Std,-0.14187184711660597,0.14187184711660597
Bwd IAT Mean,Idle Std,0.14115779272405285,0.14115779272405285
Protocol,Bwd IAT Std,-0.14113225205240873,0.14113225205240873
Bwd Pkt Len Max,Flow Pkts/s,-0.14079955361832197,0.14079955361832197
Bwd Pkt Len Mean,URG Flag Cnt,-0.14065438123825688,0.14065438123825688
URG Flag Cnt,Bwd Seg Size Avg,-0.14065438123825688,0.14065438123825688
Bwd Pkt Len Max,Flow IAT Mean,-0.14033647498318294,0.14033647498318294
Protocol,Bwd IAT Max,-0.14018037886810733,0.14018037886810733
Fwd Pkt Len Mean,Fwd IAT Std,0.1393431601815507,0.1393431601815507
Fwd IAT Std,Fwd Seg Size Avg,0.1393431601815507,0.1393431601815507
Fwd Pkt Len Std,Init Fwd Win Byts,0.1390496794015321,0.1390496794015321
Pkt Len Var,Idle Mean,0.1390117099624985,0.1390117099624985
Flow Pkts/s,Pkt Len Mean,-0.13850016426201497,0.13850016426201497
Fwd Pkt Len Min,Fwd IAT Max,-0.1384652612472353,0.1384652612472353
Fwd Pkt Len Std,Fwd IAT Min,-0.137249007348093,0.137249007348093
Fwd IAT Tot,PSH Flag Cnt,0.13710001090723284,0.13710001090723284
Fwd Pkt Len Std,Flow IAT Min,-0.13696460963169815,0.13696460963169815
Bwd Pkt Len Mean,Flow Pkts/s,-0.1359385828693376,0.1359385828693376
Flow Pkts/s,Bwd Seg Size Avg,-0.1359385828693376,0.1359385828693376
Fwd Pkt Len Min,Bwd IAT Tot,-0.13592514572087797,0.13592514572087797
Bwd Pkt Len Max,Fwd PSH Flags,-0.13440035071079265,0.13440035071079265
Bwd Pkt Len Max,SYN Flag Cnt,-0.13440035071079265,0.13440035071079265
Dst Port,ECE Flag Cnt,-0.13362701207354705,0.13362701207354705
Dst Port,RST Flag Cnt,-0.13360396103066646,0.13360396103066646
Flow Duration,Bwd IAT Min,0.13359509230437394,0.13359509230437394
Fwd Pkt Len Std,Bwd IAT Max,0.13240767560318967,0.13240767560318967
Flow IAT Std,Fwd IAT Mean,0.13228389259116888,0.13228389259116888
Fwd IAT Mean,Bwd IAT Mean,0.13187690515862543,0.13187690515862543
Bwd Pkt Len Min,Bwd IAT Tot,-0.13174377869018525,0.13174377869018525
Dst Port,Fwd Pkt Len Std,0.13164588249104506,0.13164588249104506
Dst Port,SYN Flag Cnt,0.131535262378665,0.131535262378665
Dst Port,Fwd PSH Flags,0.131535262378665,0.131535262378665
Fwd Pkt Len Max,Flow IAT Mean,-0.13151829444944585,0.13151829444944585
Tot Bwd Pkts,Down/Up Ratio,0.13113675288383128,0.13113675288383128
Down/Up Ratio,Subflow Bwd Pkts,0.13113675288383128,0.13113675288383128
Pkt Len Min,Idle Min,-0.13052627061031533,0.13052627061031533
Bwd Pkt Len Min,Fwd IAT Mean,-0.13036650733741564,0.13036650733741564
Pkt Len Var,Idle Min,0.13006349410604945,0.13006349410604945
Bwd Pkt Len Min,Idle Max,-0.12997878913577315,0.12997878913577315
Bwd Header Len,Down/Up Ratio,0.12989761678135694,0.12989761678135694
Bwd Pkts/s,Pkt Size Avg,-0.12982121620889822,0.12982121620889822
Idle Mean,Idle Std,0.12917701016362726,0.12917701016362726
Bwd Header Len,Pkt Len Var,0.12915129988298618,0.12915129988298618
Fwd Pkts/s,Pkt Size Avg,-0.12886200307640408,0.12886200307640408
Bwd Pkt Len Min,Idle Mean,-0.12856669925827366,0.12856669925827366
Bwd IAT Tot,ACK Flag Cnt,-0.12851095637356338,0.12851095637356338
Flow Byts/s,Bwd Pkts/s,0.12824458347188994,0.12824458347188994
Dst Port,Down/Up Ratio,-0.1281637897642686,0.1281637897642686
Bwd Pkt Len Min,Bwd IAT Std,-0.12800361513948214,0.12800361513948214
Fwd Pkt Len Mean,Fwd Pkts/s,-0.12758887411119527,0.12758887411119527
Fwd Pkts/s,Fwd Seg Size Avg,-0.12758887411119527,0.12758887411119527
Pkt Len Min,Idle Mean,-0.12756388216358325,0.12756388216358325
Fwd IAT Mean,Pkt Len Mean,-0.12736541365013576,0.12736541365013576
Fwd Pkt Len Mean,Bwd Pkts/s,-0.1272188372368257,0.1272188372368257
Bwd Pkts/s,Fwd Seg Size Avg,-0.1272188372368257,0.1272188372368257
Fwd IAT Tot,Bwd IAT Min,0.1271951006252221,0.1271951006252221
Bwd Pkt Len Std,Flow Pkts/s,-0.1271943416254038,0.1271943416254038
Fwd Pkt Len Std,ACK Flag Cnt,-0.12706118460907145,0.12706118460907145
Bwd Pkts/s,PSH Flag Cnt,0.12684357948914937,0.12684357948914937
Bwd Pkt Len Std,SYN Flag Cnt,-0.12678252661495537,0.12678252661495537
Bwd Pkt Len Std,Fwd PSH Flags,-0.12678252661495537,0.12678252661495537
Bwd Pkt Len Std,Flow IAT Mean,-0.12633110519859445,0.12633110519859445
Fwd Pkts/s,Pkt Len Max,-0.1262091073632998,0.1262091073632998
Bwd Pkt Len Std,URG Flag Cnt,-0.1261666411986813,0.1261666411986813
Bwd Pkt Len Min,Flow IAT Mean,-0.1259305729881373,0.1259305729881373
Dst Port,Bwd IAT Tot,-0.12589928077713425,0.12589928077713425
Bwd Pkt Len Max,Bwd IAT Mean,0.12569657177805998,0.12569657177805998
Bwd Pkt Len Min,Idle Min,-0.12544587767314427,0.12544587767314427
Fwd PSH Flags,Pkt Len Max,-0.12523494160945425,0.12523494160945425
Pkt Len Max,SYN Flag Cnt,-0.12523494160945425,0.12523494160945425
Fwd Pkt Len Max,Flow Pkts/s,-0.12516356401882311,0.12516356401882311
Fwd Pkt Len Min,Idle Min,-0.12490094020566153,0.12490094020566153
Dst Port,Pkt Len Max,-0.12485792164481978,0.12485792164481978
Bwd IAT Std,ACK Flag Cnt,-0.12442511758845415,0.12442511758845415
Down/Up Ratio,Init Bwd Win Byts,-0.12407998701775856,0.12407998701775856
Protocol,SYN Flag Cnt,-0.1239926047844778,0.1239926047844778
Protocol,Fwd PSH Flags,-0.1239926047844778,0.1239926047844778
RST Flag Cnt,Fwd Seg Size Min,0.12379092919168966,0.12379092919168966
ECE Flag Cnt,Fwd Seg Size Min,0.12378514243817317,0.12378514243817317
Pkt Len Mean,Idle Std,0.12368294986019825,0.12368294986019825
Fwd Pkt Len Std,Flow IAT Mean,-0.12340091178877517,0.12340091178877517
Bwd IAT Std,Pkt Len Min,-0.12332622386514851,0.12332622386514851
Bwd IAT Mean,Pkt Len Max,0.1233193687163268,0.1233193687163268
Pkt Len Var,Subflow Bwd Pkts,0.12301923815206378,0.12301923815206378
Tot Bwd Pkts,Pkt Len Var,0.12301923815206375,0.12301923815206375
Bwd Pkt Len Max,Fwd Pkts/s,-0.12242555011551161,0.12242555011551161
Bwd Pkts/s,Pkt Len Max,-0.12228498264185114,0.12228498264185114
Fwd Pkt Len Min,Idle Mean,-0.12212889522541195,0.12212889522541195
Fwd Pkts/s,Pkt Len Std,-0.12211672722111164,0.12211672722111164
Fwd IAT Mean,Bwd IAT Min,0.12186213882957844,0.12186213882957844
Fwd IAT Mean,Pkt Len Std,-0.12134689987612331,0.12134689987612331
Bwd IAT Max,Pkt Len Min,-0.12088840555076508,0.12088840555076508
Fwd IAT Mean,Pkt Len Max,-0.12068169296689416,0.12068169296689416
Pkt Len Min,Idle Max,-0.12056616305941152,0.12056616305941152
Protocol,URG Flag Cnt,-0.12052898638005198,0.12052898638005198
Fwd Pkt Len Max,URG Flag Cnt,-0.12025551922612997,0.12025551922612997
Bwd Pkt Len Mean,Fwd IAT Mean,-0.12011127227216228,0.12011127227216228
Fwd IAT Mean,Bwd Seg Size Avg,-0.12011127227216228,0.12011127227216228
Bwd Pkts/s,Pkt Len Std,-0.11982929387376612,0.11982929387376612
Flow Duration,Active Min,0.1196637029158743,0.1196637029158743
Fwd Pkts/s,Pkt Len Mean,-0.1186691566652221,0.1186691566652221
Bwd Pkt Len Mean,Fwd Pkts/s,-0.11844911363675761,0.11844911363675761
Fwd Pkts/s,Bwd Seg Size Avg,-0.1184491136367576,0.1184491136367576
Down/Up Ratio,Bwd Seg Size Avg,0.11840610166117034,0.11840610166117034
Bwd Pkt Len Mean,Down/Up Ratio,0.11840610166117033,0.11840610166117033
Fwd IAT Mean,Down/Up Ratio,-0.11836082483233636,0.11836082483233636
Flow IAT Mean,Down/Up Ratio,-0.11835995533011685,0.11835995533011685
Bwd Pkts/s,Pkt Len Mean,-0.11832972455230961,0.11832972455230961
Fwd Pkt Len Min,Bwd IAT Std,-0.11801548328761867,0.11801548328761867
Bwd Pkt Len Min,Flow IAT Min,-0.11799953722494588,0.11799953722494588
Pkt Len Mean,Down/Up Ratio,0.11775627980099475,0.11775627980099475
Bwd Pkt Len Min,Fwd IAT Min,-0.11712271653024527,0.11712271653024527
ACK Flag Cnt,Idle Min,0.11705966688808714,0.11705966688808714
Fwd IAT Tot,Active Min,0.11643079305412936,0.11643079305412936
Bwd Pkt Len Max,Bwd Pkts/s,-0.11599752049026521,0.11599752049026521
Fwd IAT Std,ECE Flag Cnt,0.11596679013512129,0.11596679013512129
Fwd IAT Std,RST Flag Cnt,0.11596349955284026,0.11596349955284026
Fwd Pkt Len Min,Fwd Seg Size Avg,0.11566933768239968,0.11566933768239968
Fwd Pkt Len Min,Fwd Pkt Len Mean,0.11566933768239968,0.11566933768239968
Fwd Pkt Len Min,Idle Max,-0.11551853477535383,0.11551853477535383
Pkt Size Avg,Idle Std,0.11528056049570565,0.11528056049570565
Fwd Pkt Len Min,Bwd IAT Max,-0.11524357453714988,0.11524357453714988
Fwd Pkts/s,ACK Flag Cnt,0.11500599205593838,0.11500599205593838
Flow IAT Min,Down/Up Ratio,-0.11495162990023967,0.11495162990023967
URG Flag Cnt,Fwd Seg Size Min,0.11443448746747047,0.11443448746747047
Bwd Pkt Len Max,Fwd IAT Mean,-0.11428833596662351,0.11428833596662351
Init Fwd Win Byts,Init Bwd Win Byts,0.11394362779864357,0.11394362779864357
ACK Flag Cnt,Idle Mean,0.11367659101198696,0.11367659101198696
SYN Flag Cnt,Bwd Seg Size Avg,-0.11343003389850173,0.11343003389850173
Fwd PSH Flags,Bwd Seg Size Avg,-0.11343003389850173,0.11343003389850173
Bwd Pkt Len Mean,Fwd PSH Flags,-0.11343003389850172,0.11343003389850172
Bwd Pkt Len Mean,SYN Flag Cnt,-0.11343003389850172,0.11343003389850172
Fwd Pkt Len Std,Flow Pkts/s,-0.11328963782191839,0.11328963782191839
Bwd Pkt Len Mean,Flow IAT Max,0.11249064524446567,0.11249064524446567
Flow IAT Max,Bwd Seg Size Avg,0.11249064524446564,0.11249064524446564
Fwd IAT Min,Pkt Len Var,-0.11215744292510502,0.11215744292510502
Fwd Pkt Len Max,Fwd IAT Mean,-0.11192649330713234,0.11192649330713234
Fwd Pkt Len Min,Pkt Size Avg,0.11184969115334788,0.11184969115334788
Pkt Len Var,Init Fwd Win Byts,0.11183402755237036,0.11183402755237036
Fwd IAT Min,Down/Up Ratio,-0.11180278804790975,0.11180278804790975
Bwd Pkt Len Min,URG Flag Cnt,-0.11149718182112023,0.11149718182112023
Bwd Pkt Len Mean,Bwd Pkts/s,-0.11143515334621724,0.11143515334621724
Bwd Pkts/s,Bwd Seg Size Avg,-0.1114351533462172,0.1114351533462172
Flow IAT Min,Pkt Len Var,-0.11072794149472792,0.11072794149472792
Bwd Pkt Len Std,Fwd Pkts/s,-0.11067279190373144,0.11067279190373144
Fwd IAT Mean,Pkt Len Min,-0.1105853813221282,0.1105853813221282
Dst Port,Pkt Len Std,-0.11009360920457138,0.11009360920457138
ACK Flag Cnt,Idle Max,0.1097436459719047,0.1097436459719047
Bwd Pkt Len Mean,Idle Max,0.10971621467569623,0.10971621467569623
Bwd Seg Size Avg,Idle Max,0.10971621467569619,0.10971621467569619
Pkt Len Std,SYN Flag Cnt,-0.10897911314452988,0.10897911314452988
Fwd PSH Flags,Pkt Len Std,-0.10897911314452988,0.10897911314452988
Bwd IAT Mean,Pkt Len Std,0.10877250384627134,0.10877250384627134
Fwd Pkt Len Max,Init Fwd Win Byts,0.10863604233053846,0.10863604233053846
Bwd Pkt Len Mean,Fwd IAT Max,0.10832502050590007,0.10832502050590007
Fwd IAT Max,Bwd Seg Size Avg,0.10832502050590004,0.10832502050590004
Flow IAT Std,Fwd Seg Size Avg,0.10824091006159119,0.10824091006159119
Fwd Pkt Len Mean,Flow IAT Std,0.10824091006159116,0.10824091006159116
Fwd Pkt Len Mean,Bwd IAT Std,0.10819390600017945,0.10819390600017945
Bwd IAT Std,Fwd Seg Size Avg,0.10819390600017943,0.10819390600017943
Protocol,Flow Pkts/s,-0.10770964852393847,0.10770964852393847
Fwd Pkt Len Max,Fwd Pkts/s,-0.10746336703655944,0.10746336703655944
Fwd Pkts/s,SYN Flag Cnt,0.10714104835967032,0.10714104835967032
Fwd PSH Flags,Fwd Pkts/s,0.10714104835967032,0.10714104835967032
Bwd Pkt Len Std,Bwd IAT Mean,0.10710404127469599,0.10710404127469599
Fwd Pkt Len Std,Fwd IAT Mean,-0.10655693180984631,0.10655693180984631
Fwd Pkt Len Std,URG Flag Cnt,-0.10648078329382829,0.10648078329382829
Fwd Pkt Len Max,Bwd Pkts/s,-0.10646120501910313,0.10646120501910313
Init Bwd Win Byts,Fwd Seg Size Min,0.10617757276276694,0.10617757276276694
Flow IAT Max,Pkt Len Mean,0.1058367959963254,0.1058367959963254
Fwd Pkt Len Min,Fwd IAT Mean,-0.10582158770162917,0.10582158770162917
Bwd Pkt Len Std,Bwd Pkts/s,-0.10471555305092412,0.10471555305092412
Bwd Pkt Len Mean,Idle Mean,0.10451746470042222,0.10451746470042222
Bwd Seg Size Avg,Idle Mean,0.10451746470042222,0.10451746470042222
Fwd IAT Std,Pkt Len Min,-0.10437918737061871,0.10437918737061871
Fwd IAT Min,RST Flag Cnt,-0.1034703919809462,0.1034703919809462
Fwd IAT Min,ECE Flag Cnt,-0.103469170346613,0.103469170346613
Flow Duration,Fwd Pkt Len Std,0.10343060397502822,0.10343060397502822
Flow IAT Mean,Pkt Len Min,-0.10278579283387283,0.10278579283387283
Bwd Pkt Len Std,Fwd IAT Mean,-0.10274173457083059,0.10274173457083059
Init Bwd Win Byts,Idle Max,-0.10245970488945323,0.10245970488945323
Pkt Len Mean,Idle Max,0.10221576846502196,0.10221576846502196
Dst Port,Bwd IAT Max,-0.1021288575374075,0.1021288575374075
Fwd IAT Max,Pkt Len Mean,0.10203259623808449,0.10203259623808449
Flow IAT Min,RST Flag Cnt,-0.10195468489859821,0.10195468489859821
Flow IAT Min,ECE Flag Cnt,-0.10195348687090944,0.10195348687090944
Init Bwd Win Byts,Idle Mean,-0.10142710524672428,0.10142710524672428
Flow IAT Max,Init Bwd Win Byts,-0.10139820955234391,0.10139820955234391
Fwd Pkt Len Std,Fwd IAT Tot,0.10123116839963459,0.10123116839963459
Bwd Pkt Len Min,Flow Pkts/s,-0.10045414601192283,0.10045414601192283
Pkt Len Var,Idle Std,0.10039035481916518,0.10039035481916518
Fwd Pkt Len Min,Fwd IAT Std,-0.10028064680962342,0.10028064680962342
Dst Port,FIN Flag Cnt,0.10017725616229937,0.10017725616229937
Flow IAT Max,Pkt Len Std,0.1000702995849989,0.1000702995849989
Init Bwd Win Byts,Idle Min,-0.0995500799830308,0.0995500799830308
Fwd Pkt Len Std,Bwd Pkts/s,-0.09953478082481294,0.09953478082481294
Fwd PSH Flags,RST Flag Cnt,-0.09940795305773738,0.09940795305773738
SYN Flag Cnt,RST Flag Cnt,-0.09940795305773738,0.09940795305773738
SYN Flag Cnt,ECE Flag Cnt,-0.09940679458841567,0.09940679458841567
Fwd PSH Flags,ECE Flag Cnt,-0.09940679458841567,0.09940679458841567
Fwd Pkt Len Min,Flow IAT Mean,-0.09864022823696583,0.09864022823696583
Flow IAT Std,ECE Flag Cnt,0.09842998050855861,0.09842998050855861
Flow IAT Std,RST Flag Cnt,0.09842676368689042,0.09842676368689042
Pkt Len Min,SYN Flag Cnt,-0.09838796589844886,0.09838796589844886
Fwd PSH Flags,Pkt Len Min,-0.09838796589844886,0.09838796589844886
Pkt Len Min,Pkt Size Avg,0.09834811610569827,0.09834811610569827
Protocol,Bwd IAT Mean,-0.09755666132283493,0.09755666132283493
Flow Pkts/s,Pkt Len Var,-0.09737234340001637,0.09737234340001637
Bwd IAT Max,ACK Flag Cnt,-0.09732662981827893,0.09732662981827893
Bwd Header Len,Pkt Len Std,0.09701667577138559,0.09701667577138559
Bwd Pkt Len Max,Idle Max,0.09667938463985369,0.09667938463985369
RST Flag Cnt,URG Flag Cnt,-0.09663108409562769,0.09663108409562769
URG Flag Cnt,ECE Flag Cnt,-0.09662995798707202,0.09662995798707202
Bwd Pkt Len Mean,Idle Std,0.09649586679647977,0.09649586679647977
Bwd Seg Size Avg,Idle Std,0.09649586679647976,0.09649586679647976
Pkt Len Min,URG Flag Cnt,-0.09609438641976276,0.09609438641976276
Flow IAT Min,Pkt Len Min,-0.09599218559548575,0.09599218559548575
Fwd Pkt Len Std,Fwd Pkts/s,-0.09596507310695407,0.09596507310695407
Bwd Pkt Len Mean,Idle Min,0.09594815018520511,0.09594815018520511
Bwd Seg Size Avg,Idle Min,0.09594815018520508,0.09594815018520508
Pkt Len Var,URG Flag Cnt,-0.09584882518791593,0.09584882518791593
Fwd IAT Max,Pkt Len Std,0.09577698694333635,0.09577698694333635
Flow IAT Std,Pkt Len Min,-0.09572628779400741,0.09572628779400741
Dst Port,Bwd IAT Std,-0.09557012106345845,0.09557012106345845
Protocol,Active Max,-0.09552791569535264,0.09552791569535264
Fwd IAT Mean,Init Bwd Win Byts,-0.09550547520180912,0.09550547520180912
Fwd Pkt Len Mean,Bwd IAT Tot,0.09533369620567705,0.09533369620567705
Bwd IAT Tot,Fwd Seg Size Avg,0.09533369620567704,0.09533369620567704
Fwd IAT Max,Init Bwd Win Byts,-0.09531140563673808,0.09531140563673808
Bwd Pkt Len Std,Flow IAT Max,0.09495160636434699,0.09495160636434699
Flow IAT Mean,Init Bwd Win Byts,-0.09482929300869261,0.09482929300869261
Fwd IAT Min,Pkt Len Min,-0.09475035500601492,0.09475035500601492
Pkt Len Std,Idle Max,0.09474754624851238,0.09474754624851238
Protocol,Fwd Pkts/s,-0.09465668599620246,0.09465668599620246
Bwd IAT Tot,Bwd Header Len,0.09448686991283911,0.09448686991283911
SYN Flag Cnt,Init Fwd Win Byts,-0.0943821447065008,0.0943821447065008
Fwd PSH Flags,Init Fwd Win Byts,-0.0943821447065008,0.0943821447065008
Flow Duration,ECE Flag Cnt,0.09431257093761289,0.09431257093761289
Flow Duration,RST Flag Cnt,0.09430829499305249,0.09430829499305249
Fwd IAT Max,Down/Up Ratio,-0.09429571600947145,0.09429571600947145
Bwd Pkt Len Max,Flow IAT Max,0.09416368524101651,0.09416368524101651
Bwd Pkts/s,URG Flag Cnt,0.09406539096991912,0.09406539096991912
Pkt Len Var,Subflow Fwd Byts,0.09398629830024781,0.09398629830024781
TotLen Fwd Pkts,Pkt Len Var,0.09398629830024781,0.09398629830024781
Flow IAT Mean,Pkt Len Var,-0.09386401854221572,0.09386401854221572
Flow IAT Mean,RST Flag Cnt,-0.09373173723808388,0.09373173723808388
Flow IAT Mean,ECE Flag Cnt,-0.09373020182581833,0.09373020182581833
Pkt Len Mean,Idle Mean,0.09348334347615896,0.09348334347615896
Flow Pkts/s,Pkt Len Min,-0.09327939698451759,0.09327939698451759
Dst Port,Flow Byts/s,0.09325594443691254,0.09325594443691254
Bwd Pkt Len Max,Idle Mean,0.09292593221481124,0.09292593221481124
Fwd Seg Size Avg,Fwd Seg Size Min,0.09291381320598925,0.09291381320598925
Fwd Pkt Len Mean,Fwd Seg Size Min,0.09291381320598925,0.09291381320598925
Fwd IAT Min,Init Bwd Win Byts,-0.09252131231170668,0.09252131231170668
Bwd IAT Max,Fwd Seg Size Avg,0.09245672594397633,0.09245672594397633
Fwd Pkt Len Mean,Bwd IAT Max,0.0924567259439763,0.0924567259439763
Fwd Pkt Len Min,Flow IAT Min,-0.09221139323181714,0.09221139323181714
Flow Pkts/s,Fwd PSH Flags,0.09165993685423243,0.09165993685423243
Flow Pkts/s,SYN Flag Cnt,0.09165993685423243,0.09165993685423243
Tot Bwd Pkts,Pkt Len Std,0.09134428115371791,0.09134428115371791
Pkt Len Std,Subflow Bwd Pkts,0.09134428115371791,0.09134428115371791
Flow IAT Min,Init Bwd Win Byts,-0.09130500004652463,0.09130500004652463
Bwd Pkt Len Max,Fwd IAT Max,0.09130022732777962,0.09130022732777962
Fwd Pkt Len Min,Flow IAT Std,-0.09108642920110217,0.09108642920110217
Fwd IAT Tot,ECE Flag Cnt,0.09074958973595348,0.09074958973595348
Fwd IAT Tot,RST Flag Cnt,0.09074541237005745,0.09074541237005745
Bwd Pkt Len Min,Bwd IAT Max,-0.09063991709481535,0.09063991709481535
Fwd Pkt Len Min,Fwd IAT Min,-0.09063375729328191,0.09063375729328191
Flow Duration,Init Bwd Win Byts,-0.09050636332948035,0.09050636332948035
Bwd Pkt Len Std,Idle Max,0.09028416758883401,0.09028416758883401
Bwd Pkt Len Std,Fwd IAT Max,0.0901140068494271,0.0901140068494271
Flow Pkts/s,ECE Flag Cnt,-0.09009012239851717,0.09009012239851717
Flow Pkts/s,RST Flag Cnt,-0.09008832846751152,0.09008832846751152
Pkt Len Std,Idle Mean,0.09008416187993341,0.09008416187993341
Bwd IAT Mean,PSH Flag Cnt,0.0898778275024635,0.0898778275024635
Fwd Pkt Len Min,URG Flag Cnt,-0.0898187941055698,0.0898187941055698
Pkt Len Var,SYN Flag Cnt,-0.08951633764856325,0.08951633764856325
Fwd PSH Flags,Pkt Len Var,-0.08951633764856323,0.08951633764856323
Flow IAT Max,Pkt Len Max,0.08897411995949679,0.08897411995949679
Fwd Pkt Len Max,SYN Flag Cnt,-0.08885397134097112,0.08885397134097112
Fwd Pkt Len Max,Fwd PSH Flags,-0.08885397134097112,0.08885397134097112
Fwd Seg Size Min,Active Max,-0.08882740513615735,0.08882740513615735
Fwd PSH Flags,Down/Up Ratio,-0.08875809478160009,0.08875809478160009
SYN Flag Cnt,Down/Up Ratio,-0.08875809478160009,0.08875809478160009
Tot Bwd Pkts,Bwd IAT Tot,0.08865497328052484,0.08865497328052484
Bwd IAT Tot,Subflow Bwd Pkts,0.08865497328052484,0.08865497328052484
Fwd IAT Tot,Init Bwd Win Byts,-0.08850409879974563,0.08850409879974563
URG Flag Cnt,Down/Up Ratio,0.0883934971320069,0.0883934971320069
TotLen Bwd Pkts,Pkt Len Var,0.0882418746276679,0.0882418746276679
Pkt Len Var,Subflow Bwd Byts,0.0882418746276679,0.0882418746276679
Bwd Pkt Len Min,Fwd Pkts/s,-0.08818739173442758,0.08818739173442758
Pkt Len Max,Idle Max,0.08787612073857697,0.08787612073857697
Pkt Len Std,Idle Std,0.0871215249692183,0.0871215249692183
Bwd Pkt Len Std,Idle Mean,0.08696103301973444,0.08696103301973444
Dst Port,Pkt Len Var,-0.08690921553846953,0.08690921553846953
Fwd IAT Max,Pkt Len Max,0.08676759963470305,0.08676759963470305
Protocol,Bwd Pkts/s,-0.08652252064099471,0.08652252064099471
Fwd IAT Std,Fwd Seg Size Min,0.08632895256453932,0.08632895256453932
Protocol,Active Mean,-0.0855189661522923,0.0855189661522923
Bwd Pkt Len Max,Idle Min,0.08547059196728088,0.08547059196728088
Bwd Pkts/s,Down/Up Ratio,0.08544250188561842,0.08544250188561842
Flow IAT Max,Down/Up Ratio,-0.0854106236848988,0.0854106236848988
Fwd IAT Mean,Fwd IAT Std,0.08510329524941355,0.08510329524941355
Fwd Pkt Len Mean,Idle Min,-0.08460984563779651,0.08460984563779651
Fwd Seg Size Avg,Idle Min,-0.08460984563779651,0.08460984563779651
Fwd IAT Mean,RST Flag Cnt,-0.08444384095276368,0.08444384095276368
Fwd IAT Mean,ECE Flag Cnt,-0.08444205785116242,0.08444205785116242
Fwd Pkts/s,Pkt Len Var,-0.08442217539791529,0.08442217539791529
Bwd Header Len,Pkt Len Max,0.08371537849589049,0.08371537849589049
Pkt Len Max,Idle Mean,0.08363790867691702,0.08363790867691702
Active Min,Idle Std,0.08356281025999714,0.08356281025999714
Bwd IAT Mean,Pkt Len Var,0.08338027783812728,0.08338027783812728
Bwd IAT Max,Fwd PSH Flags,0.08314386327613213,0.08314386327613213
Bwd IAT Max,SYN Flag Cnt,0.08314386327613213,0.08314386327613213
Fwd Seg Size Min,Active Std,-0.08247555967323551,0.08247555967323551
Pkt Len Mean,Idle Min,0.08242854325267025,0.08242854325267025
Dst Port,Flow IAT Min,0.08234411508094769,0.08234411508094769
Bwd IAT Mean,Pkt Len Min,-0.08221856954411363,0.08221856954411363
Fwd Pkts/s,Pkt Len Min,-0.08203305996451896,0.08203305996451896
Pkt Len Std,Idle Min,0.08183858705292432,0.08183858705292432
Bwd Pkt Len Max,Bwd Header Len,0.08168665018546123,0.08168665018546123
Bwd IAT Std,Fwd Seg Size Min,0.08133334762407929,0.08133334762407929
Flow Pkts/s,ACK Flag Cnt,0.08118614685733734,0.08118614685733734
Fwd IAT Mean,Bwd IAT Max,0.08106083388200733,0.08106083388200733
Bwd Pkts/s,Pkt Len Var,-0.08101801819670773,0.08101801819670773
Bwd Pkt Len Min,Bwd Pkts/s,-0.08096918548521587,0.08096918548521587
Fwd Pkt Len Min,Flow Pkts/s,-0.0807039103139694,0.0807039103139694
Fwd Seg Size Min,Active Mean,-0.08049324288926749,0.08049324288926749
Bwd Pkt Len Mean,Bwd IAT Mean,0.08039080557505993,0.08039080557505993
Bwd IAT Mean,Bwd Seg Size Avg,0.08039080557505991,0.08039080557505991
Flow Duration,Flow Pkts/s,-0.08024490401947539,0.08024490401947539
Bwd Pkt Len Std,Idle Min,0.08011628364850158,0.08011628364850158
Dst Port,Init Bwd Win Byts,-0.08004222335357124,0.08004222335357124
Pkt Len Max,Idle Std,0.07942705068469808,0.07942705068469808
Fwd Pkt Len Max,Bwd IAT Mean,0.07913456597257183,0.07913456597257183
Fwd PSH Flags,Init Bwd Win Byts,-0.07903230150690038,0.07903230150690038
SYN Flag Cnt,Init Bwd Win Byts,-0.07903230150690038,0.07903230150690038
Fwd Pkt Len Mean,Idle Mean,-0.07893374253405731,0.07893374253405731
Fwd Seg Size Avg,Idle Mean,-0.07893374253405731,0.07893374253405731
Dst Port,Flow Duration,-0.07888080430749295,0.07888080430749295
Flow Pkts/s,Fwd IAT Tot,-0.07863211083294486,0.07863211083294486
Dst Port,Fwd IAT Min,0.07840396887954282,0.07840396887954282
Bwd Pkt Len Min,Pkt Size Avg,0.07839980803517536,0.07839980803517536
Fwd Pkts/s,ECE Flag Cnt,-0.07834988204430356,0.07834988204430356
Fwd Pkts/s,RST Flag Cnt,-0.07834903550241512,0.07834903550241512
Bwd Pkt Len Max,Idle Std,0.07823374246028056,0.07823374246028056
Flow Pkts/s,Init Bwd Win Byts,-0.07821707517439462,0.07821707517439462
Fwd Pkt Len Std,Down/Up Ratio,-0.07795008105020813,0.07795008105020813
Dst Port,Flow IAT Std,-0.07770769625536343,0.07770769625536343
Fwd Pkt Len Min,Bwd IAT Mean,-0.07746274517517725,0.07746274517517725
Bwd Pkt Len Min,Flow IAT Std,-0.07742309549766205,0.07742309549766205
Tot Bwd Pkts,Pkt Len Max,0.07717373732018445,0.07717373732018445
Pkt Len Max,Subflow Bwd Pkts,0.07717373732018445,0.07717373732018445
Flow IAT Std,Fwd Seg Size Min,0.07710852191471718,0.07710852191471718
Protocol,Active Std,-0.07672796631557911,0.07672796631557911
Fwd Pkt Len Min,SYN Flag Cnt,-0.07664765501353059,0.07664765501353059
Fwd Pkt Len Min,Fwd PSH Flags,-0.07664765501353059,0.07664765501353059
Dst Port,Bwd IAT Mean,-0.07664016978823787,0.07664016978823787
Flow IAT Max,Pkt Size Avg,0.07652639549010638,0.07652639549010638
Flow Duration,Bwd Header Len,0.07633898762724935,0.07633898762724935
Tot Bwd Pkts,Bwd Pkt Len Max,0.07610918028192269,0.07610918028192269
Bwd Pkt Len Max,Subflow Bwd Pkts,0.07610918028192269,0.07610918028192269
Pkt Len Max,Idle Min,0.07596715538572038,0.07596715538572038
Bwd IAT Tot,Fwd Seg Size Min,0.07563959890653088,0.07563959890653088
Pkt Size Avg,Idle Max,0.07555830462047194,0.07555830462047194
Bwd Pkt Len Min,Fwd IAT Std,-0.07545219004935783,0.07545219004935783
Bwd IAT Mean,Pkt Len Mean,0.07540338855366391,0.07540338855366391
Dst Port,Fwd IAT Tot,-0.07517003880472335,0.07517003880472335
Flow Duration,URG Flag Cnt,-0.07515822590581389,0.07515822590581389
Bwd IAT Tot,Active Max,0.07490926806653123,0.07490926806653123
Bwd Pkts/s,Pkt Len Min,-0.07487071258341281,0.07487071258341281
Fwd Pkt Len Min,Fwd Pkts/s,-0.07480990978575132,0.07480990978575132
Bwd Pkts/s,ECE Flag Cnt,-0.07442209379124953,0.07442209379124953
Bwd Pkts/s,RST Flag Cnt,-0.07441891651751444,0.07441891651751444
TotLen Bwd Pkts,Down/Up Ratio,0.07426234481877972,0.07426234481877972
Down/Up Ratio,Subflow Bwd Byts,0.07426234481877972,0.07426234481877972
Fwd IAT Tot,Bwd Header Len,0.07376740130236599,0.07376740130236599
Fwd IAT Tot,URG Flag Cnt,-0.07353254328799633,0.07353254328799633
Dst Port,Flow IAT Mean,0.07315738971927513,0.07315738971927513
Fwd IAT Max,Pkt Size Avg,0.07312620408654948,0.07312620408654948
Flow Pkts/s,Flow IAT Max,-0.07281692965344057,0.07281692965344057
Flow Pkts/s,Init Fwd Win Byts,0.0725170453785057,0.0725170453785057
Bwd Pkt Len Std,Idle Std,0.07181069115074537,0.07181069115074537
Pkt Len Min,Fwd Seg Size Avg,0.0718004769344262,0.0718004769344262
Fwd Pkt Len Mean,Pkt Len Min,0.07180047693442618,0.07180047693442618
Fwd Seg Size Avg,Idle Max,-0.07170909340726804,0.07170909340726804
Fwd Pkt Len Mean,Idle Max,-0.07170909340726801,0.07170909340726801
Flow Duration,Tot Bwd Pkts,0.07164035675624349,0.07164035675624349
Flow Duration,Subflow Bwd Pkts,0.07164035675624349,0.07164035675624349
SYN Flag Cnt,Pkt Size Avg,-0.07149227192860841,0.07149227192860841
Fwd PSH Flags,Pkt Size Avg,-0.07149227192860841,0.07149227192860841
Fwd Pkt Len Max,Down/Up Ratio,-0.07138942337870208,0.07138942337870208
Active Max,Idle Max,0.07116428740002824,0.07116428740002824
Flow Pkts/s,Fwd IAT Max,-0.07100606527951854,0.07100606527951854
Bwd IAT Max,Fwd Seg Size Min,0.07092181652321544,0.07092181652321544
Fwd PSH Flags,Pkt Len Mean,-0.07006233983501023,0.07006233983501023
Pkt Len Mean,SYN Flag Cnt,-0.07006233983501022,0.07006233983501022
Fwd IAT Mean,Pkt Len Var,-0.06992234697840373,0.06992234697840373
Flow Duration,Fwd Pkts/s,-0.06958125784860042,0.06958125784860042
Down/Up Ratio,Idle Min,-0.0692284768199725,0.0692284768199725
Tot Bwd Pkts,Fwd IAT Tot,0.0690978221378742,0.0690978221378742
Fwd IAT Tot,Subflow Bwd Pkts,0.0690978221378742,0.0690978221378742
Fwd Pkts/s,FIN Flag Cnt,0.06898539302860085,0.06898539302860085
Fwd Pkts/s,Init Bwd Win Byts,-0.06850438342823514,0.06850438342823514
Protocol,Pkt Len Mean,-0.06836706437513643,0.06836706437513643
Fwd IAT Tot,Fwd Pkts/s,-0.0681840851289156,0.0681840851289156
Down/Up Ratio,Idle Mean,-0.06754562809307024,0.06754562809307024
Dst Port,Fwd IAT Std,-0.067283709422672,0.067283709422672
Pkt Size Avg,Idle Mean,0.06704757460477342,0.06704757460477342
Flow Duration,Bwd Pkts/s,-0.06680935146224985,0.06680935146224985
Flow IAT Min,Bwd IAT Tot,-0.066558189536517,0.066558189536517
URG Flag Cnt,Init Fwd Win Byts,-0.0657772316167708,0.0657772316167708
Bwd Pkt Len Min,Bwd IAT Min,0.06569754760843417,0.06569754760843417
Down/Up Ratio,Idle Max,-0.06547782333582992,0.06547782333582992
Fwd IAT Tot,Bwd Pkts/s,-0.06546805132522776,0.06546805132522776
TotLen Bwd Pkts,Pkt Len Std,0.0653309152892153,0.0653309152892153
Pkt Len Std,Subflow Bwd Byts,0.0653309152892153,0.0653309152892153
Dst Port,Fwd IAT Mean,0.06525936957541563,0.06525936957541563
Flow IAT Std,Active Max,0.06515730030946913,0.06515730030946913
Fwd IAT Mean,Bwd IAT Tot,0.06514180493235401,0.06514180493235401
Fwd Seg Size Avg,Subflow Fwd Byts,0.064806800977689,0.064806800977689
TotLen Fwd Pkts,Fwd Pkt Len Mean,0.064806800977689,0.064806800977689
Fwd Pkt Len Mean,Subflow Fwd Byts,0.064806800977689,0.064806800977689
TotLen Fwd Pkts,Fwd Seg Size Avg,0.064806800977689,0.064806800977689
Active Mean,Idle Max,0.06470210299308957,0.06470210299308957
Fwd IAT Tot,Down/Up Ratio,-0.0646003392445519,0.0646003392445519
Fwd Pkt Len Std,Bwd IAT Mean,0.0645042661459356,0.0645042661459356
Protocol,Active Min,-0.06378488563828968,0.06378488563828968
Bwd Pkts/s,Init Bwd Win Byts,-0.0635029679888754,0.0635029679888754
Bwd IAT Mean,Pkt Size Avg,0.06340698783411966,0.06340698783411966
Flow IAT Max,Fwd Pkts/s,-0.06314665989907929,0.06314665989907929
Fwd IAT Std,Active Max,0.06270723736996889,0.06270723736996889
Flow IAT Max,URG Flag Cnt,-0.06246565001909981,0.06246565001909981
Flow Pkts/s,Idle Max,-0.06160727599465702,0.06160727599465702
Fwd IAT Max,Fwd Pkts/s,-0.061577471504855645,0.061577471504855645
Fwd IAT Min,Bwd IAT Min,0.0614806089848574,0.0614806089848574
Fwd Pkt Len Max,Bwd Header Len,0.061419466522074674,0.061419466522074674
Bwd IAT Tot,Subflow Bwd Byts,0.06138876579438147,0.06138876579438147
TotLen Bwd Pkts,Bwd IAT Tot,0.06138876579438147,0.06138876579438147
Fwd Pkt Len Std,Fwd PSH Flags,-0.06138400431450068,0.06138400431450068
Fwd Pkt Len Std,SYN Flag Cnt,-0.06138400431450068,0.06138400431450068
Flow IAT Max,Fwd Seg Size Avg,-0.0610574242527774,0.0610574242527774
Fwd Pkt Len Mean,Flow IAT Max,-0.061057424252777374,0.061057424252777374
Flow Pkts/s,Idle Mean,-0.0609621136602939,0.0609621136602939
Flow Byts/s,ACK Flag Cnt,0.06088832177655264,0.06088832177655264
Flow IAT Std,Flow IAT Min,-0.060886723310562454,0.060886723310562454
Flow IAT Max,Active Max,0.06079461879457091,0.06079461879457091
Bwd IAT Min,ACK Flag Cnt,0.06069593643190592,0.06069593643190592
Fwd IAT Max,URG Flag Cnt,-0.060644015658036794,0.060644015658036794
Flow IAT Max,Bwd Pkts/s,-0.06062891561274701,0.06062891561274701
Bwd Pkt Len Min,SYN Flag Cnt,-0.06060938773795674,0.06060938773795674
Bwd Pkt Len Min,Fwd PSH Flags,-0.06060938773795674,0.06060938773795674
Flow IAT Min,Fwd IAT Std,-0.05966112596260862,0.05966112596260862
Flow Pkts/s,Idle Min,-0.05965386418568253,0.05965386418568253
Fwd IAT Std,Fwd IAT Min,-0.05946059992338925,0.05946059992338925
Fwd IAT Max,Active Max,0.059358172741423625,0.059358172741423625
Fwd IAT Max,Bwd Pkts/s,-0.059122501514299326,0.059122501514299326
Fwd Header Len,Bwd Header Len,0.059098523915975365,0.059098523915975365
Flow Pkts/s,Bwd IAT Tot,-0.05909782779814508,0.05909782779814508
Fwd Header Len,Subflow Bwd Pkts,0.05906311615276536,0.05906311615276536
Tot Bwd Pkts,Fwd Header Len,0.05906311615276536,0.05906311615276536
Fwd Header Len,Subflow Bwd Byts,0.0590569483559458,0.0590569483559458
TotLen Bwd Pkts,Fwd Header Len,0.0590569483559458,0.0590569483559458
Fwd IAT Max,Fwd Seg Size Avg,-0.05862130649186609,0.05862130649186609
Fwd Pkt Len Mean,Fwd IAT Max,-0.058621306491866074,0.058621306491866074
Active Std,Idle Max,0.057901024580314896,0.057901024580314896
SYN Flag Cnt,Fwd Seg Size Min,0.057815306775700605,0.057815306775700605
Fwd PSH Flags,Fwd Seg Size Min,0.057815306775700605,0.057815306775700605
Flow IAT Min,Bwd IAT Max,-0.05764143271386633,0.05764143271386633
Flow Duration,Down/Up Ratio,-0.05730860654133703,0.05730860654133703
Flow IAT Min,Bwd IAT Std,-0.057255835933568804,0.057255835933568804
Bwd IAT Max,Bwd Header Len,0.056990247642919586,0.056990247642919586
Flow Pkts/s,FIN Flag Cnt,0.05676246040168486,0.05676246040168486
Pkt Size Avg,Idle Min,0.056628588066363325,0.056628588066363325
Fwd IAT Min,Bwd IAT Std,-0.0564942904014189,0.0564942904014189
Bwd IAT Tot,URG Flag Cnt,-0.05641085216965351,0.05641085216965351
Bwd IAT Mean,ECE Flag Cnt,0.056319627994813506,0.056319627994813506
Bwd IAT Mean,RST Flag Cnt,0.05631750333530363,0.05631750333530363
Flow IAT Std,Active Mean,0.05631029661395801,0.05631029661395801
Fwd Pkt Len Mean,FIN Flag Cnt,-0.05606044708110459,0.05606044708110459
FIN Flag Cnt,Fwd Seg Size Avg,-0.05606044708110458,0.05606044708110458
Fwd Pkt Len Min,Bwd Pkts/s,-0.05588032795701891,0.05588032795701891
Active Max,Idle Mean,0.055749569005132074,0.055749569005132074
FIN Flag Cnt,Pkt Size Avg,-0.05569171801682407,0.05569171801682407
Flow Pkts/s,Flow IAT Std,-0.05562965627960091,0.05562965627960091
Flow IAT Max,Active Mean,0.0555450643503701,0.0555450643503701
Fwd Pkt Len Mean,SYN Flag Cnt,-0.05553246241183259,0.05553246241183259
Fwd Pkt Len Mean,Fwd PSH Flags,-0.05553246241183259,0.05553246241183259
SYN Flag Cnt,Fwd Seg Size Avg,-0.05553246241183257,0.05553246241183257
Fwd PSH Flags,Fwd Seg Size Avg,-0.05553246241183257,0.05553246241183257
FIN Flag Cnt,PSH Flag Cnt,-0.05521330972765656,0.05521330972765656
Tot Bwd Pkts,Bwd IAT Max,0.05521158766901492,0.05521158766901492
Bwd IAT Max,Subflow Bwd Pkts,0.05521158766901492,0.05521158766901492
Flow Pkts/s,Fwd IAT Mean,-0.05473700340632581,0.05473700340632581
Fwd Pkt Len Max,Subflow Bwd Pkts,0.054349648955560055,0.054349648955560055
Tot Bwd Pkts,Fwd Pkt Len Max,0.054349648955560055,0.054349648955560055
Flow Pkts/s,Fwd IAT Std,-0.054277358357092124,0.054277358357092124
URG Flag Cnt,Idle Mean,-0.05421926694833173,0.05421926694833173
Flow IAT Mean,Flow IAT Std,0.05419797754283052,0.05419797754283052
Fwd Seg Size Avg,Idle Std,0.05415198091897493,0.05415198091897493
Fwd Pkt Len Mean,Idle Std,0.054151980918974926,0.054151980918974926
Bwd IAT Min,Idle Std,0.05409502129878779,0.05409502129878779
URG Flag Cnt,Idle Min,-0.053848990843436244,0.053848990843436244
Fwd Seg Size Min,Active Min,-0.05357383917504018,0.05357383917504018
URG Flag Cnt,Idle Max,-0.05351896844694559,0.05351896844694559
Fwd Pkts/s,Idle Max,-0.05343190587442938,0.05343190587442938
Fwd IAT Max,Active Mean,0.05331268107146116,0.05331268107146116
Fwd Pkts/s,Idle Mean,-0.05287268037574431,0.05287268037574431
Fwd IAT Std,Active Mean,0.05272310635024382,0.05272310635024382
Bwd IAT Tot,Active Std,0.05263793961767106,0.05263793961767106
Flow IAT Mean,Bwd IAT Min,0.05247954186334507,0.05247954186334507
Active Mean,Idle Mean,0.05184477879946806,0.05184477879946806
Flow Duration,Subflow Bwd Byts,0.051792459562610235,0.051792459562610235
Flow Duration,TotLen Bwd Pkts,0.051792459562610235,0.051792459562610235
Fwd Pkts/s,Idle Min,-0.05173866389737182,0.05173866389737182
Fwd IAT Mean,URG Flag Cnt,-0.051397457142719066,0.051397457142719066
Bwd Pkts/s,Idle Max,-0.051301689380874996,0.051301689380874996
Bwd IAT Tot,Fwd Pkts/s,-0.05125693967679623,0.05125693967679623
Flow Pkts/s,Bwd IAT Max,-0.051185810966783284,0.051185810966783284
Protocol,Idle Std,-0.05112419024789223,0.05112419024789223
Protocol,Fwd Pkt Len Mean,-0.05109677218868496,0.05109677218868496
Protocol,Fwd Seg Size Avg,-0.05109677218868496,0.05109677218868496
Idle Std,Idle Min,0.051086222476051206,0.051086222476051206
Down/Up Ratio,Init Fwd Win Byts,-0.051061971968908895,0.051061971968908895
Flow Pkts/s,Bwd IAT Std,-0.050800147872110436,0.050800147872110436
Bwd Pkts/s,Idle Mean,-0.05076477052950033,0.05076477052950033
Flow Pkts/s,Flow IAT Mean,-0.05074606991714032,0.05074606991714032
Fwd IAT Tot,Fwd Header Len,0.05064050322232938,0.05064050322232938
Fwd IAT Std,Active Std,0.05056993803495235,0.05056993803495235
Fwd PSH Flags,Idle Max,0.050456446550307864,0.050456446550307864
SYN Flag Cnt,Idle Max,0.050456446550307864,0.050456446550307864
Flow Duration,Fwd Header Len,0.050419360073620904,0.050419360073620904
Fwd IAT Max,Active Std,0.05040116196116455,0.05040116196116455
Dst Port,Fwd Pkt Len Max,0.05033913266175507,0.05033913266175507
Pkt Len Mean,FIN Flag Cnt,-0.05026498191689442,0.05026498191689442
Fwd Seg Size Avg,Init Fwd Win Byts,0.05021527966422007,0.05021527966422007
Fwd Pkt Len Mean,Init Fwd Win Byts,0.05021527966422006,0.05021527966422006
Pkt Len Max,FIN Flag Cnt,-0.0501240859298179,0.0501240859298179
Flow IAT Max,Active Std,0.04996412073433995,0.04996412073433995
Fwd IAT Min,Bwd IAT Tot,-0.04981797499263804,0.04981797499263804
Bwd Pkts/s,Idle Min,-0.0496759775412175,0.0496759775412175
Bwd IAT Max,Active Max,0.049573511036070404,0.049573511036070404
Flow Pkts/s,URG Flag Cnt,0.04947356825127671,0.04947356825127671
TotLen Bwd Pkts,Fwd IAT Tot,0.04938874889571735,0.04938874889571735
Fwd IAT Tot,Subflow Bwd Byts,0.04938874889571735,0.04938874889571735
Bwd IAT Tot,Bwd Pkts/s,-0.04921256198455358,0.04921256198455358
Pkt Len Std,FIN Flag Cnt,-0.049174949344300896,0.049174949344300896
Bwd Pkt Len Max,Subflow Bwd Byts,0.048978794254584075,0.048978794254584075
TotLen Bwd Pkts,Bwd Pkt Len Max,0.048978794254584075,0.048978794254584075
Flow IAT Std,Active Std,0.048977503292466515,0.048977503292466515
Flow IAT Mean,URG Flag Cnt,-0.04848904206050528,0.04848904206050528
Flow IAT Std,Fwd Pkts/s,-0.048250231884321995,0.048250231884321995
Active Min,Idle Max,0.04805870289555927,0.04805870289555927
SYN Flag Cnt,Idle Mean,0.04793080917657645,0.04793080917657645
Fwd PSH Flags,Idle Mean,0.04793080917657645,0.04793080917657645
Fwd IAT Mean,Fwd Pkts/s,-0.04747615256091186,0.04747615256091186
Fwd Pkt Len Max,Idle Std,0.04744540178797189,0.04744540178797189
Bwd IAT Mean,Fwd Seg Size Min,0.047305028569661435,0.047305028569661435
Bwd Pkt Len Max,FIN Flag Cnt,-0.04722636501845987,0.04722636501845987
Pkt Len Mean,Init Fwd Win Byts,0.0471753611435445,0.0471753611435445
Fwd IAT Std,Fwd Pkts/s,-0.04707786096271923,0.04707786096271923
Flow IAT Min,SYN Flag Cnt,-0.04680415757065466,0.04680415757065466
Flow IAT Min,Fwd PSH Flags,-0.04680415757065466,0.04680415757065466
TotLen Bwd Pkts,Pkt Len Max,0.046784990129723404,0.046784990129723404
Pkt Len Max,Subflow Bwd Byts,0.046784990129723404,0.046784990129723404
Dst Port,Init Fwd Win Byts,0.046660954215803366,0.046660954215803366
FIN Flag Cnt,Bwd Seg Size Avg,-0.04637703895485207,0.04637703895485207
Bwd Pkt Len Mean,FIN Flag Cnt,-0.04637703895485207,0.04637703895485207
Flow IAT Std,Bwd Pkts/s,-0.04632636244596409,0.04632636244596409
Fwd IAT Tot,Subflow Fwd Pkts,0.0462830361607225,0.0462830361607225
Tot Fwd Pkts,Fwd IAT Tot,0.046283036160722484,0.046283036160722484
Fwd IAT Mean,Bwd IAT Std,0.04601431643695826,0.04601431643695826
Flow Duration,Subflow Fwd Pkts,0.046008694507446615,0.046008694507446615
Flow Duration,Tot Fwd Pkts,0.046008694507446615,0.046008694507446615
Fwd IAT Mean,Bwd Pkts/s,-0.045583829057146474,0.045583829057146474
Flow Pkts/s,Fwd IAT Min,-0.045341682473545586,0.045341682473545586
Flow IAT Mean,Bwd IAT Mean,0.04533602158115427,0.04533602158115427
Fwd IAT Std,Bwd Pkts/s,-0.04520075548576128,0.04520075548576128
Fwd IAT Min,URG Flag Cnt,-0.04510928750154851,0.04510928750154851
PSH Flag Cnt,Idle Std,0.04502828849427795,0.04502828849427795
Pkt Size Avg,Fwd Seg Size Min,-0.044976416353618855,0.044976416353618855
TotLen Fwd Pkts,Fwd IAT Tot,0.0449658487923075,0.0449658487923075
Fwd IAT Tot,Subflow Fwd Byts,0.0449658487923075,0.0449658487923075
Flow Duration,TotLen Fwd Pkts,0.04469870709989421,0.04469870709989421
Flow Duration,Subflow Fwd Byts,0.04469870709989421,0.04469870709989421
SYN Flag Cnt,Idle Min,0.044565204216502584,0.044565204216502584
Fwd PSH Flags,Idle Min,0.044565204216502584,0.044565204216502584
Flow Pkts/s,Flow IAT Min,-0.04454865678522988,0.04454865678522988
Bwd IAT Max,Fwd Pkts/s,-0.044397723310675125,0.044397723310675125
Fwd Pkt Len Max,FIN Flag Cnt,-0.04435210975866147,0.04435210975866147
Flow IAT Min,URG Flag Cnt,-0.04423818966351323,0.04423818966351323
Bwd IAT Std,Fwd Pkts/s,-0.044063226644774446,0.044063226644774446
Flow IAT Mean,Fwd Pkts/s,-0.04401607637704008,0.04401607637704008
Fwd IAT Tot,Fwd Act Data Pkts,0.043974527517037044,0.043974527517037044
Flow Duration,Fwd Act Data Pkts,0.04368048077568977,0.04368048077568977
Bwd IAT Std,Active Max,0.043578118674886306,0.043578118674886306
Flow IAT Std,Active Min,0.04350439142727802,0.04350439142727802
Flow IAT Std,Init Bwd Win Byts,-0.04338705746631638,0.04338705746631638
Flow IAT Min,Bwd IAT Mean,-0.04297108287043313,0.04297108287043313
Bwd Seg Size Avg,Init Fwd Win Byts,0.04296521109387821,0.04296521109387821
Bwd Pkt Len Mean,Init Fwd Win Byts,0.042965211093878165,0.042965211093878165
URG Flag Cnt,Init Bwd Win Byts,-0.042751913938809324,0.042751913938809324
Fwd Pkt Len Max,Subflow Fwd Byts,0.04266773195457055,0.04266773195457055
TotLen Fwd Pkts,Fwd Pkt Len Max,0.04266773195457055,0.04266773195457055
ACK Flag Cnt,Active Max,-0.04266634374723687,0.04266634374723687
Bwd Pkt Len Std,Bwd Header Len,0.042655028784650016,0.042655028784650016
Bwd IAT Max,Bwd Pkts/s,-0.042626797716714605,0.042626797716714605
Active Std,Idle Mean,0.04254969061350254,0.04254969061350254
Flow Byts/s,PSH Flag Cnt,-0.04231680822507961,0.04231680822507961
Bwd IAT Std,Bwd Pkts/s,-0.042306018822750514,0.042306018822750514
Flow IAT Mean,Bwd Pkts/s,-0.042261618211250976,0.042261618211250976
Bwd Header Len,PSH Flag Cnt,0.04206209884456015,0.04206209884456015
Bwd Pkt Len Std,FIN Flag Cnt,-0.04192218187523609,0.04192218187523609
Bwd IAT Max,Active Mean,0.041665403082372834,0.041665403082372834
Active Max,Idle Min,0.04155157657445267,0.04155157657445267
Bwd Pkt Len Min,Idle Std,-0.04140977550843644,0.04140977550843644
Flow IAT Max,Active Min,0.041039807633745005,0.041039807633745005
Bwd IAT Tot,Active Mean,0.040783021821826505,0.040783021821826505
Active Min,Idle Mean,0.04055960435158039,0.04055960435158039
Active Mean,Idle Min,0.04042165148033695,0.04042165148033695
Fwd Pkt Len Std,FIN Flag Cnt,-0.04038729527803023,0.04038729527803023
Fwd IAT Min,SYN Flag Cnt,-0.039991726761698945,0.039991726761698945
Fwd IAT Min,Fwd PSH Flags,-0.039991726761698945,0.039991726761698945
Bwd Pkt Len Max,Flow Byts/s,-0.03958666215167152,0.03958666215167152
Protocol,FIN Flag Cnt,-0.039552773735564845,0.039552773735564845
Bwd Pkt Len Std,Bwd IAT Min,-0.03941629775032769,0.03941629775032769
Fwd IAT Min,Fwd Pkts/s,-0.03932997370004299,0.03932997370004299
Bwd Pkt Len Min,Fwd Seg Size Avg,-0.03926197373194476,0.03926197373194476
Fwd Pkt Len Mean,Bwd Pkt Len Min,-0.03926197373194476,0.03926197373194476
Bwd Pkts/s,ACK Flag Cnt,-0.03925785861386237,0.03925785861386237
Bwd Pkt Len Min,Bwd Pkt Len Mean,0.039138083007110344,0.039138083007110344
Bwd Pkt Len Min,Bwd Seg Size Avg,0.03913808300711032,0.03913808300711032
Bwd Pkt Len Min,Active Max,-0.03887829300387957,0.03887829300387957
Bwd IAT Max,Active Std,0.038646664093191486,0.038646664093191486
Flow IAT Min,Fwd Pkts/s,-0.0386423308749691,0.0386423308749691
Fwd IAT Std,Active Min,0.03841045726911417,0.03841045726911417
Bwd IAT Max,URG Flag Cnt,-0.03827122508259142,0.03827122508259142
Flow Pkts/s,Bwd IAT Mean,-0.038232211915198225,0.038232211915198225
Fwd IAT Max,Active Min,0.03820416917881322,0.03820416917881322
Bwd IAT Max,Subflow Bwd Byts,0.03811206467572842,0.03811206467572842
TotLen Bwd Pkts,Bwd IAT Max,0.03811206467572841,0.03811206467572841
Flow IAT Std,URG Flag Cnt,-0.038021308382274695,0.038021308382274695
Fwd IAT Min,Bwd Pkts/s,-0.03776245169639641,0.03776245169639641
Bwd IAT Tot,Init Bwd Win Byts,-0.03773383907929082,0.03773383907929082
Fwd IAT Std,ACK Flag Cnt,-0.03754394455906213,0.03754394455906213
Bwd Pkt Len Std,Subflow Bwd Pkts,0.03731452059538956,0.03731452059538956
Tot Bwd Pkts,Bwd Pkt Len Std,0.03731452059538956,0.03731452059538956
Flow IAT Min,Bwd Pkts/s,-0.03710213848567222,0.03710213848567222
Bwd IAT Min,PSH Flag Cnt,-0.036938535736307246,0.036938535736307246
Bwd Pkt Len Min,FIN Flag Cnt,-0.0365888981329195,0.0365888981329195
PSH Flag Cnt,Subflow Bwd Pkts,0.03637235915104361,0.03637235915104361
Tot Bwd Pkts,PSH Flag Cnt,0.03637235915104361,0.03637235915104361
ACK Flag Cnt,Active Mean,-0.03634367619583379,0.03634367619583379
Protocol,Bwd Pkt Len Mean,-0.03590964558982546,0.03590964558982546
Protocol,Bwd Seg Size Avg,-0.03590964558982546,0.03590964558982546
FIN Flag Cnt,Init Fwd Win Byts,-0.035867194600003975,0.035867194600003975
Bwd Pkt Len Std,Flow Byts/s,-0.03581940763225203,0.03581940763225203
SYN Flag Cnt,Idle Std,0.035482882872093266,0.035482882872093266
Fwd PSH Flags,Idle Std,0.035482882872093266,0.035482882872093266
Bwd IAT Std,Active Std,0.0354645057667985,0.0354645057667985
Fwd IAT Max,SYN Flag Cnt,0.03532245227496931,0.03532245227496931
Fwd IAT Max,Fwd PSH Flags,0.03532245227496931,0.03532245227496931
Bwd IAT Min,Pkt Len Max,-0.03531430740705658,0.03531430740705658
ACK Flag Cnt,Active Std,-0.03522256086200392,0.03522256086200392
Fwd Pkt Len Std,Bwd Header Len,0.034892214646123514,0.034892214646123514
Fwd Pkt Len Mean,Bwd IAT Mean,0.03488463920843374,0.03488463920843374
Bwd IAT Mean,Fwd Seg Size Avg,0.034884639208433724,0.034884639208433724
Bwd Pkt Len Min,Active Mean,-0.03454721794497287,0.03454721794497287
Dst Port,Idle Min,0.03445884449128509,0.03445884449128509
Pkt Len Min,FIN Flag Cnt,-0.03442148295367658,0.03442148295367658
Active Min,Idle Min,0.034208527535969376,0.034208527535969376
Fwd IAT Std,URG Flag Cnt,-0.033871613081375596,0.033871613081375596
Protocol,Bwd IAT Min,-0.03384045317984384,0.03384045317984384
Bwd IAT Max,Down/Up Ratio,0.03366841798032964,0.03366841798032964
Flow Byts/s,Pkt Len Max,-0.03364289338610065,0.03364289338610065
Bwd Pkt Len Max,Bwd IAT Min,-0.033537063290244376,0.033537063290244376
Dst Port,Bwd IAT Min,-0.033491891704328355,0.033491891704328355
Flow Byts/s,Bwd Seg Size Avg,-0.03327587817134874,0.03327587817134874
Bwd Pkt Len Mean,Flow Byts/s,-0.03327587817134874,0.03327587817134874
Bwd IAT Mean,Fwd Pkts/s,-0.033164849842576366,0.033164849842576366
Flow IAT Max,Fwd PSH Flags,0.03315909307260111,0.03315909307260111
Flow IAT Max,SYN Flag Cnt,0.03315909307260111,0.03315909307260111
Dst Port,Active Max,-0.03301028236044991,0.03301028236044991
Fwd Pkt Len Min,FIN Flag Cnt,-0.033006531439465296,0.033006531439465296
Bwd IAT Std,Active Mean,0.03294524214524568,0.03294524214524568
Pkt Len Var,FIN Flag Cnt,-0.032733769519574615,0.032733769519574615
Bwd IAT Mean,Bwd Pkts/s,-0.031842425557777665,0.031842425557777665
Fwd IAT Std,Init Bwd Win Byts,-0.031739817953481436,0.031739817953481436
FIN Flag Cnt,RST Flag Cnt,-0.03171044177709306,0.03171044177709306
FIN Flag Cnt,ECE Flag Cnt,-0.03171007223348178,0.03171007223348178
Bwd IAT Min,Pkt Len Std,-0.03125350206699311,0.03125350206699311
Dst Port,Idle Std,-0.031236212477073547,0.031236212477073547
Bwd IAT Max,Active Min,0.031180018730969192,0.031180018730969192
Bwd IAT Min,Pkt Len Var,-0.031128949284367706,0.031128949284367706
Dst Port,Idle Mean,0.031084573609836522,0.031084573609836522
Bwd IAT Tot,SYN Flag Cnt,0.030503397042104093,0.030503397042104093
Bwd IAT Tot,Fwd PSH Flags,0.030503397042104093,0.030503397042104093
Flow IAT Max,Fwd Seg Size Min,0.030216493281867197,0.030216493281867197
Bwd Header Len,Idle Max,0.030167238751547254,0.030167238751547254
Flow IAT Std,ACK Flag Cnt,-0.030016041306715716,0.030016041306715716
URG Flag Cnt,CWE Flag Count,0.0299271680718777,0.0299271680718777
Fwd URG Flags,URG Flag Cnt,0.0299271680718777,0.0299271680718777
Fwd Pkt Len Std,Idle Min,-0.029627392258376704,0.029627392258376704
Tot Bwd Pkts,Idle Max,0.029601954340941653,0.029601954340941653
Subflow Bwd Pkts,Idle Max,0.029601954340941653,0.029601954340941653
SYN Flag Cnt,CWE Flag Count,0.029091180390949118,0.029091180390949118
Fwd URG Flags,SYN Flag Cnt,0.029091180390949118,0.029091180390949118
Fwd PSH Flags,Fwd URG Flags,0.029091180390949118,0.029091180390949118
Fwd PSH Flags,CWE Flag Count,0.029091180390949118,0.029091180390949118
Pkt Len Min,Active Max,-0.029056359831930344,0.029056359831930344
ACK Flag Cnt,Idle Std,-0.028965627124336524,0.028965627124336524
Bwd IAT Mean,URG Flag Cnt,-0.028922366470408647,0.028922366470408647
Flow IAT Max,Bwd Header Len,0.02886207094538844,0.02886207094538844
Bwd IAT Min,RST Flag Cnt,-0.02875089371483606,0.02875089371483606
Bwd IAT Min,ECE Flag Cnt,-0.02875042632475872,0.02875042632475872
Fwd Pkt Len Std,Subflow Bwd Pkts,0.02874513106893976,0.02874513106893976
Tot Bwd Pkts,Fwd Pkt Len Std,0.02874513106893976,0.02874513106893976
Bwd Header Len,Idle Mean,0.02869916177921996,0.02869916177921996
Fwd Pkt Len Std,Idle Std,0.028505525478231063,0.028505525478231063
Pkt Len Var,Down/Up Ratio,0.028499442775460095,0.028499442775460095
Tot Bwd Pkts,Flow IAT Max,0.028305297116230983,0.028305297116230983
Flow IAT Max,Subflow Bwd Pkts,0.02830529711623098,0.02830529711623098
Dst Port,Idle Max,0.028233899593855423,0.028233899593855423
Tot Bwd Pkts,Idle Mean,0.028131674482264262,0.028131674482264262
Subflow Bwd Pkts,Idle Mean,0.028131674482264262,0.028131674482264262
Active Std,Idle Min,0.02810675319305846,0.02810675319305846
Bwd Pkt Len Min,Active Min,-0.028007040348497932,0.028007040348497932
Fwd Pkt Len Min,Active Max,-0.027937582953741255,0.027937582953741255
Init Bwd Win Byts,Idle Std,-0.027925823371569132,0.027925823371569132
Bwd IAT Std,URG Flag Cnt,-0.02782767095273226,0.02782767095273226
Fwd IAT Min,Bwd IAT Mean,0.027824984705838208,0.027824984705838208
Bwd IAT Tot,Active Min,0.02768497239445276,0.02768497239445276
Flow Duration,Flow Byts/s,-0.02766395962907983,0.02766395962907983
Flow Duration,FIN Flag Cnt,-0.027499030431647947,0.027499030431647947
Bwd Pkt Len Min,Active Std,-0.027461857024116083,0.027461857024116083
Fwd IAT Min,Bwd IAT Max,-0.0273880865310202,0.0273880865310202
Protocol,Bwd Header Len,-0.027356014772199535,0.027356014772199535
Fwd Pkt Len Min,Bwd Seg Size Avg,-0.027353187344016688,0.027353187344016688
Fwd Pkt Len Min,Bwd Pkt Len Mean,-0.027353187344016688,0.027353187344016688
Dst Port,Active Mean,-0.027334117780236478,0.027334117780236478
Flow Byts/s,Fwd IAT Tot,-0.02710958711799149,0.02710958711799149
Flow Byts/s,Pkt Len Std,-0.027079605659642413,0.027079605659642413
Fwd IAT Tot,FIN Flag Cnt,-0.026946957090937945,0.026946957090937945
Flow Byts/s,Init Bwd Win Byts,-0.026928850435893787,0.026928850435893787
Bwd IAT Std,Bwd Header Len,0.02689714028735602,0.02689714028735602
Fwd IAT Max,Fwd Seg Size Min,0.02686767572319623,0.02686767572319623
Fwd Pkts/s,Init Fwd Win Byts,0.026752997548659178,0.026752997548659178
Bwd IAT Max,Init Bwd Win Byts,-0.02668707673535747,0.02668707673535747
Bwd Header Len,Idle Min,0.026599820882209756,0.026599820882209756
Bwd IAT Min,Init Fwd Win Byts,-0.026554632330617278,0.026554632330617278
Fwd Pkt Len Mean,Bwd Header Len,0.026510072779351725,0.026510072779351725
Bwd Header Len,Fwd Seg Size Avg,0.026510072779351725,0.026510072779351725
ACK Flag Cnt,Active Min,-0.02648324854301242,0.02648324854301242
Pkt Len Min,Active Std,-0.02637466980565063,0.02637466980565063
Flow IAT Mean,Fwd PSH Flags,-0.026371005805557363,0.026371005805557363
Flow IAT Mean,SYN Flag Cnt,-0.026371005805557363,0.026371005805557363
Subflow Bwd Pkts,Idle Min,0.026114073335219812,0.026114073335219812
Tot Bwd Pkts,Idle Min,0.026114073335219812,0.026114073335219812
Dst Port,Active Std,-0.026112649578983262,0.026112649578983262
Fwd Pkt Len Std,Idle Mean,-0.026024347818817975,0.026024347818817975
Bwd Pkt Len Mean,Pkt Len Min,-0.025994204459951337,0.025994204459951337
Pkt Len Min,Bwd Seg Size Avg,-0.025994204459951323,0.025994204459951323
Bwd IAT Min,Pkt Len Min,-0.025942408315638314,0.025942408315638314
FIN Flag Cnt,Init Bwd Win Byts,-0.025815783415088833,0.025815783415088833
Fwd Pkt Len Max,Bwd IAT Min,-0.02549718705274953,0.02549718705274953
Protocol,Pkt Size Avg,0.025453533156912237,0.025453533156912237
Fwd PSH Flags,URG Flag Cnt,-0.025389200228379975,0.025389200228379975
SYN Flag Cnt,URG Flag Cnt,-0.025389200228379975,0.025389200228379975
Pkt Len Mean,Fwd Seg Size Min,0.025386795639102615,0.025386795639102615
Fwd Pkt Len Min,Active Std,-0.02530777413559957,0.02530777413559957
Fwd Pkt Len Std,Subflow Fwd Byts,0.02525518359487818,0.02525518359487818
TotLen Fwd Pkts,Fwd Pkt Len Std,0.025255183594878168,0.025255183594878168
Flow Byts/s,Flow IAT Max,-0.025115649154781573,0.025115649154781573
Fwd PSH Flags,Subflow Bwd Byts,0.025100674333236875,0.025100674333236875
SYN Flag Cnt,Subflow Bwd Byts,0.025100674333236875,0.025100674333236875
TotLen Bwd Pkts,SYN Flag Cnt,0.02510067433323687,0.02510067433323687
TotLen Bwd Pkts,Fwd PSH Flags,0.02510067433323687,0.02510067433323687
Fwd Pkts/s,PSH Flag Cnt,-0.025073391338339718,0.025073391338339718
Fwd IAT Max,Bwd Header Len,0.02489966904927716,0.02489966904927716
Fwd IAT Std,Bwd Header Len,0.02461192523967012,0.02461192523967012
Flow Byts/s,RST Flag Cnt,-0.024603194006374906,0.024603194006374906
Flow Byts/s,ECE Flag Cnt,-0.024602775962696756,0.024602775962696756
Flow IAT Max,FIN Flag Cnt,-0.024541329852543682,0.024541329852543682
Flow Byts/s,Fwd IAT Max,-0.024493653374557285,0.024493653374557285
Bwd IAT Std,Subflow Bwd Pkts,0.024417885545422905,0.024417885545422905
Tot Bwd Pkts,Bwd IAT Std,0.024417885545422905,0.024417885545422905
Tot Bwd Pkts,Fwd IAT Max,0.024355194055807203,0.024355194055807203
Fwd IAT Max,Subflow Bwd Pkts,0.0243551940558072,0.0243551940558072
Bwd Pkt Len Std,Down/Up Ratio,-0.024354163890864977,0.024354163890864977
Fwd IAT Min,Fwd Seg Size Min,-0.02405075152477143,0.02405075152477143
Bwd Header Len,Pkt Len Min,-0.02392786293119015,0.02392786293119015
Fwd IAT Max,FIN Flag Cnt,-0.023922927885972535,0.023922927885972535
ECE Flag Cnt,Idle Std,0.023763548364294725,0.023763548364294725
RST Flag Cnt,Idle Std,0.02376256972103197,0.02376256972103197
Pkt Len Min,Idle Std,0.023689175764352813,0.023689175764352813
Fwd Pkt Len Std,Idle Max,-0.023643963845516997,0.023643963845516997
Fwd Pkt Len Min,Bwd IAT Min,-0.023544414294057035,0.023544414294057035
Subflow Bwd Byts,Idle Max,0.02349138872640249,0.02349138872640249
TotLen Bwd Pkts,Idle Max,0.02349138872640249,0.02349138872640249
TotLen Bwd Pkts,Fwd Pkt Len Max,0.02341230192212728,0.02341230192212728
Fwd Pkt Len Max,Subflow Bwd Byts,0.02341230192212728,0.02341230192212728
Flow Pkts/s,PSH Flag Cnt,0.02338063269742633,0.02338063269742633
Flow Byts/s,Init Fwd Win Byts,-0.023193788388529476,0.023193788388529476
Flow IAT Max,Subflow Bwd Byts,0.023170022180281875,0.023170022180281875
TotLen Bwd Pkts,Flow IAT Max,0.02317002218028187,0.02317002218028187
Dst Port,Bwd Pkts/s,-0.023065280072396582,0.023065280072396582
Bwd IAT Mean,Active Max,0.023030941044290505,0.023030941044290505
Bwd IAT Std,Active Min,0.02295753649743081,0.02295753649743081
Pkt Len Var,Active Max,0.022952723134530634,0.022952723134530634
Flow IAT Min,Fwd Seg Size Min,-0.022908660972395217,0.022908660972395217
Fwd Pkt Len Min,Bwd Header Len,-0.022859893156341786,0.022859893156341786
Bwd IAT Std,Init Bwd Win Byts,-0.02284319759422106,0.02284319759422106
Tot Bwd Pkts,Fwd PSH Flags,0.022837375077847905,0.022837375077847905
Tot Bwd Pkts,SYN Flag Cnt,0.022837375077847905,0.022837375077847905
SYN Flag Cnt,Subflow Bwd Pkts,0.022837375077847905,0.022837375077847905
Fwd PSH Flags,Subflow Bwd Pkts,0.022837375077847905,0.022837375077847905
Bwd Pkt Len Mean,Fwd Seg Size Min,-0.022726019281821466,0.022726019281821466
Bwd Seg Size Avg,Fwd Seg Size Min,-0.022726019281821445,0.022726019281821445
TotLen Fwd Pkts,Pkt Len Max,0.0227146787502542,0.0227146787502542
Pkt Len Max,Subflow Fwd Byts,0.022714678750254194,0.022714678750254194
Fwd Pkt Len Max,Flow Byts/s,-0.02266364131854292,0.02266364131854292
Flow Byts/s,Pkt Len Var,-0.022620267933923528,0.022620267933923528
Bwd Header Len,Idle Std,0.022558784954979868,0.022558784954979868
Bwd Header Len,Active Max,0.022492710643318294,0.022492710643318294
Fwd IAT Std,Subflow Bwd Pkts,0.02246973516113116,0.02246973516113116
Tot Bwd Pkts,Fwd IAT Std,0.02246973516113116,0.02246973516113116
Subflow Bwd Byts,Idle Mean,0.022403407540148884,0.022403407540148884
TotLen Bwd Pkts,Idle Mean,0.022403407540148884,0.022403407540148884
Subflow Bwd Pkts,Active Max,0.022401614667722395,0.022401614667722395
Tot Bwd Pkts,Active Max,0.022401614667722395,0.022401614667722395
Subflow Bwd Pkts,Idle Std,0.02227971631331036,0.02227971631331036
Tot Bwd Pkts,Idle Std,0.02227971631331036,0.02227971631331036
Fwd PSH Flags,Bwd Header Len,0.022185829889510553,0.022185829889510553
Bwd Header Len,SYN Flag Cnt,0.02218582988951055,0.02218582988951055
Tot Bwd Pkts,Fwd Seg Size Avg,0.022012106910792986,0.022012106910792986
Tot Bwd Pkts,Fwd Pkt Len Mean,0.02201210691079298,0.02201210691079298
Fwd Seg Size Avg,Subflow Bwd Pkts,0.02201210691079298,0.02201210691079298
Fwd Pkt Len Mean,Subflow Bwd Pkts,0.022012106910792976,0.022012106910792976
Protocol,Subflow Bwd Pkts,-0.02199328804523384,0.02199328804523384
Protocol,Tot Bwd Pkts,-0.02199328804523384,0.02199328804523384
Fwd Pkt Len Min,Idle Std,0.021990163662759896,0.021990163662759896
Pkt Len Min,Active Mean,-0.021956511872747813,0.021956511872747813
Fwd IAT Std,Down/Up Ratio,-0.02182628379477033,0.02182628379477033
Subflow Fwd Pkts,Subflow Bwd Byts,0.021766688399651228,0.021766688399651228
Tot Fwd Pkts,Subflow Bwd Byts,0.021766688399651228,0.021766688399651228
Tot Fwd Pkts,TotLen Bwd Pkts,0.021766688399651228,0.021766688399651228
TotLen Bwd Pkts,Subflow Fwd Pkts,0.021766688399651225,0.021766688399651225
Flow IAT Mean,Fwd IAT Std,0.021628206814428706,0.021628206814428706
Tot Bwd Pkts,Subflow Fwd Pkts,0.021588088889401728,0.021588088889401728
Tot Fwd Pkts,Tot Bwd Pkts,0.021588088889401728,0.021588088889401728
Tot Fwd Pkts,Subflow Bwd Pkts,0.021588088889401728,0.021588088889401728
Subflow Fwd Pkts,Subflow Bwd Pkts,0.021588088889401728,0.021588088889401728
Fwd IAT Mean,Idle Std,0.021583473296227562,0.021583473296227562
Bwd Header Len,Subflow Fwd Pkts,0.02155508478335657,0.02155508478335657
Tot Fwd Pkts,Bwd Header Len,0.02155508478335657,0.02155508478335657
Flow Byts/s,Idle Max,-0.021251433199309246,0.021251433199309246
Pkt Size Avg,Init Fwd Win Byts,0.02124045145472067,0.02124045145472067
Bwd Pkt Len Min,Pkt Len Mean,-0.02119172431083529,0.02119172431083529
Fwd Pkt Len Min,Active Mean,-0.021141071171322714,0.021141071171322714
FIN Flag Cnt,Idle Max,-0.021138058253187802,0.021138058253187802
Flow Byts/s,Idle Mean,-0.021029319561059006,0.021029319561059006
TotLen Bwd Pkts,Idle Min,0.020965125392554865,0.020965125392554865
Subflow Bwd Byts,Idle Min,0.020965125392554865,0.020965125392554865
FIN Flag Cnt,Idle Mean,-0.020907875783381005,0.020907875783381005
Bwd IAT Tot,FIN Flag Cnt,-0.020607952452699824,0.020607952452699824
Fwd Pkts/s,URG Flag Cnt,0.020595940621726424,0.020595940621726424
Flow Byts/s,Idle Min,-0.02057848207408036,0.02057848207408036
FIN Flag Cnt,Idle Min,-0.02044913209450672,0.02044913209450672
Flow Byts/s,Bwd IAT Tot,-0.020365101106504198,0.020365101106504198
Bwd Header Len,Subflow Fwd Byts,0.02028626335030337,0.02028626335030337
TotLen Fwd Pkts,Bwd Header Len,0.02028626335030337,0.02028626335030337
Bwd IAT Tot,Down/Up Ratio,0.020152808126238802,0.020152808126238802
Dst Port,Active Min,-0.020012267319637313,0.020012267319637313
Protocol,Fwd Act Data Pkts,0.019865416010327454,0.019865416010327454
Bwd IAT Std,Down/Up Ratio,0.019826389267784145,0.019826389267784145
Pkt Len Min,Subflow Bwd Pkts,-0.019432215349719145,0.019432215349719145
Tot Bwd Pkts,Pkt Len Min,-0.019432215349719145,0.019432215349719145
Fwd IAT Max,Subflow Bwd Byts,0.019266723124856003,0.019266723124856003
TotLen Bwd Pkts,Fwd IAT Max,0.019266723124856003,0.019266723124856003
Flow Byts/s,Flow IAT Std,-0.019192470935684054,0.019192470935684054
Bwd Header Len,ECE Flag Cnt,0.019029681119079676,0.019029681119079676
Bwd Header Len,RST Flag Cnt,0.019029148771364024,0.019029148771364024
Flow Byts/s,Fwd IAT Mean,-0.018895386308041804,0.018895386308041804
Tot Bwd Pkts,Active Min,0.018874341397839778,0.018874341397839778
Subflow Bwd Pkts,Active Min,0.018874341397839778,0.018874341397839778
Bwd Header Len,Active Min,0.018845551363908097,0.018845551363908097
Fwd IAT Max,PSH Flag Cnt,-0.01881384631931767,0.01881384631931767
Bwd IAT Mean,Down/Up Ratio,-0.018758943404553814,0.018758943404553814
Protocol,Subflow Fwd Pkts,0.01874126837285956,0.01874126837285956
Protocol,Tot Fwd Pkts,0.01874126837285956,0.01874126837285956
Flow Byts/s,Fwd IAT Std,-0.018723478284101137,0.018723478284101137
TotLen Bwd Pkts,Active Max,0.018657678186631763,0.018657678186631763
Subflow Bwd Byts,Active Max,0.018657678186631763,0.018657678186631763
Tot Bwd Pkts,Fwd Pkt Len Min,-0.018582424790099993,0.018582424790099993
Fwd Pkt Len Min,Subflow Bwd Pkts,-0.018582424790099993,0.018582424790099993
Pkt Len Mean,Active Max,0.01858112249601523,0.01858112249601523
Tot Bwd Pkts,Active Mean,0.018554670898573204,0.018554670898573204
Subflow Bwd Pkts,Active Mean,0.018554670898573204,0.018554670898573204
Down/Up Ratio,Idle Std,0.01853229994893846,0.01853229994893846
Fwd IAT Mean,FIN Flag Cnt,-0.018461490277941788,0.018461490277941788
Bwd Header Len,Active Mean,0.018403207189683368,0.018403207189683368
Flow IAT Std,Bwd Header Len,0.018373322219349467,0.018373322219349467
Tot Bwd Pkts,Subflow Fwd Byts,0.01829136398619881,0.01829136398619881
TotLen Fwd Pkts,Subflow Bwd Pkts,0.01829136398619881,0.01829136398619881
Subflow Fwd Byts,Subflow Bwd Pkts,0.01829136398619881,0.01829136398619881
Tot Bwd Pkts,TotLen Fwd Pkts,0.01829136398619881,0.01829136398619881
Bwd IAT Tot,Init Fwd Win Byts,0.018168122858524188,0.018168122858524188
Flow IAT Std,Init Fwd Win Byts,-0.01809692099714468,0.01809692099714468
Flow IAT Std,FIN Flag Cnt,-0.018015156558591892,0.018015156558591892
Init Bwd Win Byts,Active Max,-0.017995246180630812,0.017995246180630812
Flow Pkts/s,Idle Std,-0.01798312958762484,0.01798312958762484
Bwd IAT Max,FIN Flag Cnt,-0.017843505721072524,0.017843505721072524
Init Fwd Win Byts,Active Max,-0.017831877259067447,0.017831877259067447
Init Fwd Win Byts,Active Std,-0.01776490058380328,0.01776490058380328
Init Bwd Win Byts,Active Std,-0.01776226558894337,0.01776226558894337
Bwd Header Len,Fwd Seg Size Min,0.017729933803728892,0.017729933803728892
FIN Flag Cnt,Fwd Seg Size Min,0.017708572782319586,0.017708572782319586
Bwd IAT Std,FIN Flag Cnt,-0.017701352683977784,0.017701352683977784
CWE Flag Count,Fwd Seg Size Min,0.017687279300978354,0.017687279300978354
Fwd URG Flags,Fwd Seg Size Min,0.017687279300978354,0.017687279300978354
Flow Byts/s,Bwd IAT Max,-0.01763983362909334,0.01763983362909334
Fwd IAT Std,FIN Flag Cnt,-0.01752371009788964,0.01752371009788964
Flow Byts/s,Bwd IAT Std,-0.017523293616054765,0.017523293616054765
Flow Byts/s,Flow IAT Mean,-0.017518208301663316,0.017518208301663316
Flow IAT Min,Bwd IAT Min,-0.017316561367588478,0.017316561367588478
Fwd Pkts/s,Down/Up Ratio,-0.01715665203017864,0.01715665203017864
Flow IAT Min,Idle Std,-0.01710753865270936,0.01710753865270936
Flow IAT Mean,FIN Flag Cnt,-0.01710624469223565,0.01710624469223565
Dst Port,Tot Bwd Pkts,-0.017011999401084027,0.017011999401084027
Dst Port,Subflow Bwd Pkts,-0.017011999401084027,0.017011999401084027
Fwd Pkt Len Std,Bwd IAT Min,-0.016863832817359585,0.016863832817359585
Dst Port,Bwd Header Len,-0.016717075532070094,0.016717075532070094
Dst Port,Fwd IAT Max,0.016547472590818995,0.016547472590818995
ECE Flag Cnt,Subflow Bwd Pkts,0.016493316927268402,0.016493316927268402
Tot Bwd Pkts,ECE Flag Cnt,0.016493316927268395,0.016493316927268395
Tot Bwd Pkts,RST Flag Cnt,0.01649283090833651,0.01649283090833651
RST Flag Cnt,Subflow Bwd Pkts,0.01649283090833651,0.01649283090833651
Fwd Pkt Len Min,Pkt Len Mean,0.01642004333285384,0.01642004333285384
TotLen Bwd Pkts,Active Min,0.016261728475361115,0.016261728475361115
Subflow Bwd Byts,Active Min,0.016261728475361115,0.016261728475361115
Subflow Bwd Byts,Idle Std,0.01625277899384166,0.01625277899384166
TotLen Bwd Pkts,Idle Std,0.01625277899384166,0.01625277899384166
Init Fwd Win Byts,Active Mean,-0.01624665540779157,0.01624665540779157
Flow IAT Std,Down/Up Ratio,-0.016198900220393168,0.016198900220393168
Flow IAT Std,Subflow Bwd Pkts,0.016189877749418425,0.016189877749418425
Tot Bwd Pkts,Flow IAT Std,0.01618987774941842,0.01618987774941842
Fwd IAT Min,Active Max,-0.01616500703400542,0.01616500703400542
Flow IAT Min,Active Max,-0.01609358842196703,0.01609358842196703
Bwd IAT Min,Pkt Size Avg,-0.015967290919756152,0.015967290919756152
Flow IAT Mean,Fwd Seg Size Min,-0.015939064950665088,0.015939064950665088
Protocol,TotLen Fwd Pkts,0.015813619933853565,0.015813619933853565
Protocol,Subflow Fwd Byts,0.015813619933853565,0.015813619933853565
Bwd IAT Min,Down/Up Ratio,-0.015758911209182335,0.015758911209182335
Flow Pkts/s,Active Max,-0.01575585584284762,0.01575585584284762
Protocol,Fwd Header Len,0.01572656909718738,0.01572656909718738
TotLen Bwd Pkts,Active Mean,0.015722168893320426,0.015722168893320426
Subflow Bwd Byts,Active Mean,0.015722168893320426,0.015722168893320426
Bwd IAT Min,URG Flag Cnt,-0.0156907037231213,0.0156907037231213
Flow Byts/s,Fwd IAT Min,-0.015653882384907187,0.015653882384907187
Fwd Pkts/s,Idle Std,-0.015601016695739553,0.015601016695739553
Flow Pkts/s,Down/Up Ratio,0.015564740099776599,0.015564740099776599
Fwd Seg Size Avg,Active Std,-0.015549106146902409,0.015549106146902409
Fwd Pkt Len Mean,Active Std,-0.015549106146902405,0.015549106146902405
Bwd IAT Std,Bwd IAT Min,0.015511904521476412,0.015511904521476412
Flow Pkts/s,Bwd IAT Min,-0.01548192564401328,0.01548192564401328
Bwd IAT Mean,Init Fwd Win Byts,-0.015479768665987473,0.015479768665987473
Fwd IAT Min,FIN Flag Cnt,-0.01544703876328969,0.01544703876328969
Fwd Act Data Pkts,Fwd Seg Size Min,-0.01541945456696263,0.01541945456696263
Flow Byts/s,Flow IAT Min,-0.015379837060436023,0.015379837060436023
Subflow Fwd Pkts,Fwd Seg Size Min,-0.015177774843564761,0.015177774843564761
Tot Fwd Pkts,Fwd Seg Size Min,-0.015177774843564761,0.015177774843564761
Bwd IAT Mean,Active Mean,0.01515418327700401,0.01515418327700401
Flow IAT Min,FIN Flag Cnt,-0.015152096504166733,0.015152096504166733
Bwd IAT Mean,Active Std,0.015148368474258237,0.015148368474258237
Fwd IAT Min,Idle Std,-0.015144795331185882,0.015144795331185882
FIN Flag Cnt,SYN Flag Cnt,-0.015077725695470827,0.015077725695470827
Fwd PSH Flags,FIN Flag Cnt,-0.015077725695470827,0.015077725695470827
ECE Flag Cnt,Idle Max,0.015068570080487105,0.015068570080487105
RST Flag Cnt,Idle Max,0.015065723923606791,0.015065723923606791
Down/Up Ratio,Fwd Seg Size Avg,0.014982637508113114,0.014982637508113114
Fwd Pkt Len Mean,Down/Up Ratio,0.0149826375081131,0.0149826375081131
Bwd Pkts/s,Idle Std,-0.014978891095850086,0.014978891095850086
TotLen Bwd Pkts,PSH Flag Cnt,0.014902378215806492,0.014902378215806492
PSH Flag Cnt,Subflow Bwd Byts,0.014902378215806488,0.014902378215806488
FIN Flag Cnt,URG Flag Cnt,-0.014656543413620047,0.014656543413620047
Bwd IAT Std,Init Fwd Win Byts,0.014460726103935029,0.014460726103935029
Bwd Header Len,ACK Flag Cnt,-0.014395835943185562,0.014395835943185562
Flow Byts/s,URG Flag Cnt,-0.01421454391399873,0.01421454391399873
Flow Byts/s,Pkt Len Mean,-0.014210693104396358,0.014210693104396358
URG Flag Cnt,Active Max,-0.014084210103346524,0.014084210103346524
TotLen Bwd Pkts,Bwd Pkt Len Std,0.014068082709442884,0.014068082709442884
Bwd Pkt Len Std,Subflow Bwd Byts,0.014068082709442884,0.014068082709442884
Fwd Pkt Len Std,Flow Byts/s,-0.013991611815033226,0.013991611815033226
Bwd IAT Min,Pkt Len Mean,-0.013991323343951886,0.013991323343951886
ECE Flag Cnt,Idle Mean,0.013952499088301087,0.013952499088301087
RST Flag Cnt,Idle Mean,0.013949690026056293,0.013949690026056293
Fwd IAT Tot,Fwd PSH Flags,0.013918817753131816,0.013918817753131816
Fwd IAT Tot,SYN Flag Cnt,0.013918817753131816,0.013918817753131816
Fwd URG Flags,Init Fwd Win Byts,0.013869837653428375,0.013869837653428375
CWE Flag Count,Init Fwd Win Byts,0.013869837653428375,0.013869837653428375
ACK Flag Cnt,Subflow Bwd Pkts,-0.013860972616788952,0.013860972616788952
Tot Bwd Pkts,ACK Flag Cnt,-0.01386097261678895,0.01386097261678895
Fwd IAT Min,Active Mean,-0.01376542581749936,0.01376542581749936
Flow Pkts/s,Active Mean,-0.013692349199325713,0.013692349199325713
Flow IAT Min,Active Mean,-0.013677416139404699,0.013677416139404699
Fwd Pkts/s,Active Max,-0.013668849254337046,0.013668849254337046
Pkt Len Mean,Subflow Fwd Byts,0.013604818972932956,0.013604818972932956
TotLen Fwd Pkts,Pkt Len Mean,0.013604818972932952,0.013604818972932952
Pkt Len Min,Active Min,-0.013593043979247325,0.013593043979247325
Init Bwd Win Byts,Active Mean,-0.013534689197846393,0.013534689197846393
Down/Up Ratio,Active Std,-0.013480194060131415,0.013480194060131415
Bwd IAT Min,Fwd Pkts/s,-0.013431188359010476,0.013431188359010476
Protocol,Flow Byts/s,-0.013409970406796827,0.013409970406796827
Bwd IAT Mean,FIN Flag Cnt,-0.013323718466997616,0.013323718466997616
Flow Byts/s,Bwd IAT Mean,-0.013192534845787873,0.013192534845787873
Pkt Len Var,Active Std,0.013163168306752534,0.013163168306752534
Fwd Pkt Len Min,Active Min,-0.013128812248202552,0.013128812248202552
Bwd Pkts/s,Active Max,-0.013123794391598472,0.013123794391598472
Bwd Pkt Len Min,Bwd Header Len,-0.013080675419236428,0.013080675419236428
Flow Duration,SYN Flag Cnt,0.012900024831279468,0.012900024831279468
Flow Duration,Fwd PSH Flags,0.012900024831279468,0.012900024831279468
Bwd IAT Min,Bwd Pkts/s,-0.0128956901617199,0.0128956901617199
Protocol,TotLen Bwd Pkts,-0.012870531668496204,0.012870531668496204
Protocol,Subflow Bwd Byts,-0.012870531668496204,0.012870531668496204
Fwd Pkt Len Max,Idle Min,-0.012856316118407696,0.012856316118407696
Fwd IAT Std,Init Fwd Win Byts,-0.012831001660878255,0.012831001660878255
Bwd IAT Std,SYN Flag Cnt,0.012773738976939961,0.012773738976939961
Bwd IAT Std,Fwd PSH Flags,0.012773738976939961,0.012773738976939961
Pkt Len Std,Down/Up Ratio,0.012754874339448333,0.012754874339448333
Fwd Pkt Len Min,Flow Byts/s,0.012740999491860626,0.012740999491860626
PSH Flag Cnt,Active Std,-0.012573576384290316,0.012573576384290316
TotLen Fwd Pkts,Pkt Len Std,0.012551627962320311,0.012551627962320311
Pkt Len Std,Subflow Fwd Byts,0.012551627962320308,0.012551627962320308
Fwd Pkt Len Max,Fwd IAT Max,0.01235249705798859,0.01235249705798859
TotLen Fwd Pkts,Fwd Seg Size Min,-0.012291279513919753,0.012291279513919753
Subflow Fwd Byts,Fwd Seg Size Min,-0.012291279513919753,0.012291279513919753
Subflow Bwd Pkts,Fwd Seg Size Min,0.012208971538899674,0.012208971538899674
Tot Bwd Pkts,Fwd Seg Size Min,0.012208971538899674,0.012208971538899674
URG Flag Cnt,Active Std,-0.012102274227365088,0.012102274227365088
Bwd IAT Mean,Init Bwd Win Byts,-0.012061264718536852,0.012061264718536852
Bwd IAT Mean,Active Min,0.012054248162358557,0.012054248162358557
Bwd Pkt Len Mean,Bwd IAT Min,-0.012037368289429348,0.012037368289429348
Bwd IAT Min,Bwd Seg Size Avg,-0.012037368289429348,0.012037368289429348
Fwd IAT Min,Active Std,-0.0120201159866782,0.0120201159866782
Bwd Pkt Len Min,Flow Byts/s,-0.012011781499427504,0.012011781499427504
Flow IAT Min,Active Std,-0.011958204607741841,0.011958204607741841
Fwd Header Len,Fwd Seg Size Min,-0.011913957943806003,0.011913957943806003
Fwd Pkts/s,Active Mean,-0.011878737777257033,0.011878737777257033
ECE Flag Cnt,Idle Min,0.01181974452834627,0.01181974452834627
RST Flag Cnt,Idle Min,0.011817009693069546,0.011817009693069546
Fwd IAT Min,Bwd Header Len,-0.011728604076382496,0.011728604076382496
Fwd Header Len,Pkt Len Mean,0.011727120662548872,0.011727120662548872
Flow IAT Min,Bwd Header Len,-0.011698223045717764,0.011698223045717764
Fwd Pkt Len Max,Active Max,0.011667639992743001,0.011667639992743001
Pkt Size Avg,Subflow Fwd Byts,0.01158561799145187,0.01158561799145187
TotLen Fwd Pkts,Pkt Size Avg,0.01158561799145187,0.01158561799145187
Dst Port,Flow IAT Max,0.011546887224292259,0.011546887224292259
Fwd IAT Mean,Fwd PSH Flags,-0.011516887112450047,0.011516887112450047
Fwd IAT Mean,SYN Flag Cnt,-0.011516887112450047,0.011516887112450047
Bwd Pkts/s,Active Mean,-0.011405036639797264,0.011405036639797264
Flow Pkts/s,Active Std,-0.011382268464139658,0.011382268464139658
Bwd Seg Size Avg,Active Max,0.011377810019127228,0.011377810019127228
Bwd Pkt Len Mean,Active Max,0.011377810019127223,0.011377810019127223
Pkt Len Max,Down/Up Ratio,-0.011312461483490707,0.011312461483490707
TotLen Fwd Pkts,ACK Flag Cnt,-0.011292576328419927,0.011292576328419927
ACK Flag Cnt,Subflow Fwd Byts,-0.011292576328419927,0.011292576328419927
Pkt Len Min,Subflow Bwd Byts,-0.011236044976746636,0.011236044976746636
TotLen Bwd Pkts,Pkt Len Min,-0.011236044976746636,0.011236044976746636
URG Flag Cnt,Active Mean,-0.011025320414445554,0.011025320414445554
Fwd IAT Min,Subflow Bwd Pkts,-0.011016683540049662,0.011016683540049662
Tot Bwd Pkts,Fwd IAT Min,-0.011016683540049662,0.011016683540049662
Tot Bwd Pkts,Flow IAT Min,-0.011012660238841673,0.011012660238841673
Flow IAT Min,Subflow Bwd Pkts,-0.011012660238841671,0.011012660238841671
Pkt Len Min,Fwd Act Data Pkts,0.010888081174147687,0.010888081174147687
Pkt Size Avg,Active Max,0.010840916302587352,0.010840916302587352
Flow Pkts/s,Active Min,-0.010834906423962828,0.010834906423962828
PSH Flag Cnt,Active Mean,-0.010830150161869381,0.010830150161869381
TotLen Bwd Pkts,Fwd Pkt Len Min,-0.010776870055678248,0.010776870055678248
Fwd Pkt Len Min,Subflow Bwd Byts,-0.010776870055678248,0.010776870055678248
Flow IAT Mean,Bwd IAT Max,0.010729519748293642,0.010729519748293642
Fwd IAT Min,Active Min,-0.01064098910772575,0.01064098910772575
Flow IAT Min,Active Min,-0.010566028716373679,0.010566028716373679
Fwd Pkt Len Max,Flow IAT Max,0.01045335997108723,0.01045335997108723
Pkt Len Std,Active Max,0.0104225957614163,0.0104225957614163
Pkt Len Var,Active Mean,0.010347698098917744,0.010347698098917744
Flow IAT Mean,Bwd Header Len,-0.010337876056218121,0.010337876056218121
Fwd Header Len,ACK Flag Cnt,-0.010289560316225696,0.010289560316225696
Fwd Pkt Len Min,Fwd Act Data Pkts,0.01026917573215921,0.01026917573215921
Init Fwd Win Byts,Active Min,-0.010235066543265435,0.010235066543265435
Fwd IAT Mean,Fwd Seg Size Min,-0.01020346343467608,0.01020346343467608
Dst Port,TotLen Bwd Pkts,-0.010107080910674698,0.010107080910674698
Dst Port,Subflow Bwd Byts,-0.010107080910674698,0.010107080910674698
Pkt Len Min,Subflow Fwd Pkts,0.010063360011700873,0.010063360011700873
Tot Fwd Pkts,Pkt Len Min,0.010063360011700873,0.010063360011700873
Flow IAT Mean,Subflow Bwd Pkts,-0.00999363055564883,0.00999363055564883
Tot Bwd Pkts,Flow IAT Mean,-0.009993630555648829,0.009993630555648829
Fwd Pkts/s,Active Std,-0.00987462754032523,0.00987462754032523
Bwd Pkt Len Min,Fwd Header Len,-0.009744608865379503,0.009744608865379503
Bwd Pkt Len Min,Subflow Fwd Byts,-0.009530400370289533,0.009530400370289533
TotLen Fwd Pkts,Bwd Pkt Len Min,-0.009530400370289533,0.009530400370289533
ACK Flag Cnt,Subflow Fwd Pkts,-0.009514976835138855,0.009514976835138855
Tot Fwd Pkts,ACK Flag Cnt,-0.009514976835138854,0.009514976835138854
Bwd Pkts/s,Active Std,-0.009481025496596603,0.009481025496596603
Tot Fwd Pkts,Fwd Pkt Len Min,0.009478418654772763,0.009478418654772763
Fwd Pkt Len Min,Subflow Fwd Pkts,0.009478418654772763,0.009478418654772763
PSH Flag Cnt,Idle Min,-0.009472709803891515,0.009472709803891515
Fwd Header Len,Pkt Size Avg,0.009449251975903775,0.009449251975903775
Fwd Pkts/s,Active Min,-0.009399855937523518,0.009399855937523518
Bwd IAT Min,Fwd Seg Size Avg,-0.009381058532307618,0.009381058532307618
Fwd Pkt Len Mean,Bwd IAT Min,-0.009381058532307618,0.009381058532307618
ACK Flag Cnt,Fwd Act Data Pkts,-0.009378500368999601,0.009378500368999601
Flow Pkts/s,Bwd Header Len,-0.009313756822738928,0.009313756822738928
Fwd IAT Std,Subflow Bwd Byts,0.009207542470668684,0.009207542470668684
TotLen Bwd Pkts,Fwd IAT Std,0.009207542470668684,0.009207542470668684
Flow IAT Mean,Idle Std,0.009171048577802087,0.009171048577802087
Bwd Pkt Len Max,Active Max,0.009166288605471326,0.009166288605471326
Bwd Pkts/s,Active Min,-0.009024913469950307,0.009024913469950307
Bwd Header Len,Init Fwd Win Byts,0.00901045646655916,0.00901045646655916
Bwd Header Len,Init Bwd Win Byts,0.008978964369721685,0.008978964369721685
Bwd IAT Min,Fwd Seg Size Min,0.008952912009471329,0.008952912009471329
Bwd IAT Mean,Bwd Header Len,0.008846423817765353,0.008846423817765353
Bwd Header Len,URG Flag Cnt,-0.00876102613973066,0.00876102613973066
Flow Pkts/s,Subflow Bwd Pkts,-0.008734150578078291,0.008734150578078291
Tot Bwd Pkts,Flow Pkts/s,-0.00873415057807829,0.00873415057807829
Bwd Pkts/s,FIN Flag Cnt,-0.008674734037822911,0.008674734037822911
PSH Flag Cnt,Fwd Act Data Pkts,-0.008627538570761527,0.008627538570761527
TotLen Fwd Pkts,Fwd Pkt Len Min,0.008585181071886413,0.008585181071886413
Fwd Pkt Len Min,Subflow Fwd Byts,0.008585181071886413,0.008585181071886413
Flow Duration,ACK Flag Cnt,-0.008538286164645022,0.008538286164645022
Flow Byts/s,Pkt Size Avg,-0.008512937501096036,0.008512937501096036
URG Flag Cnt,Subflow Bwd Pkts,-0.008477631243380785,0.008477631243380785
Tot Bwd Pkts,URG Flag Cnt,-0.008477631243380785,0.008477631243380785
Pkt Len Var,Active Min,0.008390169240755144,0.008390169240755144
Bwd Header Len,Fwd Pkts/s,-0.008360867645798166,0.008360867645798166
RST Flag Cnt,Active Std,-0.00833157562139881,0.00833157562139881
ECE Flag Cnt,Active Std,-0.00833113436732173,0.00833113436732173
Pkt Len Max,Active Max,0.008266165262411805,0.008266165262411805
Fwd IAT Mean,Bwd Header Len,-0.00814323049108768,0.00814323049108768
Fwd IAT Mean,Subflow Bwd Pkts,-0.008130440003792656,0.008130440003792656
Tot Bwd Pkts,Fwd IAT Mean,-0.008130440003792656,0.008130440003792656
Tot Bwd Pkts,Active Std,0.008116573644437252,0.008116573644437252
Subflow Bwd Pkts,Active Std,0.008116573644437252,0.008116573644437252
Pkt Len Min,Subflow Fwd Byts,0.008083848107304689,0.008083848107304689
TotLen Fwd Pkts,Pkt Len Min,0.008083848107304689,0.008083848107304689
Subflow Bwd Pkts,Init Bwd Win Byts,0.008054807225391076,0.008054807225391076
Tot Bwd Pkts,Init Bwd Win Byts,0.008054807225391076,0.008054807225391076
Bwd Header Len,Active Std,0.00804862745324792,0.00804862745324792
Bwd Pkt Len Min,Subflow Bwd Pkts,-0.008048251705787931,0.008048251705787931
Tot Bwd Pkts,Bwd Pkt Len Min,-0.008048251705787927,0.008048251705787927
Flow IAT Max,PSH Flag Cnt,-0.00799187211396417,0.00799187211396417
TotLen Bwd Pkts,Bwd IAT Std,0.007940933461248592,0.007940933461248592
Bwd IAT Std,Subflow Bwd Byts,0.007940933461248592,0.007940933461248592
Fwd PSH Flags,Active Std,-0.007922134236535414,0.007922134236535414
SYN Flag Cnt,Active Std,-0.007922134236535414,0.007922134236535414
RST Flag Cnt,Active Mean,-0.007894563245871124,0.007894563245871124
ECE Flag Cnt,Active Mean,-0.0078940162130207,0.0078940162130207
Fwd Pkts/s,Subflow Bwd Pkts,-0.007850690947924533,0.007850690947924533
Tot Bwd Pkts,Fwd Pkts/s,-0.007850690947924533,0.007850690947924533
Tot Fwd Pkts,PSH Flag Cnt,-0.007825447230356485,0.007825447230356485
PSH Flag Cnt,Subflow Fwd Pkts,-0.007825447230356483,0.007825447230356483
Pkt Len Std,Fwd Act Data Pkts,-0.007768530828595277,0.007768530828595277
Bwd Pkt Len Min,Subflow Fwd Pkts,-0.007555485047534215,0.007555485047534215
Tot Fwd Pkts,Bwd Pkt Len Min,-0.007555485047534215,0.007555485047534215
Fwd Header Len,Pkt Len Var,0.00754554827960306,0.00754554827960306
Init Bwd Win Byts,Active Min,-0.00752687459342631,0.00752687459342631
Bwd Seg Size Avg,Fwd Act Data Pkts,-0.007466635674811248,0.007466635674811248
Bwd Pkt Len Mean,Fwd Act Data Pkts,-0.007466635674811248,0.007466635674811248
Flow IAT Mean,Active Max,-0.007444859319810197,0.007444859319810197
Fwd Pkt Len Std,Active Max,0.007442938271029098,0.007442938271029098
Down/Up Ratio,Active Max,-0.007415424810451566,0.007415424810451566
URG Flag Cnt,Active Min,-0.007332338348794541,0.007332338348794541
Bwd Pkt Len Max,Down/Up Ratio,0.007325095184932456,0.007325095184932456
Fwd Header Len,Pkt Len Min,0.007298114430265799,0.007298114430265799
Bwd Pkt Len Max,Fwd Act Data Pkts,-0.007285799115727328,0.007285799115727328
ACK Flag Cnt,Init Fwd Win Byts,0.0072813828428409935,0.0072813828428409935
Pkt Len Mean,Active Std,0.007249116762634043,0.007249116762634043
Fwd Pkt Len Max,Idle Mean,-0.007233768658627771,0.007233768658627771
Dst Port,Fwd Header Len,-0.007222898970642827,0.007222898970642827
Fwd Pkt Len Max,Active Min,0.007174884337948217,0.007174884337948217
Bwd Pkt Len Min,Fwd Act Data Pkts,-0.007111809323389128,0.007111809323389128
Bwd Header Len,Bwd Pkts/s,-0.00709422271291793,0.00709422271291793
Fwd PSH Flags,Active Max,-0.007082815900177184,0.007082815900177184
SYN Flag Cnt,Active Max,-0.007082815900177184,0.007082815900177184
URG Flag Cnt,Idle Std,-0.0070271407597774695,0.0070271407597774695
Fwd Header Len,Bwd Seg Size Avg,0.006955766520956298,0.006955766520956298
Bwd Pkt Len Mean,Fwd Header Len,0.006955766520956278,0.006955766520956278
Pkt Len Max,Fwd Act Data Pkts,-0.006939311029542459,0.006939311029542459
Tot Bwd Pkts,Init Fwd Win Byts,0.006924961432600836,0.006924961432600836
Subflow Bwd Pkts,Init Fwd Win Byts,0.006924961432600836,0.006924961432600836
Fwd Pkt Len Min,Fwd Header Len,0.006867450181904112,0.006867450181904112
Flow Byts/s,Pkt Len Min,-0.006774900142942985,0.006774900142942985
Tot Bwd Pkts,Bwd IAT Mean,0.006674031893471202,0.006674031893471202
Bwd IAT Mean,Subflow Bwd Pkts,0.006674031893471202,0.006674031893471202
Bwd Pkts/s,Subflow Bwd Pkts,-0.006628828737959547,0.006628828737959547
Tot Bwd Pkts,Bwd Pkts/s,-0.006628828737959546,0.006628828737959546
Bwd Pkt Len Std,Fwd Act Data Pkts,-0.006628052451133963,0.006628052451133963
Bwd IAT Tot,Fwd Header Len,0.006602834822263539,0.006602834822263539
TotLen Bwd Pkts,Fwd Pkt Len Mean,-0.00655582746024707,0.00655582746024707
Fwd Seg Size Avg,Subflow Bwd Byts,-0.006555827460247068,0.006555827460247068
Fwd Pkt Len Mean,Subflow Bwd Byts,-0.006555827460247068,0.006555827460247068
TotLen Bwd Pkts,Fwd Seg Size Avg,-0.006555827460247068,0.006555827460247068
RST Flag Cnt,Active Max,-0.006553050454249063,0.006553050454249063
ECE Flag Cnt,Active Max,-0.006552401687903521,0.006552401687903521
PSH Flag Cnt,Active Max,-0.006522123473113853,0.006522123473113853
Dst Port,TotLen Fwd Pkts,-0.006517513759541344,0.006517513759541344
Dst Port,Subflow Fwd Byts,-0.006517513759541344,0.006517513759541344
Dst Port,Subflow Fwd Pkts,-0.006514903828861959,0.006514903828861959
Dst Port,Tot Fwd Pkts,-0.006514903828861959,0.006514903828861959
Down/Up Ratio,Fwd Act Data Pkts,-0.006482923419780457,0.006482923419780457
Fwd Pkt Len Std,Fwd Act Data Pkts,-0.006410259928723066,0.006410259928723066
Subflow Bwd Byts,Active Std,0.006376132395469217,0.006376132395469217
TotLen Bwd Pkts,Active Std,0.006376132395469217,0.006376132395469217
FIN Flag Cnt,Idle Std,-0.006274707881596011,0.006274707881596011
Pkt Len Mean,Active Min,0.00627019989796394,0.00627019989796394
Flow IAT Mean,Active Mean,-0.006224927235958702,0.006224927235958702
Init Fwd Win Byts,Fwd Act Data Pkts,-0.0062142151302586055,0.0062142151302586055
Flow Byts/s,Idle Std,-0.00619809883927421,0.00619809883927421
Dst Port,Fwd Act Data Pkts,-0.0061557076392390175,0.0061557076392390175
Flow IAT Mean,Active Std,-0.006128493425267928,0.006128493425267928
PSH Flag Cnt,Down/Up Ratio,-0.006120220846260928,0.006120220846260928
Subflow Fwd Pkts,Init Fwd Win Byts,-0.006050808281129635,0.006050808281129635
Tot Fwd Pkts,Init Fwd Win Byts,-0.006050808281129635,0.006050808281129635
Pkt Len Mean,Active Mean,0.005946430589654075,0.005946430589654075
TotLen Bwd Pkts,Fwd Seg Size Min,0.005921547127098067,0.005921547127098067
Subflow Bwd Byts,Fwd Seg Size Min,0.005921547127098067,0.005921547127098067
Tot Fwd Pkts,Down/Up Ratio,-0.005839225022470823,0.005839225022470823
Down/Up Ratio,Subflow Fwd Pkts,-0.005839225022470822,0.005839225022470822
Tot Fwd Pkts,Fwd Pkt Len Std,-0.005764991768222131,0.005764991768222131
Fwd Pkt Len Std,Subflow Fwd Pkts,-0.005764991768222131,0.005764991768222131
Bwd Pkt Len Std,Active Max,0.005695131988213101,0.005695131988213101
Tot Fwd Pkts,Bwd Pkt Len Std,-0.005650301229734905,0.005650301229734905
Bwd Pkt Len Std,Subflow Fwd Pkts,-0.005650301229734905,0.005650301229734905
Fwd Pkt Len Std,Active Min,0.005589799159255066,0.005589799159255066
Fwd IAT Mean,Active Mean,-0.005553036040149387,0.005553036040149387
Fwd Seg Size Avg,Active Mean,-0.005541867368989205,0.005541867368989205
Fwd Pkt Len Mean,Active Mean,-0.0055418673689892044,0.0055418673689892044
FIN Flag Cnt,Active Max,-0.005497625380051042,0.005497625380051042
Flow Byts/s,Active Max,-0.005427822472000505,0.005427822472000505
Bwd IAT Min,FIN Flag Cnt,-0.005399891644185369,0.005399891644185369
Pkt Size Avg,Fwd Act Data Pkts,-0.005390905235107031,0.005390905235107031
Flow IAT Mean,Subflow Bwd Byts,-0.005381693196417107,0.005381693196417107
TotLen Bwd Pkts,Flow IAT Mean,-0.005381693196417106,0.005381693196417106
Bwd Seg Size Avg,Active Std,0.005373235119695303,0.005373235119695303
Bwd Pkt Len Mean,Active Std,0.005373235119695299,0.005373235119695299
Flow IAT Mean,Bwd IAT Std,-0.00537218847219069,0.00537218847219069
TotLen Bwd Pkts,Fwd IAT Min,-0.005348568104550315,0.005348568104550315
Fwd IAT Min,Subflow Bwd Byts,-0.005348568104550315,0.005348568104550315
Flow Byts/s,Bwd IAT Min,-0.005343311658742252,0.005343311658742252
Bwd Pkt Len Max,Subflow Fwd Pkts,-0.005330884242153844,0.005330884242153844
Tot Fwd Pkts,Bwd Pkt Len Max,-0.005330884242153842,0.005330884242153842
Fwd URG Flags,Fwd Seg Size Avg,-0.0052918311346083205,0.0052918311346083205
CWE Flag Count,Fwd Seg Size Avg,-0.0052918311346083205,0.0052918311346083205
Fwd Pkt Len Mean,CWE Flag Count,-0.00529183113460832,0.00529183113460832
Fwd Pkt Len Mean,Fwd URG Flags,-0.00529183113460832,0.00529183113460832
Fwd Pkt Len Max,Fwd Act Data Pkts,-0.005262240380428369,0.005262240380428369
TotLen Bwd Pkts,Flow IAT Min,-0.005260860770082678,0.005260860770082678
Flow IAT Min,Subflow Bwd Byts,-0.0052608607700826765,0.0052608607700826765
CWE Flag Count,Pkt Size Avg,-0.005251284687628182,0.005251284687628182
Fwd URG Flags,Pkt Size Avg,-0.005251284687628182,0.005251284687628182
Down/Up Ratio,Subflow Fwd Byts,-0.005241092457809099,0.005241092457809099
TotLen Fwd Pkts,Down/Up Ratio,-0.005241092457809098,0.005241092457809098
Pkt Len Std,Subflow Fwd Pkts,-0.005205592265850117,0.005205592265850117
Tot Fwd Pkts,Pkt Len Std,-0.005205592265850116,0.005205592265850116
Down/Up Ratio,Active Mean,-0.005185884642856832,0.005185884642856832
Bwd IAT Min,Init Bwd Win Byts,-0.005154366656078716,0.005154366656078716
Fwd IAT Mean,Active Max,-0.005089363416178482,0.005089363416178482
Fwd PSH Flags,Active Mean,-0.005043267112539614,0.005043267112539614
SYN Flag Cnt,Active Mean,-0.005043267112539614,0.005043267112539614
Pkt Len Max,Subflow Fwd Pkts,-0.0050124681115569485,0.0050124681115569485
Tot Fwd Pkts,Pkt Len Max,-0.005012468111556948,0.005012468111556948
Fwd Header Len,Down/Up Ratio,-0.004938327746331168,0.004938327746331168
URG Flag Cnt,Subflow Bwd Byts,-0.004934061528177737,0.004934061528177737
TotLen Bwd Pkts,URG Flag Cnt,-0.004934061528177736,0.004934061528177736
TotLen Bwd Pkts,Fwd IAT Mean,-0.004930025761215392,0.004930025761215392
Fwd IAT Mean,Subflow Bwd Byts,-0.004930025761215392,0.004930025761215392
RST Flag Cnt,Fwd Act Data Pkts,-0.004902021811689516,0.004902021811689516
ECE Flag Cnt,Fwd Act Data Pkts,-0.00490193826902403,0.00490193826902403
Fwd Pkt Len Mean,Active Max,-0.004852063215050565,0.004852063215050565
Fwd Seg Size Avg,Active Max,-0.004852063215050561,0.004852063215050561
Fwd Pkt Len Std,Active Std,-0.0048301995690041375,0.0048301995690041375
Fwd URG Flags,Pkt Len Max,-0.004781028889130612,0.004781028889130612
Pkt Len Max,CWE Flag Count,-0.004781028889130611,0.004781028889130611
Fwd Header Len,Init Fwd Win Byts,-0.0047807571325769625,0.0047807571325769625
PSH Flag Cnt,Idle Mean,-0.00477805123161306,0.00477805123161306
FIN Flag Cnt,Active Mean,-0.004777644612744763,0.004777644612744763
Pkt Len Mean,CWE Flag Count,-0.004744102317673883,0.004744102317673883
Fwd URG Flags,Pkt Len Mean,-0.004744102317673883,0.004744102317673883
Flow Byts/s,Active Mean,-0.0047159004959592896,0.0047159004959592896
Fwd URG Flags,Pkt Len Std,-0.0047106698365311514,0.0047106698365311514
Pkt Len Std,CWE Flag Count,-0.0047106698365311514,0.0047106698365311514
Bwd IAT Min,Active Min,0.004686641789624797,0.004686641789624797
Flow Pkts/s,Subflow Bwd Byts,-0.004639030426429037,0.004639030426429037
TotLen Bwd Pkts,Flow Pkts/s,-0.004639030426429037,0.004639030426429037
Flow IAT Std,Subflow Bwd Byts,0.004627252410140239,0.004627252410140239
TotLen Bwd Pkts,Flow IAT Std,0.004627252410140238,0.004627252410140238
Fwd Seg Size Min,Idle Std,-0.0045900500835316235,0.0045900500835316235
ECE Flag Cnt,Down/Up Ratio,-0.004589507931321902,0.004589507931321902
RST Flag Cnt,Down/Up Ratio,-0.004585142582198657,0.004585142582198657
RST Flag Cnt,Subflow Fwd Pkts,-0.00452694583660231,0.00452694583660231
Tot Fwd Pkts,RST Flag Cnt,-0.004526945836602309,0.004526945836602309
ECE Flag Cnt,Subflow Fwd Pkts,-0.00452684490308658,0.00452684490308658
Tot Fwd Pkts,ECE Flag Cnt,-0.004526844903086579,0.004526844903086579
Flow Byts/s,FIN Flag Cnt,-0.00452128934130493,0.00452128934130493
Bwd Pkt Len Max,Fwd URG Flags,-0.004520458444872748,0.004520458444872748
Bwd Pkt Len Max,CWE Flag Count,-0.004520458444872748,0.004520458444872748
Dst Port,Fwd Seg Size Avg,-0.004509615329107184,0.004509615329107184
Dst Port,Fwd Pkt Len Mean,-0.004509615329107183,0.004509615329107183
PSH Flag Cnt,Active Min,-0.004508447573649732,0.004508447573649732
Flow IAT Mean,Subflow Fwd Byts,-0.00450277179191816,0.00450277179191816
TotLen Fwd Pkts,Flow IAT Mean,-0.0045027717919181596,0.0045027717919181596
Fwd IAT Mean,Subflow Fwd Byts,-0.004472281996972109,0.004472281996972109
TotLen Fwd Pkts,Fwd IAT Mean,-0.004472281996972108,0.004472281996972108
Fwd IAT Mean,Active Min,-0.00444760851874607,0.00444760851874607
Pkt Len Var,Fwd Act Data Pkts,-0.004430940788112823,0.004430940788112823
Flow IAT Mean,Active Min,-0.004425721336334226,0.004425721336334226
Fwd URG Flags,ACK Flag Cnt,-0.004418764117603404,0.004418764117603404
ACK Flag Cnt,CWE Flag Count,-0.004418764117603404,0.004418764117603404
TotLen Fwd Pkts,Fwd IAT Min,-0.004410689515218643,0.004410689515218643
Fwd IAT Min,Subflow Fwd Byts,-0.004410689515218643,0.004410689515218643
Bwd Pkt Len Mean,Fwd URG Flags,-0.004394806006267918,0.004394806006267918
Bwd Pkt Len Mean,CWE Flag Count,-0.004394806006267918,0.004394806006267918
Fwd URG Flags,Bwd Seg Size Avg,-0.004394806006267917,0.004394806006267917
CWE Flag Count,Bwd Seg Size Avg,-0.004394806006267917,0.004394806006267917
Dst Port,Fwd URG Flags,0.004386538373911954,0.004386538373911954
Dst Port,CWE Flag Count,0.004386538373911954,0.004386538373911954
Flow IAT Min,Subflow Fwd Byts,-0.0043490421519496465,0.0043490421519496465
TotLen Fwd Pkts,Flow IAT Min,-0.0043490421519496465,0.0043490421519496465
RST Flag Cnt,Active Min,-0.004333213380690744,0.004333213380690744
ECE Flag Cnt,Active Min,-0.004332765912751952,0.004332765912751952
Flow IAT Mean,Fwd Header Len,-0.004309476171143071,0.004309476171143071
Fwd IAT Min,Fwd Header Len,-0.00425101245226829,0.00425101245226829
Bwd IAT Min,Active Mean,0.004241139918479898,0.004241139918479898
Init Bwd Win Byts,Fwd Act Data Pkts,-0.004240500378000087,0.004240500378000087
Fwd IAT Mean,Fwd Header Len,-0.004234320475377676,0.004234320475377676
Fwd IAT Tot,ACK Flag Cnt,-0.004214259870774149,0.004214259870774149
Subflow Fwd Byts,Init Fwd Win Byts,-0.004200881326501111,0.004200881326501111
TotLen Fwd Pkts,Init Fwd Win Byts,-0.004200881326501111,0.004200881326501111
Flow IAT Min,Fwd Header Len,-0.0041892565985070275,0.0041892565985070275
Fwd Pkt Len Max,CWE Flag Count,-0.004183654806796192,0.004183654806796192
Fwd Pkt Len Max,Fwd URG Flags,-0.004183654806796192,0.004183654806796192
Pkt Len Mean,Fwd Act Data Pkts,-0.00413095139591756,0.00413095139591756
Bwd Pkt Len Std,CWE Flag Count,-0.004084721112841064,0.004084721112841064
Bwd Pkt Len Std,Fwd URG Flags,-0.004084721112841064,0.004084721112841064
Fwd Header Len,URG Flag Cnt,-0.004040606328041809,0.004040606328041809
Fwd Pkts/s,Subflow Bwd Byts,-0.004038081845598526,0.004038081845598526
TotLen Bwd Pkts,Fwd Pkts/s,-0.004038081845598526,0.004038081845598526
Flow Byts/s,Down/Up Ratio,-0.004034755217861023,0.004034755217861023
URG Flag Cnt,Subflow Fwd Byts,-0.003989073142407721,0.003989073142407721
TotLen Fwd Pkts,URG Flag Cnt,-0.00398907314240772,0.00398907314240772
Subflow Fwd Pkts,Init Bwd Win Byts,-0.003975022358754095,0.003975022358754095
Tot Fwd Pkts,Init Bwd Win Byts,-0.003975022358754095,0.003975022358754095
FIN Flag Cnt,Active Std,-0.003971580651854597,0.003971580651854597
Fwd Pkt Len Max,Subflow Fwd Pkts,-0.00396493552441122,0.00396493552441122
Tot Fwd Pkts,Fwd Pkt Len Max,-0.0039649355244112195,0.0039649355244112195
Fwd IAT Mean,Active Std,-0.0039634365013034144,0.0039634365013034144
Fwd Pkt Len Std,Subflow Bwd Byts,0.003937623126372776,0.003937623126372776
TotLen Bwd Pkts,Fwd Pkt Len Std,0.003937623126372776,0.003937623126372776
Flow Byts/s,Active Std,-0.003925959549433218,0.003925959549433218
Fwd Pkt Len Std,CWE Flag Count,-0.0038689535432068155,0.0038689535432068155
Fwd Pkt Len Std,Fwd URG Flags,-0.0038689535432068155,0.0038689535432068155
TotLen Bwd Pkts,Bwd Pkts/s,-0.0038327019635824833,0.0038327019635824833
Bwd Pkts/s,Subflow Bwd Byts,-0.0038327019635824833,0.0038327019635824833
FIN Flag Cnt,Active Min,-0.0037806383663865992,0.0037806383663865992
TotLen Fwd Pkts,Flow Pkts/s,-0.0037729491983472738,0.0037729491983472738
Flow Pkts/s,Subflow Fwd Byts,-0.0037729491983472738,0.0037729491983472738
Flow IAT Max,Fwd Act Data Pkts,-0.003744358272453945,0.003744358272453945
Flow Byts/s,Active Min,-0.0037287838193690685,0.0037287838193690685
Tot Fwd Pkts,Fwd IAT Mean,-0.003672041704406594,0.003672041704406594
Fwd IAT Mean,Subflow Fwd Pkts,-0.003672041704406594,0.003672041704406594
Bwd Pkt Len Std,Active Mean,-0.00363029197520929,0.00363029197520929
Fwd IAT Max,Fwd Act Data Pkts,-0.003622204366217738,0.003622204366217738
Protocol,CWE Flag Count,-0.0036070912329290716,0.0036070912329290716
Protocol,Fwd URG Flags,-0.0036070912329290716,0.0036070912329290716
Flow Pkts/s,Fwd Header Len,-0.00358350689319501,0.00358350689319501
Fwd Pkt Len Max,Idle Max,-0.003563414610446721,0.003563414610446721
Fwd IAT Mean,Fwd Act Data Pkts,-0.0035504585322293156,0.0035504585322293156
Tot Fwd Pkts,Flow IAT Mean,-0.0035456298829815653,0.0035456298829815653
Flow IAT Mean,Subflow Fwd Pkts,-0.0035456298829815653,0.0035456298829815653
Fwd Header Len,PSH Flag Cnt,-0.003511809779877359,0.003511809779877359
Fwd Act Data Pkts,Idle Max,-0.0034833928074680743,0.0034833928074680743
Fwd Act Data Pkts,Idle Mean,-0.0034677281607239374,0.0034677281607239374
Fwd Pkt Len Max,Active Mean,0.0034248661603129057,0.0034248661603129057
Fwd Act Data Pkts,Idle Min,-0.0034229391531371486,0.0034229391531371486
Flow IAT Mean,Fwd Act Data Pkts,-0.0033842461914972348,0.0033842461914972348
Bwd Pkt Len Min,Fwd URG Flags,-0.0033367948999012713,0.0033367948999012713
Bwd Pkt Len Min,CWE Flag Count,-0.0033367948999012713,0.0033367948999012713
TotLen Bwd Pkts,Init Bwd Win Byts,-0.0033355638336259865,0.0033355638336259865
Subflow Bwd Byts,Init Bwd Win Byts,-0.0033355638336259865,0.0033355638336259865
Fwd IAT Min,Subflow Fwd Pkts,-0.0033232392591759103,0.0033232392591759103
Tot Fwd Pkts,Fwd IAT Min,-0.0033232392591759103,0.0033232392591759103
Tot Fwd Pkts,Flow IAT Min,-0.003271023324490957,0.003271023324490957
Flow IAT Min,Subflow Fwd Pkts,-0.0032710233244909563,0.0032710233244909563
TotLen Fwd Pkts,Fwd Pkts/s,-0.00325349186675714,0.00325349186675714
Fwd Pkts/s,Subflow Fwd Byts,-0.00325349186675714,0.00325349186675714
Bwd IAT Max,Fwd Header Len,0.00324922387543929,0.00324922387543929
CWE Flag Count,Down/Up Ratio,-0.003249174362871986,0.003249174362871986
Fwd URG Flags,Down/Up Ratio,-0.003249174362871986,0.003249174362871986
Bwd Header Len,FIN Flag Cnt,-0.003244369058007035,0.003244369058007035
Tot Fwd Pkts,URG Flag Cnt,-0.0032125344419031356,0.0032125344419031356
URG Flag Cnt,Subflow Fwd Pkts,-0.0032125344419031356,0.0032125344419031356
Bwd Pkts/s,Subflow Fwd Byts,-0.003187319789338137,0.003187319789338137
TotLen Fwd Pkts,Bwd Pkts/s,-0.003187319789338137,0.003187319789338137
ECE Flag Cnt,Subflow Bwd Byts,0.0031484994582675918,0.0031484994582675918
TotLen Bwd Pkts,ECE Flag Cnt,0.0031484994582675918,0.0031484994582675918
RST Flag Cnt,Subflow Bwd Byts,0.00314826853340185,0.00314826853340185
TotLen Bwd Pkts,RST Flag Cnt,0.00314826853340185,0.00314826853340185
Fwd URG Flags,Pkt Len Min,-0.003139133306217961,0.003139133306217961
Pkt Len Min,CWE Flag Count,-0.00313913330621796,0.00313913330621796
Fwd URG Flags,Pkt Len Var,-0.0031252257400065753,0.0031252257400065753
Pkt Len Var,CWE Flag Count,-0.0031252257400065753,0.0031252257400065753
Fwd IAT Min,Fwd Act Data Pkts,-0.003118760652400878,0.003118760652400878
Fwd Header Len,Bwd Pkts/s,-0.003073550607440188,0.003073550607440188
Flow IAT Min,Fwd Act Data Pkts,-0.003072299497140646,0.003072299497140646
Fwd Header Len,Fwd Pkts/s,-0.003070024734806338,0.003070024734806338
FIN Flag Cnt,Subflow Bwd Pkts,-0.003061868472533466,0.003061868472533466
Tot Bwd Pkts,FIN Flag Cnt,-0.003061868472533466,0.003061868472533466
Bwd IAT Min,Active Max,0.003021869515130475,0.003021869515130475
Fwd Pkt Len Min,Fwd URG Flags,-0.0030100940829246203,0.0030100940829246203
Fwd Pkt Len Min,CWE Flag Count,-0.0030100940829246203,0.0030100940829246203
Bwd Pkt Len Min,Bwd IAT Mean,-0.002968906020147919,0.002968906020147919
Tot Fwd Pkts,Flow Pkts/s,-0.0029352815345508386,0.0029352815345508386
Flow Pkts/s,Subflow Fwd Pkts,-0.002935281534550838,0.002935281534550838
RST Flag Cnt,CWE Flag Count,-0.0028918946946975585,0.0028918946946975585
Fwd URG Flags,RST Flag Cnt,-0.0028918946946975585,0.0028918946946975585
CWE Flag Count,ECE Flag Cnt,-0.0028918609934576135,0.0028918609934576135
Fwd URG Flags,ECE Flag Cnt,-0.0028918609934576135,0.0028918609934576135
URG Flag Cnt,Fwd Act Data Pkts,-0.00288386765609977,0.00288386765609977
Bwd Pkt Len Mean,Subflow Fwd Pkts,-0.002848701626153027,0.002848701626153027
Tot Fwd Pkts,Bwd Pkt Len Mean,-0.0028487016261530265,0.0028487016261530265
Tot Fwd Pkts,Bwd Seg Size Avg,-0.0028487016261530213,0.0028487016261530213
Bwd Seg Size Avg,Subflow Fwd Pkts,-0.002848701626153021,0.002848701626153021
TotLen Fwd Pkts,Idle Min,-0.002839557244248828,0.002839557244248828
Subflow Fwd Byts,Idle Min,-0.002839557244248828,0.002839557244248828
Tot Fwd Pkts,Flow IAT Max,-0.0028272438611886413,0.0028272438611886413
Flow IAT Max,Subflow Fwd Pkts,-0.0028272438611886413,0.0028272438611886413
Fwd PSH Flags,Subflow Fwd Byts,-0.0028021473632582447,0.0028021473632582447
SYN Flag Cnt,Subflow Fwd Byts,-0.0028021473632582447,0.0028021473632582447
TotLen Fwd Pkts,SYN Flag Cnt,-0.0028021473632582443,0.0028021473632582443
TotLen Fwd Pkts,Fwd PSH Flags,-0.0028021473632582443,0.0028021473632582443
SYN Flag Cnt,Fwd Act Data Pkts,-0.0027945161885327345,0.0027945161885327345
Fwd PSH Flags,Fwd Act Data Pkts,-0.0027945161885327345,0.0027945161885327345
Flow Duration,Fwd Seg Size Min,0.00277864303674469,0.00277864303674469
Subflow Bwd Byts,Init Fwd Win Byts,0.0027766121351341802,0.0027766121351341802
TotLen Bwd Pkts,Init Fwd Win Byts,0.0027766121351341802,0.0027766121351341802
Flow IAT Mean,Bwd IAT Tot,-0.002751187515437365,0.002751187515437365
TotLen Fwd Pkts,Idle Mean,-0.002746066794003287,0.002746066794003287
Subflow Fwd Byts,Idle Mean,-0.002746066794003287,0.002746066794003287
Flow IAT Max,Subflow Fwd Byts,-0.002740418510551136,0.002740418510551136
TotLen Fwd Pkts,Flow IAT Max,-0.002740418510551136,0.002740418510551136
Fwd IAT Max,Subflow Fwd Pkts,-0.002733007378501997,0.002733007378501997
Tot Fwd Pkts,Fwd IAT Max,-0.002733007378501996,0.002733007378501996
Flow IAT Std,Fwd Act Data Pkts,-0.0027321165521007806,0.0027321165521007806
PSH Flag Cnt,Subflow Fwd Byts,-0.002703856789572264,0.002703856789572264
TotLen Fwd Pkts,PSH Flag Cnt,-0.002703856789572262,0.002703856789572262
TotLen Bwd Pkts,Subflow Fwd Byts,0.002667151185819818,0.002667151185819818
TotLen Fwd Pkts,Subflow Bwd Byts,0.0026671511858198174,0.0026671511858198174
Subflow Fwd Byts,Subflow Bwd Byts,0.0026671511858198174,0.0026671511858198174
TotLen Fwd Pkts,TotLen Bwd Pkts,0.0026671511858198174,0.0026671511858198174
Flow Pkts/s,Fwd Act Data Pkts,-0.002665029337751103,0.002665029337751103
Subflow Fwd Pkts,Idle Min,-0.002663161566754754,0.002663161566754754
Tot Fwd Pkts,Idle Min,-0.002663161566754754,0.002663161566754754
Tot Fwd Pkts,Idle Mean,-0.0026258560552175447,0.0026258560552175447
Subflow Fwd Pkts,Idle Mean,-0.0026258560552175447,0.0026258560552175447
TotLen Fwd Pkts,Idle Max,-0.002625562452367854,0.002625562452367854
Subflow Fwd Byts,Idle Max,-0.002625562452367854,0.002625562452367854
Fwd IAT Max,Subflow Fwd Byts,-0.002600496593354938,0.002600496593354938
TotLen Fwd Pkts,Fwd IAT Max,-0.002600496593354938,0.002600496593354938
CWE Flag Count,Init Bwd Win Byts,-0.0025773975339395726,0.0025773975339395726
Fwd URG Flags,Init Bwd Win Byts,-0.0025773975339395726,0.0025773975339395726
Tot Fwd Pkts,Idle Max,-0.0025718256805187813,0.0025718256805187813
Subflow Fwd Pkts,Idle Max,-0.0025718256805187813,0.0025718256805187813
Fwd IAT Std,Fwd Act Data Pkts,-0.0025672756960347415,0.0025672756960347415
Bwd Pkts/s,Subflow Fwd Pkts,-0.002538758706049531,0.002538758706049531
Tot Fwd Pkts,Bwd Pkts/s,-0.0025387587060495304,0.0025387587060495304
Fwd Pkts/s,Subflow Fwd Pkts,-0.0025058345767961614,0.0025058345767961614
Tot Fwd Pkts,Fwd Pkts/s,-0.002505834576796161,0.002505834576796161
Bwd IAT Max,Init Fwd Win Byts,0.002491565292869476,0.002491565292869476
Flow Duration,CWE Flag Count,-0.0024838314987740712,0.0024838314987740712
Flow Duration,Fwd URG Flags,-0.0024838314987740712,0.0024838314987740712
SYN Flag Cnt,Active Min,-0.002479272945752033,0.002479272945752033
Fwd PSH Flags,Active Min,-0.002479272945752033,0.002479272945752033
Bwd Pkts/s,SYN Flag Cnt,0.0024607045683547797,0.0024607045683547797
Fwd PSH Flags,Bwd Pkts/s,0.0024607045683547775,0.0024607045683547775
Fwd IAT Tot,CWE Flag Count,-0.0024324311067657955,0.0024324311067657955
Fwd IAT Tot,Fwd URG Flags,-0.0024324311067657955,0.0024324311067657955
TotLen Fwd Pkts,Bwd IAT Tot,0.0024264864934019845,0.0024264864934019845
Bwd IAT Tot,Subflow Fwd Byts,0.0024264864934019845,0.0024264864934019845
Init Fwd Win Byts,Idle Std,-0.0023885629208631365,0.0023885629208631365
Fwd Header Len,RST Flag Cnt,-0.002348263457616576,0.002348263457616576
Fwd Header Len,ECE Flag Cnt,-0.0023481090217792803,0.0023481090217792803
Fwd Pkt Len Mean,Fwd Act Data Pkts,-0.0023199681408805363,0.0023199681408805363
Fwd Seg Size Avg,Fwd Act Data Pkts,-0.002319968140880536,0.002319968140880536
Flow IAT Max,ECE Flag Cnt,0.002294013250653191,0.002294013250653191
Flow IAT Max,RST Flag Cnt,0.002290767878478372,0.002290767878478372
Fwd Pkts/s,Fwd Act Data Pkts,-0.002290124442735905,0.002290124442735905
Bwd IAT Max,Fwd Act Data Pkts,-0.0022744322414346573,0.0022744322414346573
Pkt Len Std,Active Std,0.0022719050729746466,0.0022719050729746466
Bwd Pkts/s,Fwd Act Data Pkts,-0.002269292023996392,0.002269292023996392
Bwd IAT Std,Fwd Act Data Pkts,-0.0022658868759213037,0.0022658868759213037
Bwd Pkt Len Std,Active Min,-0.002235334349155589,0.002235334349155589
Flow IAT Max,Fwd URG Flags,-0.0021946240013817884,0.0021946240013817884
Flow IAT Max,CWE Flag Count,-0.0021946240013817884,0.0021946240013817884
Fwd Seg Size Avg,Subflow Fwd Pkts,-0.002189437316156865,0.002189437316156865
Tot Fwd Pkts,Fwd Seg Size Avg,-0.0021894373161568644,0.0021894373161568644
Fwd Pkt Len Mean,Subflow Fwd Pkts,-0.0021894373161568644,0.0021894373161568644
Tot Fwd Pkts,Fwd Pkt Len Mean,-0.002189437316156864,0.002189437316156864
Flow IAT Std,Subflow Fwd Pkts,-0.0021703295280262815,0.0021703295280262815
Tot Fwd Pkts,Flow IAT Std,-0.0021703295280262815,0.0021703295280262815
Fwd Header Len,Pkt Len Std,0.0021702491738788783,0.0021702491738788783
Fwd IAT Max,Fwd URG Flags,-0.002136623097002282,0.002136623097002282
Fwd IAT Max,CWE Flag Count,-0.002136623097002282,0.002136623097002282
Flow IAT Std,Fwd IAT Min,0.0021139225400627834,0.0021139225400627834
Fwd Pkt Len Max,Active Std,-0.002109742692777595,0.002109742692777595
Bwd IAT Min,Bwd Header Len,-0.0021025821948503654,0.0021025821948503654
Bwd IAT Tot,Fwd Act Data Pkts,-0.0020910164000818715,0.0020910164000818715
Fwd Pkt Len Std,Flow IAT Max,-0.002058128890145317,0.002058128890145317
Fwd Seg Size Min,Idle Min,0.002001625888260298,0.002001625888260298
Fwd Header Len,Init Bwd Win Byts,-0.0019759490552527636,0.0019759490552527636
Tot Fwd Pkts,Fwd PSH Flags,-0.001975551690888085,0.001975551690888085
Tot Fwd Pkts,SYN Flag Cnt,-0.001975551690888085,0.001975551690888085
SYN Flag Cnt,Subflow Fwd Pkts,-0.001975551690888085,0.001975551690888085
Fwd PSH Flags,Subflow Fwd Pkts,-0.001975551690888085,0.001975551690888085
Fwd Seg Size Min,Idle Mean,0.001974842679427947,0.001974842679427947
Fwd URG Flags,Idle Max,-0.0019598347879362455,0.0019598347879362455
CWE Flag Count,Idle Max,-0.0019598347879362455,0.0019598347879362455
Fwd URG Flags,Idle Mean,-0.0019393226793664906,0.0019393226793664906
CWE Flag Count,Idle Mean,-0.0019393226793664906,0.0019393226793664906
Bwd IAT Min,Subflow Bwd Pkts,-0.0019305567194654615,0.0019305567194654615
Tot Bwd Pkts,Bwd IAT Min,-0.001930556719465461,0.001930556719465461
Fwd URG Flags,Idle Min,-0.0018977277365939483,0.0018977277365939483
CWE Flag Count,Idle Min,-0.0018977277365939483,0.0018977277365939483
Fwd Seg Size Avg,Active Min,0.001896157260359252,0.001896157260359252
Fwd Pkt Len Mean,Active Min,0.0018961572603592503,0.0018961572603592503
Bwd IAT Mean,Fwd Act Data Pkts,-0.0018886252512113296,0.0018886252512113296
Bwd IAT Tot,CWE Flag Count,-0.001880075583082054,0.001880075583082054
Bwd IAT Tot,Fwd URG Flags,-0.001880075583082054,0.001880075583082054
Tot Fwd Pkts,Fwd IAT Std,-0.0018321952061372746,0.0018321952061372746
Fwd IAT Std,Subflow Fwd Pkts,-0.0018321952061372746,0.0018321952061372746
Flow IAT Std,Fwd URG Flags,-0.0017697972947926226,0.0017697972947926226
Flow IAT Std,CWE Flag Count,-0.0017697972947926226,0.0017697972947926226
ACK Flag Cnt,Subflow Bwd Byts,-0.0017626358818605796,0.0017626358818605796
TotLen Bwd Pkts,ACK Flag Cnt,-0.0017626358818605785,0.0017626358818605785
Fwd Pkt Len Std,Fwd Header Len,-0.0017350859333647264,0.0017350859333647264
Bwd IAT Mean,Subflow Fwd Pkts,-0.0017299143280519512,0.0017299143280519512
Tot Fwd Pkts,Bwd IAT Mean,-0.0017299143280519512,0.0017299143280519512
Fwd IAT Std,CWE Flag Count,-0.001726793433393214,0.001726793433393214
Fwd IAT Std,Fwd URG Flags,-0.001726793433393214,0.001726793433393214
TotLen Bwd Pkts,Bwd IAT Min,-0.0017090811121048394,0.0017090811121048394
Bwd IAT Min,Subflow Bwd Byts,-0.0017090811121048392,0.0017090811121048392
Fwd Pkt Len Max,Fwd Header Len,0.0017044902368112405,0.0017044902368112405
PSH Flag Cnt,Idle Max,-0.0016878730172222068,0.0016878730172222068
Fwd Header Len,Pkt Len Max,0.001682597651940068,0.001682597651940068
Fwd Pkt Len Std,Fwd IAT Max,-0.0016388867369484192,0.0016388867369484192
Bwd IAT Max,CWE Flag Count,-0.001628487429358213,0.001628487429358213
Bwd IAT Max,Fwd URG Flags,-0.001628487429358213,0.001628487429358213
Pkt Len Max,Active Mean,-0.0016224666441878824,0.0016224666441878824
FIN Flag Cnt,Subflow Bwd Byts,-0.0016213331415658346,0.0016213331415658346
TotLen Bwd Pkts,FIN Flag Cnt,-0.0016213331415658346,0.0016213331415658346
Bwd IAT Std,CWE Flag Count,-0.0016162171639254055,0.0016162171639254055
Bwd IAT Std,Fwd URG Flags,-0.0016162171639254055,0.0016162171639254055
Fwd IAT Mean,CWE Flag Count,-0.0015935756801576106,0.0015935756801576106
Fwd IAT Mean,Fwd URG Flags,-0.0015935756801576106,0.0015935756801576106
Fwd IAT Max,RST Flag Cnt,-0.001584522444522906,0.001584522444522906
Fwd IAT Max,ECE Flag Cnt,-0.0015813868220336544,0.0015813868220336544
Tot Fwd Pkts,Bwd IAT Std,-0.0015655917073040247,0.0015655917073040247
Bwd IAT Std,Subflow Fwd Pkts,-0.0015655917073040247,0.0015655917073040247
TotLen Fwd Pkts,Bwd Pkt Len Mean,-0.0015552984797202888,0.0015552984797202888
Bwd Pkt Len Mean,Subflow Fwd Byts,-0.0015552984797202883,0.0015552984797202883
Bwd Seg Size Avg,Subflow Fwd Byts,-0.0015552984797202883,0.0015552984797202883
TotLen Fwd Pkts,Bwd Seg Size Avg,-0.001555298479720288,0.001555298479720288
TotLen Fwd Pkts,RST Flag Cnt,-0.0015513669096525907,0.0015513669096525907
RST Flag Cnt,Subflow Fwd Byts,-0.00155136690965259,0.00155136690965259
TotLen Fwd Pkts,ECE Flag Cnt,-0.001551206989095741,0.001551206989095741
ECE Flag Cnt,Subflow Fwd Byts,-0.0015512069890957403,0.0015512069890957403
Bwd IAT Mean,ACK Flag Cnt,-0.0015504606573889927,0.0015504606573889927
Fwd Header Len,Idle Std,0.001535502130219351,0.001535502130219351
Pkt Size Avg,Active Std,0.0015248256648128262,0.0015248256648128262
Pkt Size Avg,Active Min,0.0015203277314202778,0.0015203277314202778
Bwd Pkt Len Max,Subflow Fwd Byts,0.0015157931315705477,0.0015157931315705477
TotLen Fwd Pkts,Bwd Pkt Len Max,0.0015157931315705475,0.0015157931315705475
Flow IAT Mean,Fwd URG Flags,-0.0014646693121353545,0.0014646693121353545
Flow IAT Mean,CWE Flag Count,-0.0014646693121353545,0.0014646693121353545
Bwd Pkt Len Max,Active Std,0.0014065955098828157,0.0014065955098828157
FIN Flag Cnt,Subflow Fwd Byts,-0.001341691386933435,0.001341691386933435
TotLen Fwd Pkts,FIN Flag Cnt,-0.001341691386933435,0.001341691386933435
Fwd Pkt Len Std,Active Mean,0.0013396875721045278,0.0013396875721045278
Subflow Fwd Pkts,Active Max,0.0013249041032737834,0.0013249041032737834
Tot Fwd Pkts,Active Max,0.0013249041032737834,0.0013249041032737834
Flow Byts/s,Bwd Header Len,-0.0013171943693835104,0.0013171943693835104
Fwd Seg Size Min,Idle Max,0.001295057656101265,0.001295057656101265
Fwd IAT Min,Fwd URG Flags,-0.001294383973962833,0.001294383973962833
Fwd IAT Min,CWE Flag Count,-0.001294383973962833,0.001294383973962833
Fwd Header Len,FIN Flag Cnt,-0.0012845195452185318,0.0012845195452185318
Flow IAT Min,Fwd URG Flags,-0.0012673891900300196,0.0012673891900300196
Flow IAT Min,CWE Flag Count,-0.0012673891900300196,0.0012673891900300196
Flow Pkts/s,CWE Flag Count,-0.0012568337621327048,0.0012568337621327048
Flow Pkts/s,Fwd URG Flags,-0.0012568337621327048,0.0012568337621327048
Bwd IAT Mean,CWE Flag Count,-0.0012164693823313454,0.0012164693823313454
Bwd IAT Mean,Fwd URG Flags,-0.0012164693823313454,0.0012164693823313454
Fwd Header Len,Idle Min,-0.0011869192701769,0.0011869192701769
Bwd IAT Std,Fwd Header Len,0.0011486297413798004,0.0011486297413798004
Bwd Pkt Len Mean,Active Min,-0.0011431032637768776,0.0011431032637768776
Bwd Seg Size Avg,Active Min,-0.0011431032637768746,0.0011431032637768746
Bwd Pkt Len Std,Fwd Header Len,-0.0011378431876655393,0.0011378431876655393
Flow IAT Max,Fwd Header Len,-0.001116929581721046,0.001116929581721046
Bwd Pkt Len Max,Fwd Header Len,0.0011098222137396316,0.0011098222137396316
Tot Bwd Pkts,Flow Byts/s,-0.0011076516647037465,0.0011076516647037465
Flow Byts/s,Subflow Bwd Pkts,-0.0011076516647037461,0.0011076516647037461
Bwd IAT Min,Subflow Fwd Byts,-0.0011028610585719796,0.0011028610585719796
TotLen Fwd Pkts,Bwd IAT Min,-0.0011028610585719796,0.0011028610585719796
Bwd IAT Mean,Subflow Bwd Byts,-0.0011020175380493443,0.0011020175380493443
TotLen Bwd Pkts,Bwd IAT Mean,-0.0011020175380493439,0.0011020175380493439
Pkt Len Var,Subflow Fwd Pkts,-0.001101692525651615,0.001101692525651615
Tot Fwd Pkts,Pkt Len Var,-0.0011016925256516136,0.0011016925256516136
Subflow Fwd Pkts,Active Mean,0.0011006467097820145,0.0011006467097820145
Tot Fwd Pkts,Active Mean,0.0011006467097820145,0.0011006467097820145
Fwd Pkts/s,CWE Flag Count,-0.001090277184160731,0.001090277184160731
Fwd URG Flags,Fwd Pkts/s,-0.0010902771841607307,0.0010902771841607307
Fwd IAT Max,Fwd Header Len,-0.001083723838929424,0.001083723838929424
Subflow Fwd Pkts,Active Std,0.0010762916584130392,0.0010762916584130392
Tot Fwd Pkts,Active Std,0.0010762916584130392,0.0010762916584130392
Bwd IAT Min,Fwd Header Len,-0.0010618519175163005,0.0010618519175163005
Fwd URG Flags,Bwd Pkts/s,-0.0010471188553432356,0.0010471188553432356
Bwd Pkts/s,CWE Flag Count,-0.0010471188553432354,0.0010471188553432354
FIN Flag Cnt,Subflow Fwd Pkts,-0.00102988947851364,0.00102988947851364
Tot Fwd Pkts,FIN Flag Cnt,-0.0010298894785136397,0.0010298894785136397
Fwd Header Len,Idle Mean,-0.0010178329344636419,0.0010178329344636419
Tot Fwd Pkts,Bwd IAT Min,-0.0010089960054902958,0.0010089960054902958
Bwd IAT Min,Subflow Fwd Pkts,-0.0010089960054902958,0.0010089960054902958
Bwd Pkt Len Mean,Active Mean,-0.001004357993789512,0.001004357993789512
Bwd Seg Size Avg,Active Mean,-0.0010043579937895092,0.0010043579937895092
Bwd Pkt Len Max,Active Mean,-0.0009948148327158632,0.0009948148327158632
Bwd IAT Mean,Subflow Fwd Byts,-0.0009855572171448062,0.0009855572171448062
TotLen Fwd Pkts,Bwd IAT Mean,-0.0009855572171448062,0.0009855572171448062
Fwd Pkt Len Mean,Flow Byts/s,-0.0009800707333549197,0.0009800707333549197
Flow Byts/s,Fwd Seg Size Avg,-0.0009800707333549174,0.0009800707333549174
Bwd IAT Min,Fwd Act Data Pkts,-0.000968870222756281,0.000968870222756281
Pkt Len Std,Active Mean,-0.0009688152174105786,0.0009688152174105786
TotLen Fwd Pkts,Init Bwd Win Byts,0.0009662455569464017,0.0009662455569464017
Subflow Fwd Byts,Init Bwd Win Byts,0.0009662455569464017,0.0009662455569464017
Flow Byts/s,Fwd Header Len,-0.0009574785339710485,0.0009574785339710485
FIN Flag Cnt,Fwd Act Data Pkts,-0.0009503448561377094,0.0009503448561377094
Tot Fwd Pkts,Pkt Len Mean,0.0008855283099106561,0.0008855283099106561
Pkt Len Mean,Subflow Fwd Pkts,0.000885528309910655,0.000885528309910655
Fwd Header Len,Idle Max,-0.0008752699719473003,0.0008752699719473003
Tot Fwd Pkts,Flow Byts/s,-0.0008381442392492223,0.0008381442392492223
Flow Byts/s,Subflow Fwd Pkts,-0.0008381442392492221,0.0008381442392492221
Fwd Header Len,SYN Flag Cnt,-0.0008335510031428846,0.0008335510031428846
Fwd PSH Flags,Fwd Header Len,-0.0008335510031428844,0.0008335510031428844
Fwd Act Data Pkts,Active Max,-0.000830316588028696,0.000830316588028696
FIN Flag Cnt,ACK Flag Cnt,-0.0008252418792913673,0.0008252418792913673
Pkt Len Min,Pkt Len Mean,-0.0008177307352489951,0.0008177307352489951
Fwd Header Len,Fwd Seg Size Avg,0.0008161144976229876,0.0008161144976229876
Fwd Pkt Len Mean,Fwd Header Len,0.0008161144976229867,0.0008161144976229867
Flow Byts/s,Fwd Act Data Pkts,-0.0008045147015010528,0.0008045147015010528
Tot Fwd Pkts,Bwd IAT Max,-0.0007843972309067125,0.0007843972309067125
Bwd IAT Max,Subflow Fwd Pkts,-0.0007843972309067119,0.0007843972309067119
Subflow Fwd Pkts,Active Min,0.000778803798068649,0.000778803798068649
Tot Fwd Pkts,Active Min,0.000778803798068649,0.000778803798068649
Fwd Act Data Pkts,Idle Std,-0.0007780480071577703,0.0007780480071577703
Fwd Act Data Pkts,Active Mean,-0.0007775402028441723,0.0007775402028441723
FIN Flag Cnt,Down/Up Ratio,0.0007751196592131492,0.0007751196592131492
TotLen Fwd Pkts,Bwd IAT Max,0.0007721100594306074,0.0007721100594306074
Bwd IAT Max,Subflow Fwd Byts,0.0007721100594306066,0.0007721100594306066
Subflow Fwd Byts,Idle Std,0.000765532950324467,0.000765532950324467
TotLen Fwd Pkts,Idle Std,0.000765532950324467,0.000765532950324467
Flow Byts/s,Fwd Seg Size Min,0.0007616114611916177,0.0007616114611916177
Down/Up Ratio,Active Min,0.0007343671887958565,0.0007343671887958565
Pkt Size Avg,Subflow Fwd Pkts,-0.0006863234525482308,0.0006863234525482308
Tot Fwd Pkts,Pkt Size Avg,-0.0006863234525482302,0.0006863234525482302
TotLen Fwd Pkts,Flow IAT Std,-0.0006827890352956128,0.0006827890352956128
Flow IAT Std,Subflow Fwd Byts,-0.0006827890352956128,0.0006827890352956128
Fwd Act Data Pkts,Active Min,-0.000626843139903921,0.000626843139903921
Fwd Act Data Pkts,Active Std,-0.0006089701386948012,0.0006089701386948012
Bwd IAT Mean,Fwd Header Len,-0.0005988334786395806,0.0005988334786395806
Bwd Pkt Len Max,Active Min,0.0005960538552544614,0.0005960538552544614
CWE Flag Count,Idle Std,-0.0005722340471040805,0.0005722340471040805
Fwd URG Flags,Idle Std,-0.0005722340471040805,0.0005722340471040805
Bwd IAT Min,Active Std,0.0005512610599763606,0.0005512610599763606
Pkt Len Max,Active Min,0.0005453415592436095,0.0005453415592436095
Fwd IAT Tot,Fwd Seg Size Min,-0.0005388243832739469,0.0005388243832739469
Fwd IAT Std,Fwd Header Len,0.0005099933464935243,0.0005099933464935243
CWE Flag Count,Active Max,-0.0005013665159416325,0.0005013665159416325
Fwd URG Flags,Active Max,-0.0005013665159416325,0.0005013665159416325
Bwd IAT Min,Fwd URG Flags,-0.0004926486735028168,0.0004926486735028168
Bwd IAT Min,CWE Flag Count,-0.0004926486735028168,0.0004926486735028168
Fwd Header Len,Active Max,0.0004910648484187104,0.0004910648484187104
Flow Duration,Fwd Seg Size Avg,0.00046437739339110667,0.00046437739339110667
Flow Duration,Fwd Pkt Len Mean,0.0004643773933911013,0.0004643773933911013
TotLen Fwd Pkts,Bwd IAT Std,0.0004581619510567901,0.0004581619510567901
Bwd IAT Std,Subflow Fwd Byts,0.0004581619510567894,0.0004581619510567894
TotLen Fwd Pkts,Active Max,0.00045623846110911165,0.00045623846110911165
Subflow Fwd Byts,Active Max,0.00045623846110911165,0.00045623846110911165
Fwd URG Flags,FIN Flag Cnt,-0.00043862883809217074,0.00043862883809217074
FIN Flag Cnt,CWE Flag Count,-0.00043862883809217074,0.00043862883809217074
Fwd URG Flags,Active Mean,-0.0004357064862884464,0.0004357064862884464
CWE Flag Count,Active Mean,-0.0004357064862884464,0.0004357064862884464
Flow Byts/s,CWE Flag Count,-0.00043400540817114603,0.00043400540817114603
Flow Byts/s,Fwd URG Flags,-0.00043400540817114603,0.00043400540817114603
Bwd Pkt Len Std,Active Std,0.00042376177973750724,0.00042376177973750724
Fwd URG Flags,PSH Flag Cnt,0.00037285900565259944,0.00037285900565259944
PSH Flag Cnt,CWE Flag Count,0.00037285900565259944,0.00037285900565259944
CWE Flag Count,Active Std,-0.000362195932097006,0.000362195932097006
Fwd URG Flags,Active Std,-0.000362195932097006,0.000362195932097006
Fwd URG Flags,Active Min,-0.00034478258544218314,0.00034478258544218314
CWE Flag Count,Active Min,-0.00034478258544218314,0.00034478258544218314
Pkt Len Std,Active Min,0.0003419146536092492,0.0003419146536092492
Fwd URG Flags,Bwd Header Len,-0.0003302178011385896,0.0003302178011385896
Bwd Header Len,CWE Flag Count,-0.0003302178011385896,0.0003302178011385896
Tot Bwd Pkts,Fwd URG Flags,-0.00031088464408400546,0.00031088464408400546
CWE Flag Count,Subflow Bwd Pkts,-0.00031088464408400546,0.00031088464408400546
Fwd URG Flags,Subflow Bwd Pkts,-0.00031088464408400546,0.00031088464408400546
Tot Bwd Pkts,CWE Flag Count,-0.00031088464408400546,0.00031088464408400546
Flow IAT Std,Fwd Header Len,-0.000294439793007859,0.000294439793007859
Pkt Size Avg,Active Mean,-0.0002916583775520576,0.0002916583775520576
Tot Fwd Pkts,Bwd IAT Tot,0.0002884945778626733,0.0002884945778626733
Bwd IAT Tot,Subflow Fwd Pkts,0.00028849457786267295,0.00028849457786267295
Subflow Fwd Byts,Active Min,0.0002872128022472887,0.0002872128022472887
TotLen Fwd Pkts,Active Min,0.0002872128022472887,0.0002872128022472887
TotLen Fwd Pkts,Flow Byts/s,0.0002650284311141536,0.0002650284311141536
Flow Byts/s,Subflow Fwd Byts,0.0002650284311141534,0.0002650284311141534
TotLen Fwd Pkts,Active Mean,0.0002467907508115007,0.0002467907508115007
Subflow Fwd Byts,Active Mean,0.0002467907508115007,0.0002467907508115007
Fwd Header Len,Active Min,0.00024538935927402014,0.00024538935927402014
Tot Fwd Pkts,Idle Std,0.0001901428683293764,0.0001901428683293764
Subflow Fwd Pkts,Idle Std,0.0001901428683293764,0.0001901428683293764
TotLen Bwd Pkts,Bwd Pkt Len Min,0.00018446566710306086,0.00018446566710306086
Bwd Pkt Len Min,Subflow Bwd Byts,0.0001844656671030607,0.0001844656671030607
Fwd IAT Tot,Fwd Seg Size Avg,-0.00016604375666380114,0.00016604375666380114
Fwd Pkt Len Mean,Fwd IAT Tot,-0.00016604375666379469,0.00016604375666379469
Bwd Header Len,Fwd Act Data Pkts,-0.0001516847174464539,0.0001516847174464539
Fwd URG Flags,Subflow Bwd Byts,-0.00014847734594720295,0.00014847734594720295
TotLen Bwd Pkts,CWE Flag Count,-0.00014847734594720295,0.00014847734594720295
CWE Flag Count,Subflow Bwd Byts,-0.00014847734594720295,0.00014847734594720295
TotLen Bwd Pkts,Fwd URG Flags,-0.00014847734594720295,0.00014847734594720295
Fwd Header Len,Active Mean,0.00012983531049466415,0.00012983531049466415
Fwd URG Flags,Subflow Fwd Byts,-0.00012323671912828896,0.00012323671912828896
CWE Flag Count,Subflow Fwd Byts,-0.00012323671912828896,0.00012323671912828896
TotLen Fwd Pkts,CWE Flag Count,-0.00012323671912828894,0.00012323671912828894
TotLen Fwd Pkts,Fwd URG Flags,-0.00012323671912828894,0.00012323671912828894
Tot Bwd Pkts,Fwd Act Data Pkts,-0.00012099115568357651,0.00012099115568357651
Subflow Bwd Pkts,Fwd Act Data Pkts,-0.00012099115568357651,0.00012099115568357651
Bwd Pkt Len Std,Subflow Fwd Byts,-0.00011474399304838928,0.00011474399304838928
TotLen Fwd Pkts,Bwd Pkt Len Std,-0.00011474399304838915,0.00011474399304838915
Pkt Len Max,Active Std,-0.00011443031087461915,0.00011443031087461915
Fwd Header Len,CWE Flag Count,-9.468422613698333e-05,9.468422613698333e-05
Fwd URG Flags,Fwd Header Len,-9.468422613698332e-05,9.468422613698332e-05
CWE Flag Count,Subflow Fwd Pkts,-9.303853349913675e-05,9.303853349913675e-05
Fwd URG Flags,Subflow Fwd Pkts,-9.303853349913675e-05,9.303853349913675e-05
Tot Fwd Pkts,Fwd URG Flags,-9.303853349913674e-05,9.303853349913674e-05
Tot Fwd Pkts,CWE Flag Count,-9.303853349913674e-05,9.303853349913674e-05
CWE Flag Count,Fwd Act Data Pkts,-8.676102694230779e-05,8.676102694230779e-05
Fwd URG Flags,Fwd Act Data Pkts,-8.676102694230779e-05,8.676102694230779e-05
Fwd IAT Std,Subflow Fwd Byts,6.76544715332658e-05,6.76544715332658e-05
TotLen Fwd Pkts,Fwd IAT Std,6.765447153326556e-05,6.765447153326556e-05
TotLen Bwd Pkts,Flow Byts/s,5.642201034481192e-05,5.642201034481192e-05
Flow Byts/s,Subflow Bwd Byts,5.642201034481182e-05,5.642201034481182e-05
Fwd Header Len,Active Std,-4.175175745903291e-05,4.175175745903291e-05
Subflow Fwd Byts,Active Std,3.9662435548245264e-05,3.9662435548245264e-05
TotLen Fwd Pkts,Active Std,3.9662435548245264e-05,3.9662435548245264e-05
TotLen Bwd Pkts,Fwd Act Data Pkts,1.0397218800790968e-05,1.0397218800790968e-05
Subflow Bwd Byts,Fwd Act Data Pkts,1.0397218800790968e-05,1.0397218800790968e-05
