h,labels,affected_rows
5066283886833875448,2,2.0
4308842106989017328,2,3.0
4646123672319317429,2,2.0
3018496545920099062,2,7.0
11621494767105200104,2,2.0
15075827692111864272,2,25.0
7143006289423039516,2,2.0
8621603394140618106,2,31.0
11859323240826397625,2,2.0
7566886633746245774,2,9.0
17024699332650853314,2,30.0
16778842393359139591,2,2.0
14206894761848272707,2,2.0
17244105030145911614,2,4.0
15677386794301253942,2,11.0
11207773967155777425,2,2.0
10711102833188502166,2,2.0
5125270245080691453,2,4.0
12451342128037997211,2,3.0
188342956158004108,2,2.0
14528649780383788944,2,2.0
12101231781901695962,2,6.0
14050453713117794992,2,6.0
11836071580791973071,2,3.0
1804561339686944502,2,7.0
10105683010284583535,2,2.0
9852581679706026926,2,4.0
16540012139140403077,2,4.0
7558605631179841356,2,18.0
5836894933541687100,2,2.0
6664387180351835499,2,4.0
16056056321619211193,2,3.0
6047184633494641172,2,30.0
16559055520205625843,2,9.0
15940351008910544872,2,2.0
7022334736962214068,2,2.0
6398129947092244512,2,20.0
2578462415933758962,2,2.0
16183371053757068340,2,5.0
8648148364091907650,2,3.0
1151205881645683309,2,2.0
289906601024509792,2,2.0
16516742753174730595,2,8.0
3772706001809035625,2,8.0
16633160342948847303,2,2.0
3002958780128410889,2,3.0
12993279470561322163,2,6.0
1155310475617513635,2,26.0
16811014569754359204,2,2.0
935422079693420130,2,3.0
2198422853010319325,2,5.0
172973512467881509,2,6.0
8601689436735679181,2,2.0
6114300238481023257,2,15.0
18239741057924636379,2,4.0
5438157885232795004,2,2.0
1420001126418553317,2,2.0
13004883599799211992,2,2.0
12262846174578703452,2,15.0
549604515792615660,2,4.0
7530326918838469228,2,11.0
9022271542709446800,2,6.0
9043217640883177373,2,5.0
3049312429939932075,2,2.0
13110516924492762737,2,2.0
2022686702974836065,2,37.0
18075681283304701521,2,2.0
6942369571752891395,2,3.0
10648043811277773512,2,14.0
13600208266244050567,2,4.0
7103114158330115641,2,34.0
13084814291131582874,2,4.0
4502466287097233456,2,2.0
14223759912436915748,2,2.0
3668022140436934439,2,2.0
11490370526271510420,2,13.0
10342301873055590338,2,30.0
11274343586967620939,2,9.0
875707077922654907,2,5.0
4952930718663069086,2,19.0
5159118551028349278,2,5.0
13862599306965200018,2,2.0
3635203574568025416,2,2.0
3635558327637944726,2,2.0
156615416188357149,2,6.0
333425749752149576,2,14.0
13194294236336106923,2,2.0
6037960578312880941,2,34.0
18301600591589138212,2,2.0
1581955207663317684,2,8.0
13764836251599147745,2,4.0
964608765809976857,2,7.0
3365204672912846908,2,3.0
16232273624508353104,2,2.0
12322080628626128816,2,4.0
18149852324821656586,2,2.0
8289376168078226034,2,2.0
57789817688628425,2,2.0
425117058153741768,2,3.0
11865687906624194424,2,2.0
13950904953463687266,2,2.0
13968622151998670026,2,3.0
4229534090053820698,2,4.0
291826128075142134,2,6.0
10504137636403333639,2,2.0
15950520389085952774,2,6.0
16891783559650257029,2,3.0
15534213689442489750,2,44.0
15856850531131231651,2,2.0
13091013339594821274,2,6.0
5375068837351824040,2,5.0
7997608731754529434,2,2.0
16610927021759219876,2,3.0
15056936504093525169,2,2.0
17008837152753487352,2,2.0
5325911081245917989,2,6.0
538856250295648496,2,2.0
18371508164481611593,2,7.0
8769749631438351680,2,6.0
1279475076971856920,2,12.0
4720488379303935553,2,6.0
1875300198803572304,2,38.0
16915636386653774935,2,2.0
10522625422087995562,2,4.0
6811769963161137031,2,2.0
6210386275979199972,2,35.0
925196133294455862,2,11.0
9646409399963759309,2,6.0
14691876079170027441,2,4.0
16875178580614234482,2,4.0
10167074677148411806,2,4.0
6569443547195485151,2,5.0
16788935104636975228,2,4.0
6612702431281483412,2,6.0
3441563602095960504,2,2.0
9913396898504959837,2,3.0
8836651065664939066,2,3.0
14586356414242569182,2,5.0
9572075582887439429,2,2.0
11051540359544161648,2,3.0
16491559504183605535,2,3.0
3375289139058682102,2,15.0
9854055144960018329,2,2.0
397308648736770024,2,5.0
12911195685927968980,2,2.0
7023684116726981030,2,6.0
18065652963129207064,2,2.0
10564183270025910709,2,2.0
16879279801836245756,2,11.0
18053822156001879763,2,8.0
1856953851755974477,2,3.0
606388896391242606,2,18.0
9015426831915740727,2,2.0
2461284569705690641,2,2.0
18301102991772435541,2,4.0
8320017933825553426,2,3.0
17143709073489492048,2,20.0
8675765810840679663,2,36.0
7505560185973860203,2,2.0
4936026737005798922,2,9.0
8583776870396219049,2,3.0
4959288532783777309,2,5.0
8281685658301972748,2,4.0
4657805636876373669,2,31.0
11695978122742559614,2,2.0
11559441822887138350,2,2.0
17543707447042941305,2,4.0
15851922210058862103,2,3.0
1702850997004646227,2,9.0
11636906830179099579,2,4.0
6775524345369799655,2,3.0
3024448906671656601,2,2.0
2552984414741098762,2,3.0
7892629766990055698,2,6.0
1796393918808164831,2,2.0
2210984018375071069,2,4.0
5050268989563889710,2,2.0
10098429751680262284,2,8.0
14040626564371822643,2,3.0
4628851083601231699,2,3.0
18361832648666992415,2,4.0
18113657519216021340,2,3.0
16033294977604546062,2,3.0
1015195261465392368,2,15.0
1231650144729815790,2,2.0
8112461825786543351,2,2.0
9790036890233792363,2,18.0
9444684725679326716,2,10.0
12963507357404031509,2,4.0
4695776767417364164,2,2.0
6087370547371784384,2,3.0
10988394743240153005,2,3.0
15895438090340485816,2,7.0
5497059704112763538,2,3.0
14337821545331406610,2,19.0
8008053144932526753,2,2.0
2250477530022717313,2,5.0
642413026115563043,2,10.0
14304598283392254998,2,2.0
16927465197241999063,2,2.0
13434963421606617518,2,8.0
8820573147273755827,2,37.0
15038341507898488746,2,6.0
5092551009144252526,2,4.0
3027409841596112510,2,2.0
12989424264271264705,2,5.0
11430891243052898426,2,2.0
3956957800067586954,2,5.0
11659972317309451504,2,4.0
3442039275651889811,2,2.0
12991493217601150158,2,12.0
11654803524340079294,2,7.0
9623716596772176619,2,2.0
820836725436947174,2,3.0
16921685006560139592,2,5.0
12403808588039843078,2,3.0
10521725532555225421,2,3.0
13662975456833069548,2,3.0
16732006135216299410,2,7.0
415407817132343189,2,2.0
2318088962122324292,2,7.0
5517770772298112952,2,2.0
5538236746494554956,2,4.0
1957396078661004763,2,2.0
730965733564806407,2,3.0
5702964085653507355,2,6.0
2238649874150474477,2,2.0
17457825933473220704,2,2.0
10752572282829378984,2,6.0
16938858872282238784,2,39.0
10187056694420361664,2,3.0
14607937487374410100,2,2.0
16369135627293357714,2,4.0
11213302726653098163,2,3.0
8264435289464287192,2,6.0
16275654266866461287,2,12.0
1024452326091560348,2,2.0
17171358715707193665,2,2.0
5968845928820334888,2,2.0
12908091791144229609,2,45.0
7643161226651927378,2,2.0
14150367256440182102,2,2.0
4793664966602577809,2,19.0
10335787040617555279,2,2.0
18364658913001075968,2,3.0
2623705849137350417,2,2.0
6217016629086577392,2,2.0
15362489911691526429,2,34.0
11488934187594525761,2,6.0
9610020178553758438,2,2.0
9060760740122559158,2,5.0
12082350693526251669,2,2.0
14089416153290153975,2,2.0
2954765651238308317,2,6.0
18359032472845265570,2,2.0
2399066613205324549,2,27.0
8084629667570765718,2,3.0
9121418602244553527,2,4.0
15926424277347346084,2,4.0
16966879826530924712,2,7.0
4485116033807030524,2,4.0
7075518635190682553,2,14.0
2957540517433134629,2,2.0
2591654302281856932,2,3.0
9943743737513065980,2,20.0
5193809628582273752,2,33.0
12403062039139218973,2,7.0
14869673131034908837,2,3.0
825807970293407967,2,36.0
9672554213469040622,2,5.0
17192690373721437570,2,36.0
11413321666988304842,2,6.0
16710871843683703736,2,7.0
861482629863383573,2,2.0
11043688217488648537,2,27.0
10434396371358155043,2,4.0
2632108517640776009,2,16.0
6105134935219184690,2,2.0
8567813033528948032,2,4.0
7239954031811552924,2,2.0
16266994491993060589,2,2.0
10146547816548302926,2,4.0
4120213217033144605,2,3.0
400872762085717088,2,4.0
10564555128222337447,2,13.0
12804231249341340044,2,8.0
11644074211800397775,2,9.0
14097511164698122647,2,3.0
3360594260523001876,2,9.0
2590439989625097727,2,8.0
12455136288794031353,2,2.0
5928586244167973551,2,35.0
18113813264339514365,2,49.0
12781622141027539498,2,2.0
10735213495572388225,2,8.0
9565980550900984144,2,2.0
13864984043712826249,2,7.0
13629832922250548397,2,2.0
15882931046883141537,2,10.0
2261777267544969473,2,3.0
12292691632849787266,2,18.0
13547419901195858452,2,41.0
14560500789490268897,2,3.0
6956213850278765804,2,2.0
15448695544758714647,2,14.0
8943573964468615888,2,2.0
14046042113534706184,2,2.0
14985756066227209537,2,3.0
17476473960364192815,2,3.0
4130005258514074274,2,4.0
16867883359141283407,2,9.0
14713394699920958951,2,8.0
3909898210004825821,2,16.0
2904949199320210326,2,3.0
16820768359840748859,2,3.0
10239751431287095221,2,4.0
7924323495640122636,2,2.0
5782045626239713071,2,2.0
244211128135629252,2,30.0
15273575027069911924,2,2.0
2974545338089767962,2,2.0
693725647223808439,2,2.0
9789489143303674015,2,5.0
13065883359570381763,2,3.0
3567570888644800360,2,7.0
17887308280517400904,2,2.0
7084017598999951865,2,13.0
18445107052113603302,2,10.0
2528714123793122564,2,3.0
12238536550888632660,2,24.0
12010409385129404297,2,31.0
14943792330775149358,2,3.0
2542164727106759796,2,2.0
17670493399302287951,2,4.0
317736003738261335,2,6.0
9614555308679192360,2,27.0
5406958469985831352,2,2.0
10088033985526266892,2,4.0
11564222130321914111,2,3.0
14301642227133626478,2,2.0
6777300965504854537,2,18.0
6649749010564967011,2,2.0
897686614980379056,2,2.0
10522639412538916737,2,5.0
8481331607260517663,2,3.0
11421387553746681433,2,2.0
10310646557807982601,2,5.0
4314996976442039850,2,2.0
978120019359995665,2,17.0
16550931245108892714,2,2.0
14861736628504175894,2,2.0
15833477774019402723,2,13.0
8122909576151870047,2,2.0
11403351317164612211,2,2.0
4781570257290738782,2,26.0
15513680662566868646,2,3.0
1168289092061461835,2,6.0
12981496455985937164,2,7.0
2683732427892163599,2,3.0
5821784492974281026,2,2.0
5849992189680206294,2,10.0
7208237130649131217,2,2.0
4344453485579779447,2,2.0
10968834430678304205,2,6.0
17833587711678814148,2,2.0
14847370700268079989,2,7.0
14879643149795218815,2,5.0
11062849398664034211,2,11.0
12202217058576257359,2,16.0
5695394257555684766,2,27.0
13197537694146452732,2,8.0
18251526703508501299,2,5.0
8747787580020758652,2,2.0
863132416927987917,2,3.0
11376046598779394807,2,2.0
18097810324201606015,2,3.0
14914019705756316717,2,10.0
15366674211933537045,2,2.0
6953548122539228042,2,31.0
14310084366563203015,2,2.0
11126652919615407910,2,7.0
15693230594623909955,2,3.0
9764474961439524948,2,2.0
1451929578144075267,2,2.0
7319046372680460103,2,7.0
13285804848319458809,2,3.0
3861616996259575952,2,2.0
10303611590000432699,2,5.0
4290819788673155427,2,2.0
13627653081390188725,2,13.0
1788873208593639202,2,3.0
7439236785308263483,2,3.0
6059935574613796763,2,10.0
10126567992555280147,2,2.0
16108924982940174503,2,2.0
6541257228487397063,2,2.0
16810021689636980450,2,4.0
8942031714890372021,2,7.0
10798652966103407335,2,11.0
12136154730331714692,2,2.0
13926516053900687373,2,10.0
3739122744243543330,2,2.0
16710014077053892107,2,2.0
10128051873465273568,2,14.0
7526528895039541791,2,2.0
14922229599282776816,2,2.0
16279672351040735819,2,17.0
17725634074716774325,2,4.0
9553467577555723202,2,6.0
14980839514693081393,2,2.0
2974501236718888100,2,13.0
8474526215295131237,2,2.0
13073334047797156631,2,2.0
4640409795964529919,2,2.0
6943785133509648677,2,9.0
6831798899813178498,2,2.0
16902649595425378158,2,3.0
13425203432402576774,2,2.0
12270512678535514732,2,28.0
6961189338041563223,2,2.0
1404509834587342775,2,35.0
13872017894477911943,2,6.0
10823506667345314546,2,3.0
10331832370565498763,2,32.0
6684666384238067592,2,5.0
12560805026718766261,2,15.0
10894130050407154652,2,11.0
2646068220058898255,2,7.0
2940771757910743164,2,2.0
17377712759129156050,2,2.0
9376483460383897895,2,11.0
18000979343827612613,2,10.0
15497661761547662490,2,2.0
1839340338470449161,2,7.0
17474596478169130740,2,2.0
7495895946070114096,2,6.0
5186189087103908256,2,32.0
7469212655469937990,2,3.0
2502377323216676184,2,2.0
14844951783717830173,2,13.0
9302257528918656600,2,8.0
2277068078307320556,2,2.0
10086715109250914212,2,2.0
10849453285786983629,2,4.0
14738664694557929485,2,3.0
46120641475452964,2,2.0
5719682739562785654,2,2.0
5006049150606757264,2,4.0
2198016304054945999,2,3.0
12924013640956594228,2,3.0
17737461275182193832,2,13.0
6994450713600881687,2,9.0
13704588919682006295,2,16.0
14781306990150730948,2,2.0
17345735026359103217,2,6.0
5795888594675158793,2,2.0
12166702269228394227,2,4.0
17440828094753930496,2,38.0
11780380274162300377,2,3.0
13387573959497048910,2,16.0
4833211896086907618,2,8.0
2508916973218770949,2,15.0
16594835681978760101,2,20.0
3857364894232832285,2,2.0
10087936944010610739,2,3.0
16184331869313332599,2,4.0
6999333898786129185,2,3.0
1050425196999722474,2,2.0
1467350470505665016,2,4.0
12012290736713143130,2,2.0
11275662410443062037,2,14.0
1363967931952527038,2,10.0
2914783268296308555,2,7.0
11235279420522576845,2,3.0
10356704597576482257,2,6.0
5248606214489797249,2,2.0
3079914403963208435,2,3.0
10113562785384196515,2,3.0
10726360756614751626,2,2.0
2040503808959876385,2,15.0
2369125463350272519,2,2.0
16620172812405172538,2,3.0
5007805720051725994,2,8.0
11246064553695641772,2,4.0
2759566778043350216,2,3.0
11702529258348514304,2,2.0
17473644863387171337,2,7.0
108756656392556794,2,2.0
7298903213010827560,2,3.0
15248326817083585438,2,11.0
16555858708973511410,2,3.0
9880884519726707116,2,2.0
3418311855877690219,2,5.0
4939945253568474382,2,2.0
1496795400433038863,2,2.0
4237758873499949609,2,2.0
341233284184559781,2,3.0
4221834944429759949,2,2.0
11066295064011049300,2,2.0
5759599167758478825,2,5.0
15630991715179601062,2,16.0
17861673230581195949,2,2.0
13383702990515690880,2,11.0
3532481164827930652,2,8.0
14355059344463728733,2,9.0
12278320901757532110,2,2.0
13687109664327933010,2,4.0
1373457186526021507,2,4.0
1169680418398068616,2,3.0
11104829544629208337,2,21.0
18137464116551152627,2,2.0
4661350303312708715,2,14.0
16232669124178076641,2,15.0
9624461938952830433,2,11.0
2684203840292816721,2,2.0
12042872167178463896,2,2.0
2261881722374410662,2,5.0
9761286965422322252,2,2.0
4677467740270520241,2,8.0
5657887387945024849,2,2.0
13584912645006648197,2,3.0
13527676821951301207,2,32.0
11017310200611336482,2,2.0
2531701564941882360,2,3.0
8797317667352738831,2,3.0
11784988566606818723,2,2.0
3355312323810030094,2,7.0
7436865703089414110,2,2.0
16756360070040861904,2,3.0
11154268787896837606,2,7.0
6832418102891648683,2,3.0
12537862797657569905,2,32.0
2057358138320397766,2,2.0
7484473276908272699,2,3.0
7593220660428381813,2,11.0
15989234322339175786,2,2.0
5299904090878950371,2,4.0
12163160710712096751,2,3.0
3621319008616122906,2,2.0
17741281686815134865,2,29.0
15831256064229422904,2,14.0
689062272714383832,2,10.0
12099542655856997649,2,2.0
9402086756750806315,2,8.0
9599190756094501876,2,2.0
17278430514552036773,2,2.0
3200426002922779566,2,3.0
13847371142490964648,2,3.0
3077243237228178438,2,4.0
3046474483248342104,2,2.0
1888940816449117734,2,2.0
14555977552533032783,2,3.0
2094167831376887867,2,14.0
16169318672550100282,2,35.0
7424629709113224122,2,6.0
7144033583838189101,2,37.0
16354543801820965946,2,2.0
11637933650642540119,2,16.0
12748511271165478221,2,25.0
17643335964627045642,2,4.0
13830208398867224151,2,6.0
14027347826406850119,2,3.0
3865248607864184790,2,11.0
1959119825144316585,2,2.0
7435090164816355972,2,2.0
6222096527696716552,2,16.0
16797997282792258281,2,7.0
13694901558232973303,2,16.0
12106825030074959375,2,4.0
13649835199018475348,2,2.0
7030280089727017398,2,4.0
2894912407557145549,2,33.0
15773629568797301251,2,2.0
5245754788800987873,2,2.0
9881561164982795611,2,2.0
12070387926225417953,2,3.0
4912543158572576968,2,12.0
14307642108935396997,2,3.0
14064511087107706028,2,3.0
1199636979244009130,2,3.0
5405178363126845829,2,2.0
5313345923773155913,2,36.0
9357284377854147875,2,9.0
698150342011589341,2,4.0
16989165341398996600,2,2.0
1511456961684786259,2,2.0
1201726610646187703,2,2.0
15250940730641980691,2,36.0
17818631940062887650,2,8.0
4550900359158042606,2,2.0
7241218478505086716,2,10.0
846410764465976193,2,2.0
16879696055187526328,2,39.0
12806232913453408135,2,4.0
13914367368076333546,2,2.0
10502815744910536866,2,7.0
1611051396260454830,2,2.0
10484626215684348804,2,4.0
6576771749234247825,2,3.0
1600028801317585234,2,4.0
2272806115719842458,2,4.0
9741759063319000744,2,26.0
16882353644903918710,2,2.0
1113584673158037317,2,9.0
3770891765940697645,2,2.0
11233184460240809719,2,35.0
11495328183600440653,2,8.0
14514361033254649126,2,2.0
8200471430736882269,2,2.0
10601853056280392182,2,3.0
14428737193565952102,2,14.0
1156331126208036793,2,2.0
18320618838909992137,2,2.0
5242133059984138702,2,10.0
11141080946515760694,2,3.0
165003488046362725,2,2.0
4249544647021028595,2,6.0
14294784173712378934,2,2.0
4915831540936110327,2,3.0
17437688116072087379,2,4.0
7223720977140743310,2,5.0
8059631367354953850,2,2.0
8859654141306795363,2,3.0
14327668931604398531,2,36.0
5281729285325952386,2,2.0
557204549406171671,2,32.0
14774503497942844409,2,6.0
1055734579669641869,2,2.0
11592030059632735295,2,3.0
10537711712994616175,2,5.0
3832476862373909021,2,9.0
8917887162542445204,2,2.0
18353307237211373333,2,2.0
8191539203315338003,2,3.0
104241803563910484,2,41.0
8040076134165067976,2,2.0
17745322846346434810,2,4.0
11444215784180461455,2,3.0
5221232771018069599,2,2.0
17428208674814331963,2,34.0
4799849262482702009,2,9.0
4354647090991192480,2,5.0
6179032730603127785,2,2.0
2125245495704294103,2,2.0
5481964326806954221,2,21.0
17751081931665459424,2,11.0
14251333254550924382,2,4.0
6366481044023338809,2,3.0
12118799045981996949,2,2.0
12198150549737827516,2,2.0
14662856343510295172,2,13.0
7290058398100541997,2,3.0
16001872249244073041,2,3.0
2244453963895824411,2,2.0
8458957567728294539,2,5.0
15257447774675218307,2,2.0
5152436941205889940,2,2.0
10336161429222768320,2,2.0
9909677413511567558,2,19.0
16588622623148854846,2,3.0
5484255029597322631,2,2.0
327009235958684905,2,4.0
3428356201311433287,2,8.0
18204323779962045249,2,2.0
3133356212220012451,2,7.0
16757455752961046386,2,3.0
4361662269933509209,2,2.0
11979809086416329745,2,2.0
4143000522284026580,2,4.0
14733383675488503325,2,14.0
13866527327587785373,2,27.0
9043064917017159606,2,2.0
4592011154128296299,2,2.0
16119373919474950295,2,2.0
10609321752290178032,2,34.0
4770132631585316654,2,2.0
15066646458789075642,2,11.0
9222611507407699078,2,4.0
13088467665942323371,2,2.0
8074950179463727631,2,2.0
2309457669966724327,2,6.0
3173883271112446737,2,26.0
14455374222065826196,2,3.0
13891081236164396619,2,16.0
12054193626713625823,2,2.0
2949732122768274236,2,3.0
12772805216423823917,2,3.0
8538485502759407010,2,2.0
17879102631724586060,2,4.0
6361513895422385290,2,7.0
4518430694278365140,2,9.0
17895693678635802968,2,2.0
7623552566766635919,2,11.0
9012397068870886159,2,5.0
14020723861885456114,2,3.0
8006141230077250493,2,4.0
298519252337653190,2,4.0
6300132202684321378,2,3.0
6684723588027271165,2,3.0
6083918956468918898,2,21.0
8535884724488893941,2,18.0
5434419400290666616,2,5.0
13977945888602133168,2,2.0
4342833159176956089,2,3.0
7948193407506686195,2,2.0
8640723650968005303,2,5.0
2891449593410007262,2,4.0
13001401784346825644,2,6.0
4372302054165760939,2,2.0
5336760057031652235,2,12.0
10915960596370899885,2,2.0
309464496554622963,2,4.0
210204376798631988,2,4.0
16105485515361408339,2,11.0
7337835724650282454,2,42.0
1517413563506171492,2,3.0
12539394705689879801,2,34.0
3956698837526463346,2,2.0
11426111277774225173,2,2.0
4428640255784435755,2,4.0
8013212855135282619,2,7.0
8651154669720133693,2,4.0
1905020780085512190,2,2.0
17266638581165094428,2,8.0
10633641119778792209,2,12.0
15653803830019039938,2,2.0
5902849509531747301,2,6.0
2664651040281869234,2,2.0
14516344358331274238,2,2.0
13170996900334846233,2,13.0
16920081066909756327,2,2.0
13794158030967520969,2,3.0
6208378546409067273,2,2.0
1676378911766474933,2,9.0
16568882393963736094,2,3.0
672785152800110008,2,2.0
9289051419546650587,2,6.0
2518251554376239910,2,2.0
7220394168554201084,2,33.0
13474488884885567486,2,26.0
4490850933338923667,2,23.0
11362688234990607306,2,5.0
15571088112005491838,2,2.0
11581812558643278093,2,2.0
11084121070981574779,2,2.0
7157796790299748350,2,5.0
1976058330506432745,2,5.0
17926420655805333321,2,2.0
3610088236281067440,2,5.0
10205591687046270619,2,9.0
748900685117273168,2,4.0
4556617749030247374,2,3.0
15540695596216417691,2,9.0
12267546683148568616,2,14.0
1019941370393657981,2,2.0
9822092775156183811,2,2.0
13951605228378848601,2,13.0
9241931809195915205,2,3.0
14889496812160684399,2,2.0
10366429403902038831,2,3.0
9107459826218978414,2,3.0
12938492426604733449,2,5.0
1141607803103471385,2,6.0
1516241746866316388,2,2.0
5583491821374182210,2,29.0
14981193744904495322,2,7.0
6941215025989428766,2,2.0
2776154490486125940,2,3.0
2255331071982840593,2,10.0
42094701574510478,2,2.0
5352429770288486808,2,9.0
8605583847584562393,2,2.0
11254029796075896600,2,2.0
1337101239414411004,2,3.0
3062308507605295438,2,6.0
13537263523155753610,2,2.0
5747703323405555058,2,4.0
14218957409366087424,2,8.0
6990590544951998629,2,3.0
2760709856043871436,2,2.0
15942117040123491442,2,16.0
8664933147104181170,2,2.0
6058901722366805331,2,2.0
13168378845507634792,2,3.0
2814305522052897153,2,3.0
15290368053917908732,2,2.0
4555920520227637343,2,2.0
14406359654127981256,2,16.0
3044466665890091939,2,2.0
16416225134333556133,2,2.0
17012906595809845759,2,2.0
4253345770741095397,2,4.0
2658684678829158271,2,4.0
16993827802458983422,2,9.0
11874768938578295475,2,2.0
7765970568027681440,2,39.0
10474664728407316377,2,9.0
5833166366350632194,2,30.0
11226306443236560672,2,4.0
4815833008491954884,2,3.0
14399401425751455771,2,37.0
3951537846991045358,2,2.0
1613381947578101853,2,30.0
12051163515426265831,2,2.0
745869829184258560,2,7.0
15587229575552098369,2,3.0
12434262537451398215,2,2.0
2338872420513505827,2,5.0
10377946488624352497,2,7.0
2361372384069451964,2,2.0
591038573490576143,2,2.0
5382249603292842593,2,14.0
15250311259413348215,2,3.0
2613987869976211979,2,2.0
189500751867803778,2,7.0
6779352024000625047,2,3.0
13003841955513106668,2,13.0
11858172037958116823,2,3.0
12820809418325416362,2,2.0
4843321279946604217,2,2.0
17044687847010541114,2,15.0
16099369488870848830,2,2.0
7270680558233404697,2,39.0
15867878428862116777,2,5.0
13251859863637378536,2,4.0
16093781589485194810,2,27.0
11314960025587658185,2,2.0
5194978989741409481,2,2.0
1096112548614409939,2,2.0
7823283127703839827,2,5.0
13359046857908349092,2,7.0
386413469647742630,2,3.0
13289908272436415465,2,5.0
12783784628492454619,2,7.0
16003686426717959513,2,46.0
7152804634295170244,2,3.0
17746757070398239053,2,2.0
5929188735315906339,2,2.0
7332220344696249779,2,3.0
9198192507360074919,2,2.0
5974993955317733483,2,2.0
5011478021848904433,2,2.0
14971679216724851274,2,7.0
11288927550757662279,2,3.0
5314056563473338712,2,4.0
1328810733891998676,2,2.0
7787186386616568530,2,5.0
5787665150087784602,2,2.0
8237873261105831392,2,2.0
7124371076339919179,2,3.0
5331431863744202307,2,36.0
7832037299576464668,2,2.0
4172737240374405850,2,5.0
431687539854690234,2,2.0
16769188721397104596,2,2.0
8153911495190695573,2,4.0
8814637419604103903,2,4.0
16233614394633369967,2,2.0
6687799420622053979,2,31.0
14961730466018200492,2,3.0
10832431344653291212,2,8.0
17091683023141989172,2,3.0
429418843586257316,2,7.0
6922573349562531751,2,2.0
5607560513488060478,2,4.0
7173954715723610322,2,8.0
636152729726609837,2,2.0
1636631580925460753,2,2.0
17797255383714777420,2,2.0
9790974717182627707,2,2.0
12076425278470269555,2,4.0
7930469667560983754,2,3.0
249115558128095244,2,68.0
13811405949976767606,2,8.0
7412192750404284760,2,2.0
2630641060078274378,2,2.0
700126387684220424,2,28.0
16747108547593172553,2,2.0
15861104007812523402,2,3.0
18422117077115810285,2,2.0
17346560692985577368,2,2.0
11572185503994726909,2,23.0
3784521646648794243,2,16.0
1046094021360337907,2,3.0
1603828938753616687,2,2.0
7442419461502842709,2,7.0
15959429335769470825,2,3.0
16671342379265369816,2,3.0
5993179683803093718,2,2.0
5520035856626930661,2,32.0
11485104611218718939,2,2.0
16702451183905693641,2,3.0
2536084392993737434,2,2.0
1038246870844375027,2,3.0
15716737116125016826,2,3.0
8479889124860525837,2,2.0
10180353188470876207,2,6.0
7528153554968108253,2,2.0
7415444027615105094,2,3.0
17091856983947497965,2,2.0
8159599010759431708,2,4.0
2154760157296789916,2,2.0
16069019253712669661,2,3.0
7681762316247708155,2,19.0
10540039205455328548,2,2.0
8645309030512966994,2,2.0
3678357634708810021,2,6.0
14342660222289434281,2,3.0
17490916629043636773,2,18.0
351871950088815061,2,2.0
16783335374403335796,2,2.0
9173254187331445704,2,2.0
12037283108891229620,2,2.0
10507788761429318392,2,20.0
15170344349178078749,2,3.0
1542494029109970423,2,6.0
9205014795957763033,2,3.0
6600070564097561320,2,4.0
10629568240171562983,2,8.0
11517553351250835244,2,2.0
5347112370946262443,2,10.0
14032465682360929939,2,2.0
7252095406711478070,2,4.0
4770680965862573389,2,2.0
17601768853548060967,2,2.0
14081634554356689248,2,33.0
11876214668543288501,2,2.0
12930262638317933012,2,9.0
18315463921096920819,2,3.0
17565595948564735559,2,3.0
12190893701914604515,2,2.0
3616850904509744897,2,26.0
3694995133548838706,2,13.0
3444959045147579937,2,3.0
10680517090186164418,2,2.0
7812902617946387802,2,2.0
16100884319565553924,2,2.0
5595988558365977737,2,2.0
8863531698314505011,2,4.0
11605311200169394316,2,4.0
11025884014915979524,2,2.0
16795622371272893285,2,5.0
12614318966816830045,2,2.0
12376436491011477102,2,2.0
2665794802376650534,2,2.0
10741972562493167912,2,7.0
8508286957379679971,2,3.0
9243639158146032734,2,2.0
17380834960381451075,2,3.0
12871503819041421101,2,32.0
1300502159735806404,2,3.0
5787796006198749584,2,9.0
3299037347567018080,2,2.0
14511975231002004120,2,4.0
6071206670646800206,2,2.0
9577576265045159083,2,2.0
12291983173125865287,2,2.0
3169880530552710156,2,2.0
10255480508737361303,2,2.0
11438769966128664570,2,7.0
6354223238737216138,2,3.0
302871154588355905,2,30.0
2894393818822411771,2,5.0
6294536862941204432,2,2.0
3420078542314879458,2,2.0
6254819701976993591,2,5.0
1283510255422456812,2,2.0
9497297800775840397,2,4.0
7207778896501086457,2,4.0
4831548856070285302,2,2.0
3648284103504110182,2,3.0
9173105348378669672,2,14.0
6251016351752226551,2,9.0
76278219989881531,2,2.0
7973270001348388292,2,4.0
8335041342172960652,2,4.0
2228890370619417510,2,2.0
16048485521776837519,2,2.0
14521162253623379920,2,2.0
16915776251770857599,2,32.0
6530130670326402822,2,3.0
16431890543762694752,2,17.0
870191193453365466,2,2.0
12720810687553886994,2,3.0
16605198549041209730,2,5.0
8817799414845691953,2,2.0
2136618947269656290,2,5.0
12167273709928101299,2,2.0
11720444199251822502,2,2.0
6626834797211655389,2,7.0
10875001796834413755,2,2.0
7222706388456148851,2,2.0
8709097781803685658,2,2.0
14026915114471271373,2,5.0
14620636495667967399,2,4.0
16214901436649634999,2,2.0
17363934599049143866,2,7.0
12415675508441711774,2,13.0
7380077114582912683,2,3.0
17631966998098519080,2,3.0
15134617295766358845,2,3.0
2345848854713403185,2,4.0
13419568662626469876,2,2.0
5846122089479499180,2,2.0
6951827459305714198,2,2.0
2797020838183427973,2,3.0
3626309935651146160,2,2.0
14439410566460571150,2,37.0
11862658670865270193,2,15.0
15523996500410557191,2,30.0
3716664688735112788,2,6.0
15387541291882380752,2,3.0
17131623725570407533,2,3.0
17118541200899427111,2,4.0
4227208851582918061,2,2.0
9544933942260675691,2,29.0
11976854049078770616,2,2.0
945910536236977680,2,6.0
3916318912467811689,2,3.0
15634107794115293687,2,4.0
15782661971160782595,2,5.0
969498803075705985,2,5.0
2119413974632402226,2,30.0
8732119981275906291,2,17.0
16080627181978274773,2,2.0
17794572787872433047,2,3.0
2196831905948011330,2,16.0
2929131275802198268,2,4.0
10803123255090739082,2,2.0
9667059623789805939,2,2.0
14929953401774876654,2,6.0
8508276018545936717,2,11.0
9274383922432894729,2,5.0
18223182171216449157,2,5.0
4266156094490289996,2,6.0
18443116239535990664,2,23.0
13838962070776154955,2,13.0
9582207674737452593,2,3.0
5932654566456653651,2,24.0
9013808086277447579,2,2.0
3122792974842094009,2,2.0
1562229796891243487,2,2.0
16428383313317344206,2,2.0
17476581190410287505,2,3.0
16230590525078887669,2,3.0
2463940085152377832,2,2.0
12234021890349915552,2,2.0
17711323104661421219,2,2.0
14723211458614258818,2,8.0
5433957764607242648,2,8.0
1266988750128317501,2,2.0
12268351775861170074,2,2.0
12089762683342001895,2,2.0
2032663115954694668,2,18.0
4233775682515592578,2,2.0
12882845088068716919,2,3.0
12438353012388862044,2,2.0
15876458173378742963,2,3.0
11983757234021078571,2,3.0
16392454800790706778,2,2.0
11489932496226140743,2,2.0
741922192022656228,2,2.0
7221518978999362974,2,26.0
3317223988527333290,2,2.0
13485921175110083837,2,4.0
18338279408540627397,2,18.0
16144291908018016773,2,18.0
10141032038813827819,2,2.0
13154309297326278894,2,6.0
6345616511064263191,2,7.0
3519879485479716332,2,7.0
1306645278142909351,2,2.0
3847440432296057779,2,17.0
14093530977889199174,2,3.0
1282326915333096241,2,36.0
5559157062816417142,2,3.0
15575831221855421690,2,31.0
12552837109881972791,2,6.0
10361967630385639024,2,5.0
18433739880769405566,2,2.0
16367213181004655295,2,2.0
6501557951025098846,2,5.0
15427783609447221912,2,2.0
1811425884094422724,2,2.0
4278233635570307361,2,2.0
5172562744409814477,2,2.0
13102949314536233774,2,2.0
5777434625386348349,2,2.0
1379555279246804837,2,2.0
203818520752755229,2,5.0
5356404456417706220,2,3.0
2809356678513108851,2,2.0
17747257440739178287,2,3.0
4293221919175328998,2,3.0
5911604444831673598,2,38.0
2773233231637145384,2,3.0
7359968705107395018,2,12.0
1915881537775799822,2,4.0
9166075163483698815,2,2.0
7117699633851218035,2,2.0
4875496192352779727,2,4.0
13585917415039567447,2,3.0
98524886632443424,2,8.0
10674398866963162967,2,6.0
5923789865639784172,2,6.0
5970806596169541367,2,3.0
447423116668112496,2,31.0
3460876869948620950,2,2.0
14581423655017781375,2,2.0
7290151898290157930,2,2.0
7163326121527529252,2,2.0
15399351093271444980,2,2.0
7182962771165235097,2,8.0
235548225311663687,2,2.0
14728542893887590748,2,13.0
18131264829114415351,2,5.0
6401538567090081329,2,14.0
2155081192835402189,2,11.0
5269189337907702142,2,7.0
6990375003956107416,2,20.0
4273394363382778792,2,3.0
15934554797908069527,2,17.0
5900625303816316322,2,2.0
10554354675964319683,2,2.0
3869633248864061210,2,3.0
9670478893282228074,2,7.0
3997441114335206505,2,2.0
8032170153370543153,2,3.0
1940324359147931984,2,2.0
15364013813903010456,2,2.0
17146236703042571541,2,3.0
9589275606341592543,2,2.0
23021135736318365,2,5.0
1221836816869483859,2,2.0
16621182525266732704,2,9.0
15697907423094283481,2,10.0
4345873417442618726,2,36.0
11164310560103340102,2,3.0
11681567642539621484,2,2.0
7199584175343436781,2,2.0
5732915597554058844,2,10.0
4254391474622423375,2,9.0
17833721105691676177,2,2.0
16480456834486772421,2,2.0
3417576981031390050,2,5.0
7654436818948612416,2,30.0
17261264532769143125,2,2.0
11699345398195237437,2,4.0
6854564055015083471,2,10.0
6232174884541483960,2,11.0
9398191242571192839,2,9.0
8089471443525885459,2,9.0
10695252899855078480,2,2.0
88137082428082641,2,2.0
3911745267731908908,2,2.0
9819742105354842939,2,6.0
2628483138366235361,2,2.0
4756996186645824122,2,7.0
3707254356426437844,2,3.0
6257974253357177469,2,2.0
636049839202593099,2,14.0
4558459418863281500,2,4.0
7055234238826376373,2,9.0
15925304073451634028,2,2.0
13942390080882499393,2,17.0
17237746859034627283,2,7.0
11279844471208937350,2,2.0
3819347498729945364,2,2.0
9952477175169904595,2,19.0
2119786090045280235,2,2.0
9441115213801594486,2,25.0
15450713535528822688,2,3.0
2746029791454375845,2,2.0
5548172364116276718,2,14.0
4878647170268042715,2,2.0
13066995340588672027,2,2.0
14432810478041348977,2,2.0
5978078875406382480,2,38.0
17051326295102791889,2,3.0
11538225731461937332,2,11.0
5547797075134808892,2,36.0
12621943096289960420,2,4.0
14025384617564216718,2,8.0
508947563294150269,2,3.0
6946904130056407881,2,7.0
6234380480919117426,2,2.0
15562740373806635027,2,3.0
914501706946410372,2,5.0
232515038765841115,2,7.0
18387037128536966223,2,7.0
12804052142816086469,2,20.0
4464172383904890446,2,2.0
8416905129894238029,2,8.0
8385079034122929573,2,19.0
12116725528555939578,2,2.0
3957518804863950884,2,9.0
7360648099771178721,2,7.0
11669917202464325460,2,6.0
3381969979667727076,2,13.0
847030112380956515,2,3.0
304567003449778251,2,2.0
4813647219061769328,2,4.0
17451906880637607327,2,4.0
11747145843065321236,2,27.0
15519921280838584670,2,3.0
18229159799885768912,2,2.0
14539330064502037231,2,2.0
13175026454472949123,2,2.0
840798361933570054,2,4.0
10263645795666421227,2,2.0
10930539504156144553,2,2.0
15883225436695788015,2,34.0
3156008553968644044,2,4.0
4442365037530216104,2,10.0
3344733388504420728,2,8.0
560908063232063323,2,2.0
18087055029854312577,2,32.0
5663457403222744023,2,2.0
14941611247512187176,2,7.0
9098592642150097344,2,2.0
11330091377415386185,2,3.0
17200555269237854139,2,15.0
14395991716731060028,2,7.0
15835679741805307315,2,15.0
12961307672369272815,2,3.0
7115854056437834750,2,41.0
2320098709094208569,2,33.0
9531400831161775818,2,3.0
18138953228310381804,2,3.0
274532223588236377,2,3.0
11328467631028905395,2,2.0
5707955952804481963,2,2.0
5291960997200121872,2,15.0
16495521588030301222,2,63.0
12104869401449465032,2,2.0
960651649333493211,2,8.0
7717872622362903555,2,9.0
11051546405292887684,2,16.0
11759839459705658168,2,2.0
13520841542848308036,2,5.0
6358484441759123983,2,7.0
18121573339221382374,2,2.0
13512615126578585376,2,11.0
5796851745692519661,2,4.0
2440725577174497175,2,2.0
8927729593630014974,2,2.0
15128734578857533707,2,2.0
7122950275801029532,2,3.0
3764405409056610772,2,33.0
9840300423988908484,2,25.0
16482024010822613962,2,3.0
13907892234092471492,2,3.0
15448020141773414399,2,8.0
14731987900298745643,2,4.0
15506566451213902521,2,36.0
15168213465078452074,2,7.0
3988497179150856120,2,5.0
9140909677038397793,2,2.0
2586684724319584253,2,2.0
8496846744591254586,2,3.0
9573141027426547357,2,2.0
14253211092321692067,2,3.0
15795659581731299256,2,8.0
10858540489428812442,2,3.0
6220716061939281045,2,6.0
18301065535927451303,2,24.0
16305928116147573595,2,2.0
2288159938772808596,2,2.0
14105060096871541817,2,2.0
17828118127951227254,2,11.0
12504401411022386015,2,8.0
5945378516103144591,2,6.0
229245588508447509,2,4.0
8999495957754903270,2,3.0
9664511153877643352,2,8.0
10199502412339310851,2,10.0
15449605188005173620,2,4.0
15982445583885882086,2,24.0
11399839126943247990,2,2.0
14387152418961717625,2,10.0
10782270540102972733,2,3.0
13548031454845525238,2,2.0
9616971116127006873,2,2.0
16202794151763908074,2,19.0
2103604927110458561,2,17.0
4754674120843542904,2,2.0
15207628383236430817,2,2.0
18336312675746942504,2,3.0
14600038372483469507,2,2.0
6787507220458620243,2,7.0
10788476367267309230,2,3.0
16381447754906257422,2,7.0
6766704790239450652,2,341.0
17466143275831832038,2,28.0
14691133989009606506,2,3.0
2070063714430120594,2,17.0
6632494064607936222,2,2.0
7507720690465138570,2,2.0
10295467010245664813,2,4.0
5066991535603347141,2,21.0
11843707918308886496,2,2.0
11531483892235354933,2,4.0
14948243244168793128,2,16.0
2893051192102729899,2,10.0
13681638789290656425,2,3.0
18355393698331099564,2,2.0
9738740169904153109,2,4.0
11078779088176210425,2,3.0
16451630678384909790,2,8.0
4817695128995991045,2,2.0
6719625467677511252,2,2.0
3554855814050982166,2,7.0
12516600709137172866,2,3.0
842568780407788842,2,4.0
1399614779933787698,2,8.0
13729571879201875598,2,2.0
11526373932714244116,2,29.0
5577068683862782250,2,2.0
8870834189989327705,2,2.0
8445980677908560033,2,2.0
14891445785940829239,2,8.0
7620277380855975862,2,2.0
6560178009720745990,2,30.0
10416698250258533940,2,6.0
5027219912473354206,2,7.0
14171068756072283236,2,5.0
667776182555476519,2,3.0
9305983799582765367,2,15.0
13768401385903566327,2,2.0
16021503313367624229,2,5.0
13233202852753446682,2,5.0
1484594031103862062,2,11.0
5670838823498930912,2,34.0
11661566322389413740,2,39.0
7752816280889207672,2,3.0
13138133914723748107,2,35.0
8904140323806321612,2,3.0
7259032724936997275,2,2.0
12360523242958090898,2,4.0
2507387894281148845,2,4.0
9200570607951258389,2,2.0
11324358847329395351,2,3.0
12967854070497886617,2,3.0
3112064726881028258,2,13.0
8728710831856443192,2,33.0
17893049306241675190,2,2.0
15348722258900555423,2,2.0
13650021367661325011,2,3.0
5885415029354951410,2,3.0
9607680527390641664,2,33.0
5832383572799650485,2,6.0
1362538222492725447,2,3.0
15405180086734089805,2,2.0
11308526618106974618,2,25.0
4837315774044218223,2,15.0
8264692557037018952,2,4.0
14673894584666055402,2,2.0
18401348066297021197,2,2.0
5176384993740539555,2,11.0
6890302651420492930,2,5.0
3294776995441746414,2,4.0
16261556545254808614,2,3.0
3747604574021416347,2,4.0
197408982344409254,2,2.0
1562017918229999103,2,2.0
6429514384253138598,2,16.0
5503447782884660599,2,2.0
4152171950144670874,2,6.0
13162267324930803066,2,6.0
14424478424991981303,2,2.0
12665310399386796,2,2.0
2124681331640619342,2,2.0
2458350879213259903,2,8.0
4473567574916254049,2,2.0
17483205397493002185,2,3.0
14679802821277803419,2,2.0
18197132523976745993,2,46.0
14917364339091385552,2,3.0
8099811366269600122,2,2.0
3000713464609939818,2,2.0
15216050099245108409,2,2.0
1361346846183737581,2,4.0
9655738499927680505,2,4.0
14504935462772364845,2,3.0
13425851472323449840,2,2.0
3210526339663271979,2,2.0
12789355567940470407,2,5.0
9690350310950572523,2,38.0
13586625452048949083,2,6.0
12272268109319984102,2,2.0
14639661013415910327,2,4.0
2918936874231415972,2,16.0
16867609226656875034,2,9.0
14000399131383128016,2,3.0
15422639404452167135,2,23.0
8659633211162108280,2,2.0
4305652301910158729,2,2.0
3236462069595411289,2,5.0
16524025146812374776,2,3.0
556381450777587815,2,6.0
9866122409829899767,2,2.0
18367571142402352043,2,2.0
6333013916464632984,2,3.0
2177964036100403704,2,4.0
7871379414365144295,2,3.0
9624993647773830593,2,3.0
17173050896825053637,2,7.0
8828482926288211350,2,3.0
2293513089122529219,2,3.0
5480247270280239270,2,2.0
10890736118849663613,2,9.0
4207326470262597697,2,2.0
9548692545929862044,2,38.0
11337603802294577864,2,2.0
16447796387900199933,2,27.0
13879433188509163682,2,2.0
11677219403619106223,2,4.0
5415390900566434124,2,7.0
8054730922452740670,2,2.0
2246667794084970896,2,6.0
16289865336638289693,2,11.0
17526942334085662798,2,41.0
1800815121648862956,2,3.0
16253533870318596284,2,2.0
2634716987285072481,2,6.0
8982281083568814762,2,2.0
7032038449609509579,2,8.0
17305997564286163276,2,2.0
9234802255561051173,2,2.0
8865000676158499458,2,2.0
3913362973176388052,2,2.0
2263206291372156868,2,2.0
3128661217189967018,2,2.0
4437844771899528819,2,2.0
15518174864011923504,2,2.0
3530638967946864412,2,2.0
4334034531790893251,2,2.0
3501978306978412542,2,2.0
3616762888827019379,2,2.0
15930530544074508738,2,5.0
110256659510565224,2,2.0
3870518524869810845,2,3.0
8561943203437461315,2,2.0
9089795959575020259,2,3.0
11881886112387353571,2,11.0
13430809100355032887,2,2.0
6802446962534357890,2,3.0
17538720831088351489,2,13.0
11565992671622495784,2,3.0
15459283171737855658,2,3.0
6188485972369926504,2,4.0
10952633012225667307,2,2.0
649081492753857781,2,2.0
8437216362297679048,2,2.0
12144913781768351674,2,4.0
12586510189633394961,2,5.0
11618055003852026412,2,3.0
8395155856039648208,2,2.0
11329361917711604022,2,2.0
18269212432838554272,2,2.0
1183960762945497953,2,9.0
4416559536633278826,2,41.0
6413092452874344240,2,2.0
8739279761761926699,2,4.0
2238951076591736512,2,4.0
4029394050789773681,2,6.0
13768154781911779336,2,35.0
11453318321435192760,2,2.0
14288199591735975505,2,2.0
1952971601921970419,2,2.0
12299648516306512598,2,18.0
18417639027199415743,2,5.0
13382993741899843641,2,2.0
8391536868821278998,2,2.0
16115106469816314559,2,2.0
15775048496785632941,2,2.0
13056415748758303196,2,31.0
7564465551083462848,2,6.0
14292672470192594735,2,4.0
11191803957516374843,2,17.0
10666102565929708132,2,3.0
4602385421817146760,2,8.0
10372614556796535433,2,2.0
7111995735108551790,2,2.0
5082403567986979233,2,2.0
6466488843615227306,2,4.0
18396022773922638804,2,2.0
13744409388750676224,2,2.0
15479624970433935442,2,3.0
630858682494149991,2,20.0
14259622899641361339,2,2.0
5623122657099936691,2,59.0
5304159399145752725,2,6.0
2273217252952484033,2,2.0
8248101157973564537,2,4.0
7062990977010568454,2,9.0
3664315453795475711,2,28.0
12652305139497829755,2,2.0
17751597849373176534,2,2.0
14144177452924598689,2,8.0
9210455966122446806,2,23.0
11274945445094345865,2,5.0
8144427438153924634,2,2.0
2138103026026582843,2,2.0
497497230024231036,2,2.0
18239259122607758242,2,2.0
8680634294665599569,2,12.0
15904275067302997324,2,3.0
14816528820154471126,2,2.0
2840547762514587336,2,9.0
7948623294406811223,2,2.0
16263599680056996713,2,8.0
5995398502061171537,2,17.0
8286289121052928509,2,4.0
17549724680156462634,2,18.0
15819773899220951559,2,8.0
4318384076597096720,2,2.0
11489744839870268942,2,5.0
16673140654355113930,2,3.0
2572803835993523641,2,2.0
1611191334580823558,2,4.0
10656139848601013536,2,22.0
4867874815905709188,2,4.0
2162936382091545085,2,27.0
8616937035577312318,2,8.0
6444593143866669034,2,9.0
15459948960004992302,2,11.0
2024841059807568118,2,6.0
3763006611185688312,2,4.0
197887381927127895,2,3.0
13267479281823505883,2,4.0
7253596273958761289,2,2.0
2999889965787711811,2,8.0
17796609152046469854,2,3.0
3852008919356615534,2,2.0
16327733154122631881,2,2.0
13601671590529397475,2,34.0
4069317114906939605,2,23.0
12833839345295994429,2,3.0
5343277434476875040,2,17.0
10504142165241221860,2,8.0
12078964369445076689,2,2.0
12059675528092182996,2,3.0
2108096650186188788,2,10.0
17105559710500155020,2,2.0
2722928686153369818,2,4.0
14815114698398739190,2,5.0
2554479819644312753,2,2.0
16351293235726123771,2,2.0
10416380777367665324,2,9.0
17307446133260337188,2,3.0
3045945966497527416,2,3.0
858076748480417668,2,2.0
17636804926835533490,2,6.0
830171728508872564,2,3.0
6245464624499047490,2,2.0
7699516891078508309,2,11.0
18207418233112958488,2,4.0
4100877093101943820,2,16.0
6955399361887660994,2,4.0
17806323907642427870,2,7.0
2890320607841686182,2,3.0
16209552837029972871,2,6.0
13996761126742901919,2,5.0
15026844261440161440,2,53.0
12434481801608785860,2,11.0
15139099702896399159,2,3.0
2373981206460446615,2,32.0
7992237606035692059,2,12.0
1968129118294980840,2,7.0
430915020482531521,2,2.0
5311344977410584182,2,10.0
398711022354544489,2,6.0
12150503253654666583,2,28.0
4049561310007666197,2,2.0
10176644096575088771,2,2.0
262529164256322870,2,2.0
2720854915072091106,2,9.0
9048800306698201997,2,5.0
6940024178877594340,2,3.0
2415233264944288613,2,2.0
8086303916755713184,2,10.0
1596372866501830061,2,27.0
10940355034475109343,2,4.0
13144631458949128070,2,3.0
247120922133567433,2,5.0
13491514858906549815,2,3.0
11019807246643214841,2,13.0
14040019583603127287,2,2.0
6883919180873867836,2,4.0
14092820691964663517,2,2.0
7917712074257632748,2,2.0
8787403946612529347,2,21.0
5242223027533905305,2,6.0
7600416265013267770,2,2.0
5672855493781458439,2,3.0
945690122786107699,2,2.0
13340517788038557015,2,4.0
686824698863553157,2,34.0
5503794948304194818,2,2.0
133848076072736372,2,7.0
15003133623608378500,2,40.0
17809533801245897296,2,5.0
620319505841660614,2,11.0
13410526043048615517,2,2.0
11880342031391483388,2,12.0
367026836549626910,2,3.0
15572398335999806981,2,29.0
5229085743726954892,2,12.0
17799028313429148987,2,8.0
14307876300545984391,2,2.0
3906920887039231968,2,2.0
17212388427174991961,2,2.0
11125614095781803410,2,3.0
11228508140008267405,2,2.0
12231783425506665294,2,32.0
11959157517335385350,2,4.0
6552953201338062340,2,2.0
7157816754556412140,2,5.0
13641911815624957515,2,10.0
4602982661271170026,2,3.0
7386514060878123949,2,4.0
4444001946161189915,2,2.0
11966129178407453253,2,4.0
10279560299622216566,2,2.0
6917351738442867169,2,4.0
16619759783343485216,2,29.0
14271908602997346599,2,7.0
2349609027794039362,2,6.0
17406567332852344068,2,25.0
14017558030680306708,2,2.0
3545382270211648574,2,8.0
174300057710010526,2,4.0
5729464189399616702,2,10.0
16290390831719826299,2,4.0
4432265542216317450,2,2.0
4241010455516282019,2,4.0
7030753114835047713,2,3.0
5725607455622830828,2,11.0
3531341294143145616,2,3.0
2245059662238265819,2,13.0
6493949575163459272,2,2.0
11986305692844173708,2,4.0
12038259843462516002,2,2.0
8475267941723081725,2,4.0
15309163384366287651,2,33.0
6709729245003550722,2,2.0
6086760946923198825,2,5.0
7106404479872184435,2,11.0
10523944510529515707,2,2.0
6125790625431479478,2,13.0
13201296421831681816,2,2.0
6251127396400078463,2,2.0
10218994627720475920,2,4.0
3817812515426502813,2,6.0
6157479209849701313,2,5.0
16839087548697786800,2,5.0
16250282038249517512,2,3.0
6656966524138443556,2,2.0
5472980594047190530,2,13.0
6100211346762825345,2,3.0
12284011549150189404,2,9.0
9153639574953514228,2,2.0
13767064365709642937,2,4.0
2971570503062854653,2,29.0
13986177991776938841,2,4.0
15432191094130168267,2,5.0
18415266148703374284,2,25.0
7837789953445056999,2,33.0
8691951332955116377,2,2.0
15463562887154924888,2,6.0
14563262933169144173,2,3.0
1117374152692998543,2,15.0
17764697283579033889,2,20.0
11671298165394113604,2,2.0
17538937293100301399,2,2.0
14697484511390082172,2,4.0
10243898033891550624,2,2.0
9230771096732910020,2,5.0
6363038043490412846,2,9.0
12609165938630835185,2,2.0
14746033167784904608,2,11.0
14462499778341117627,2,4.0
834733111258905623,2,2.0
9148948523969814417,2,2.0
14400530075090673231,2,12.0
15760510885237695697,2,2.0
10286540793156692552,2,3.0
13549973792824952005,2,2.0
3752470015224160463,2,5.0
5519204382633581756,2,4.0
1141568615742898768,2,2.0
14216030001423984010,2,23.0
11333412522830234640,2,6.0
2254547411516208340,2,10.0
6286318433321990638,2,2.0
6396790375061240970,2,2.0
15295295224993442008,2,5.0
16255456522523842041,2,10.0
8293439682327357130,2,3.0
666491558894890654,2,3.0
17685101365159630451,2,9.0
10714285108263413853,2,12.0
16939253214240635147,2,14.0
15185366616464920457,2,5.0
17822930693543658062,2,5.0
5739417827255367487,2,35.0
69570536700094047,2,4.0
13885213891005391017,2,3.0
3943353234959927872,2,3.0
10129464526210441095,2,9.0
8921300971808935696,2,4.0
7074423676209182454,2,2.0
15208567788763887999,2,2.0
7026978968886152095,2,2.0
7992641457893123698,2,4.0
3349921451966661282,2,2.0
349195043994318744,2,11.0
8569747602185958383,2,2.0
6760031484033273631,2,2.0
341428196447234881,2,2.0
6340608102678183428,2,3.0
2043865226701506556,2,3.0
11343213825683271462,2,4.0
3336631034764297771,2,25.0
6489740337854204938,2,4.0
4997794506559877433,2,2.0
3798930802963664293,2,33.0
12720494313428856841,2,9.0
15210062862350476021,2,2.0
13835928973248614173,2,2.0
11401134439080701192,2,2.0
4147517999891661330,2,3.0
14943444992331467845,2,2.0
12426611789275200381,2,3.0
6765017868628740079,2,4.0
14467321440963930735,2,3.0
10381041296512068118,2,2.0
7083069777176092765,2,2.0
4790655501667862950,2,2.0
10332302200741131434,2,8.0
6786841078122125955,2,3.0
5132695018948474641,2,10.0
2942446576644633744,2,3.0
10915543359825689785,2,2.0
536627922348169625,2,2.0
9905779962821237233,2,2.0
11129159529615197504,2,3.0
4686725890376537212,2,2.0
18293890247375280276,2,6.0
5691371125720063098,2,39.0
7725803218951082589,2,4.0
16231958091120595574,2,29.0
16037684544418272461,2,2.0
3070300907744298658,2,14.0
4604564693393223468,2,5.0
15405253053855222515,2,2.0
15405089613399144090,2,32.0
18390706508365883055,2,8.0
2345324528267040482,2,4.0
16804476052249878557,2,3.0
6124201151309356920,2,9.0
8828595228168030242,2,3.0
7147291366895789248,2,2.0
16298123528218632121,2,2.0
11022777113796704207,2,17.0
6640228719693057065,2,79.0
11746389579661623940,2,20.0
2079573916215287338,2,15.0
2685655784108041640,2,2.0
14247060627316699703,2,2.0
6170237971244479835,2,5.0
14008460983252795512,2,2.0
872728594893949521,2,2.0
17054344839124974010,2,3.0
8338984043933216497,2,2.0
10737454159260920473,2,9.0
6003152098698598109,2,3.0
5718538091250699620,2,3.0
5702528567305141111,2,3.0
7100277680377618359,2,2.0
5344765198027872911,2,4.0
17202686258130824090,2,4.0
338811211710471411,2,3.0
1826590819560893746,2,2.0
11722322927119684768,2,3.0
1901472704094681312,2,3.0
13854106695279973320,2,2.0
4047396928284477866,2,2.0
16650391214542307688,2,2.0
10632125209565184074,2,5.0
10385454448975490005,2,2.0
13638323319116267078,2,3.0
3906592131812455142,2,4.0
6270360133777005673,2,18.0
17678021791965128201,2,4.0
6313734742559161354,2,3.0
7665442989827430272,2,2.0
17317123975284870555,2,2.0
9181418377982457778,2,23.0
14750817802258831137,2,2.0
5169074439120348268,2,8.0
13502226083280736428,2,12.0
16713013011726577547,2,2.0
12149215846629865675,2,12.0
10740575453362293568,2,2.0
8430749001223330463,2,4.0
11762364614559605124,2,2.0
16502645502922394714,2,2.0
4294294452758048667,2,4.0
2644084028873975050,2,2.0
15741451813777703238,2,2.0
13718040244340487338,2,7.0
14521654096131666582,2,2.0
17075781518723283453,2,2.0
17272519436737258461,2,33.0
14746964623130579251,2,2.0
11979787698693792801,2,2.0
12018952445554825168,2,2.0
7722162867157625721,2,6.0
5129446830189108953,2,3.0
1749010926788443762,2,3.0
3427142856332270347,2,2.0
2131184456008695959,2,3.0
13697696533026349259,2,3.0
4777662764232632098,2,5.0
17262244654786978180,2,4.0
15179220241035697576,2,2.0
11420367916287629930,2,2.0
18356624228676491410,2,20.0
4816301752902042619,2,3.0
7856010058281500681,2,2.0
11310279533173144044,2,29.0
10975819517182860222,2,2.0
11721569366927027811,2,30.0
17104574617913010189,2,4.0
14467108915068303201,2,2.0
5874648207172138285,2,34.0
16015704464954015512,2,3.0
15996121047863451524,2,33.0
1099516269107338734,2,30.0
13492552195506737559,2,4.0
10811679273635399627,2,2.0
4481549844593555554,2,2.0
2659968104156184169,2,2.0
6036971844467184498,2,14.0
7023121435207235861,2,12.0
8658500782903266933,2,4.0
173893237010373487,2,5.0
14287490912768086999,2,3.0
13593481608104626288,2,4.0
5209738706496131563,2,4.0
13429385613361029645,2,2.0
11004262590626509488,2,3.0
9163524606341905575,2,2.0
10363283128462835549,2,2.0
282846951113639029,2,23.0
16555537292643242815,2,23.0
18216993856945911931,2,4.0
4743713347521576656,2,3.0
5170667523483743553,2,3.0
12702261876779554340,2,4.0
5434450163839942723,2,7.0
889347972669816654,2,3.0
16765775943224790164,2,35.0
14875734477923242599,2,2.0
16612172630533291729,2,3.0
16409709983869866709,2,4.0
15224635560298677620,2,2.0
10548231557744664510,2,3.0
4644429633886066871,2,3.0
6133655518130447695,2,2.0
6584493902334465495,2,2.0
7824059316320191215,2,33.0
3348105055094519714,2,2.0
12930625453824567257,2,24.0
9567749968447992198,2,2.0
3915207961524848499,2,2.0
17355713970068190156,2,3.0
13519064109701167724,2,3.0
8195548113971074889,2,4.0
11973911159663689855,2,2.0
12046552044882008245,2,3.0
18182410340261123876,2,3.0
15592944156117983584,2,92.0
1637911044611625583,2,11.0
17268389368657083736,2,8.0
8538977430116975643,2,9.0
3669688394954599038,2,7.0
10373198051454583704,2,5.0
8886765622307458854,2,10.0
8564100561268526416,2,2.0
8964732471721420515,2,2.0
1557301943220666003,2,2.0
18282115666952234202,2,2.0
17858849526605429100,2,3.0
6532713997292545529,2,23.0
2027647788443417510,2,2.0
789767147600225991,2,6.0
3646775955805839310,2,15.0
12844996652916039584,2,2.0
6460424990060086678,2,3.0
10442361716164363578,2,34.0
13239163292493082533,2,6.0
14352078580726279195,2,6.0
4428765808396760756,2,15.0
12950827298312450469,2,9.0
18078997734269711713,2,2.0
17372209191514162164,2,4.0
10891348407449429173,2,5.0
2776244259779013571,2,2.0
2531213857625764166,2,6.0
5845332223937611773,2,2.0
16831726363905953248,2,32.0
15753456203743877879,2,35.0
6188937109231290340,2,31.0
16816916066482034785,2,5.0
9863625634361666664,2,7.0
10506139308317698922,2,8.0
11762088298497388365,2,2.0
30484419936631504,2,6.0
17017863986751974206,2,34.0
12928243669173438577,2,2.0
485269739403286870,2,3.0
13891838048091244404,2,5.0
15118664220629205758,2,2.0
16992179481070919443,2,5.0
6488789909991183311,2,10.0
372387608474634363,2,2.0
15155092153068314418,2,33.0
6672184482442726840,2,2.0
11665860499849761309,2,3.0
12149055066261901759,2,3.0
17583875088257734837,2,7.0
9632888283030831041,2,5.0
14982307493175990256,2,2.0
12109760080130494549,2,2.0
16451049201174033165,2,40.0
14381786924777712810,2,4.0
12787491976251665419,2,2.0
4628070585580933706,2,3.0
125617008584101667,2,2.0
1982227634100394261,2,16.0
556120657439889109,2,2.0
10621231139350060311,2,8.0
10067915276108908570,2,10.0
8535027534868844405,2,6.0
4551592675953125041,2,2.0
12030554437187204643,2,2.0
3290909802777346762,2,4.0
205830645981154654,2,17.0
7970740888243086808,2,2.0
7674933139995311691,2,2.0
8068232576607949780,2,2.0
14785362592563773469,2,30.0
14405379417983255937,2,4.0
12499763810834674375,2,2.0
6091410407375858779,2,6.0
5688312342185361268,2,2.0
2957454304484360792,2,2.0
3141292553993785103,2,2.0
29496110356974862,2,3.0
14161288416836717497,2,15.0
16240315820441269614,2,12.0
13710504601752107363,2,5.0
1427235395062614797,2,2.0
16426602640216643259,2,25.0
17276816015805486461,2,11.0
7648260409331409102,2,4.0
13034170904342110332,2,26.0
1456764281450308522,2,14.0
2376994705499892714,2,28.0
3179668334149899467,2,10.0
4344921775063301850,2,4.0
236383675561987388,2,18.0
2233234823158552647,2,2.0
1813672591888057588,2,3.0
5444100537894098866,2,9.0
329759733279809366,2,7.0
8595904792791082710,2,2.0
4224514921920178419,2,7.0
13802458597912926135,2,2.0
3129945661755706551,2,2.0
597518093222440166,2,5.0
7640655437665720003,2,3.0
13337093582347199148,2,10.0
1351755955804987706,2,4.0
16540642754623115199,2,3.0
10734998055421917918,2,3.0
4140307525170190342,2,2.0
14343670855585108326,2,40.0
17074696900055628301,2,30.0
6123979100604463380,2,3.0
10093478065047231420,2,2.0
6320747384778666898,2,4.0
12052856080695782210,2,4.0
10927651104479297411,2,3.0
14589827149957609130,2,2.0
12913457519870877039,2,10.0
5637951645334115310,2,8.0
13293042312877444786,2,2.0
17002797788765317408,2,2.0
16964786396672611992,2,2.0
14041526013070680189,2,4.0
1179165853782607133,2,4.0
1731893135281537319,2,2.0
17593838818438090355,2,10.0
14691071680243473489,2,5.0
1395392392690224160,2,37.0
5013477749191658080,2,46.0
10620926227005893469,2,22.0
9941449560618784718,2,2.0
17191390391487553831,2,2.0
9726427074501218459,2,2.0
3490415426539654819,2,2.0
3828259706335921921,2,8.0
5307861198599112306,2,26.0
343682180927602003,2,3.0
7015942133979585861,2,12.0
3714761868892825843,2,3.0
11039198736723361113,2,4.0
13438201474707111658,2,5.0
5920774932226313946,2,35.0
865854187756019517,2,2.0
11074298763634952623,2,4.0
8757136102846673852,2,12.0
14741979844861888041,2,3.0
17258112524955585212,2,2.0
9222717033596989277,2,8.0
761101973489215586,2,4.0
7415141538933151167,2,2.0
910644544698760340,2,2.0
16869303913119696263,2,2.0
13012574405771492790,2,3.0
14293264140610734977,2,31.0
4209138341531309903,2,5.0
17322304942592579477,2,2.0
7194631107737145070,2,2.0
8145878643611517435,2,2.0
13065620707243927262,2,2.0
8091754425122291207,2,2.0
16560746119895295446,2,30.0
6325630912247070249,2,10.0
15061430103137655658,2,46.0
7495290764844382722,2,5.0
10367619734119094016,2,3.0
14950264995365544770,2,31.0
11270860936967093009,2,7.0
9292340568034606340,2,38.0
9870547985097714628,2,5.0
5731890602805206335,2,4.0
8089143859500093980,2,3.0
17316540189351874730,2,6.0
8246589778691477526,2,2.0
2249963488163823220,2,3.0
15780314206930975832,2,2.0
9853220224373334437,2,19.0
15463731160192183190,2,6.0
7261465877181569671,2,2.0
10431592729335710763,2,13.0
6480075670511513367,2,2.0
3032404249814866770,2,8.0
11819833539168751435,2,2.0
9052217434171700786,2,10.0
981444115079143158,2,4.0
7473110015401539951,2,12.0
15750512861520788427,2,21.0
2980050681525513809,2,4.0
17148648736196213419,2,23.0
10232640306281826411,2,2.0
11325712906147596085,2,2.0
1576721157818860258,2,4.0
6450213798680137116,2,8.0
4059720527248705159,2,2.0
5505826227012141295,2,3.0
603709967318277471,2,4.0
14524331629750253472,2,4.0
11951465645339924785,2,9.0
10193001713200823377,2,5.0
17414376670011050786,2,54.0
3492359709030420024,2,4.0
952514743480169495,2,4.0
5013510260416739980,2,5.0
7895300378010059150,2,4.0
721237635540883093,2,2.0
5271518553573124870,2,2.0
525633504592520472,2,5.0
3233720106556939699,2,3.0
7411099337349408208,2,6.0
13526140873078849168,2,2.0
16690260292423134718,2,2.0
6280807412418298197,2,7.0
14063983075124640395,2,30.0
16833945664020352596,2,2.0
13886823085292160607,2,2.0
15298169474133679600,2,2.0
2275902602806882865,2,2.0
2570664709090387853,2,2.0
11670566744599470688,2,3.0
10202775123759058419,2,4.0
18352192634766558066,2,3.0
13123437194374495773,2,15.0
3167176878525657999,2,4.0
7678381649713980477,2,4.0
7052589993334634616,2,2.0
13677954814184586190,2,5.0
9617840062973920625,2,3.0
9575518007747400650,2,30.0
6154966300931806393,2,4.0
16585898966667317252,2,2.0
8582759629608601802,2,3.0
3789566942662262134,2,3.0
13830994682460168813,2,2.0
9584898265164079559,2,5.0
17580338085831564295,2,2.0
16261334450312181455,2,2.0
7974586999285665863,2,6.0
5873938277593520092,2,24.0
5037548605103142748,2,2.0
12427944435439376278,2,2.0
3447342677132776734,2,2.0
18189940573925548187,2,7.0
8252368663317528145,2,10.0
1796226874316771350,2,35.0
13843072506231655414,2,2.0
937760400185651807,2,9.0
13015943736388447178,2,17.0
827735450620035483,2,17.0
17693135344548887933,2,2.0
14096169492973782447,2,5.0
15794622507444878617,2,3.0
17117543834706558252,2,36.0
4624887696017102003,2,2.0
3947194281510420023,2,2.0
1883389065591450054,2,4.0
11698959203229658510,2,2.0
13133113947386612761,2,3.0
9740779822934414493,2,6.0
15434445831041661213,2,5.0
15011841958446192716,2,2.0
16570477034802862666,2,2.0
15935744434418211036,2,14.0
16103318583101647740,2,30.0
16312141521304107835,2,4.0
9890114753209009999,2,2.0
13076578725819776342,2,36.0
17835782882914345739,2,15.0
12889806725110986040,2,2.0
4687044756496501682,2,4.0
7108636374279401815,2,2.0
11081224528134392288,2,13.0
17121464228019062491,2,18.0
5811359841257381487,2,3.0
14950216784268723452,2,2.0
9145093944069402313,2,2.0
15575936620806647569,2,4.0
17389688681748368166,2,39.0
1996057760912742788,2,3.0
12883192388226309631,2,2.0
3523621068477340434,2,3.0
2530047489436944728,2,2.0
7822542267480122169,2,3.0
8152573210526283565,2,3.0
4768437006798271999,2,10.0
17237159036497666777,2,5.0
7272813634791406909,2,2.0
12563433397651428699,2,3.0
14454580158676323431,2,2.0
693457039266414218,2,6.0
16178797220942172112,2,14.0
13895262533303085405,2,2.0
8086264782406584476,2,2.0
17062878371077555240,2,22.0
3692760887536576264,2,7.0
2165063816035034352,2,2.0
9729485080443762708,2,3.0
9532855703466539792,2,3.0
1341713584881090589,2,13.0
4626777396092621426,2,4.0
596235802236111262,2,17.0
15171734600329832675,2,10.0
10275073133087242696,2,2.0
9125291003284041593,2,2.0
7029985147223692542,2,2.0
9623989133521944097,2,16.0
4969699712054786034,2,33.0
1705566224843223654,2,2.0
1409690454941818524,2,2.0
14038886068115984759,2,6.0
679138288543182641,2,2.0
6656961580427855611,2,17.0
13953173876697970721,2,36.0
12276560260680377175,2,8.0
4534533082014421074,2,8.0
11793456058756774796,2,105.0
17211897575875697718,2,4.0
5516477860007605805,2,3.0
14749844581851500056,2,4.0
5260420933042898714,2,6.0
5042825658656514014,2,3.0
12654525248678370316,2,3.0
2155414902798071098,2,4.0
8486824112000330766,2,2.0
3163802940561214629,2,11.0
113848559214168254,2,10.0
410007957829691970,2,3.0
16730393460947289562,2,8.0
535840880639293567,2,5.0
10330995757557581466,2,4.0
6233555869754106084,2,7.0
10678972661551000855,2,9.0
14768464195875255507,2,2.0
2490830587336087095,2,2.0
3454680781356045641,2,2.0
1925017057062533012,2,34.0
6371650858534947676,2,34.0
11348710532853868548,2,16.0
6533170279017069603,2,3.0
17704504919951301464,2,2.0
15861180059733208624,2,2.0
8263711781127410402,2,3.0
3892127831861065242,2,3.0
10238695703260170625,2,2.0
13351656945525929020,2,5.0
11888708848252462003,2,2.0
8085130006735017692,2,3.0
3706679002694258581,2,16.0
5474146206479102275,2,3.0
9907891135182436965,2,7.0
6920804216106999782,2,2.0
10523682910248067941,2,37.0
13078961654632202218,2,9.0
17423138148849230834,2,9.0
8376256632589132262,2,2.0
13023043093093049956,2,5.0
709204680723792414,2,10.0
14319812216960909178,2,2.0
2455566857607338732,2,9.0
7194835299084299470,2,2.0
16574672037594193724,2,24.0
13521028785654529830,2,7.0
15683393044852594133,2,5.0
5520985409023574428,2,5.0
3867066577801000599,2,10.0
13234975331828608777,2,5.0
17870863946190733209,2,2.0
9111888093812609600,2,5.0
3785148736500870920,2,3.0
6346476216897805553,2,91.0
9855623003979809640,2,2.0
13660165537643331987,2,9.0
2773669583669044779,2,31.0
4952803986680380268,2,3.0
2111609516681632994,2,11.0
11043106906094720407,2,3.0
2009618512177397575,2,5.0
17860083787387209916,2,7.0
3135000507243446345,2,2.0
3719880445518918858,2,2.0
11771725148323797060,2,2.0
10931521086626068676,2,14.0
4506312582947289198,2,2.0
4631170827412217209,2,2.0
8874941090159035441,2,3.0
1224226987690519073,2,8.0
11795044737660566545,2,2.0
8101675986114800888,2,2.0
5569962593226407884,2,5.0
12843467321455783257,2,7.0
2944873194384241377,2,2.0
1224862805484074836,2,3.0
423314601089472892,2,3.0
17326817538599038369,2,13.0
306812022550311305,2,3.0
4970771287285679143,2,5.0
18162161898989622264,2,7.0
7887779479183738462,2,2.0
12778312211654280548,2,3.0
12533875339049581505,2,2.0
14305332587465977044,2,35.0
4174474433925660166,2,5.0
13712410836639806742,2,4.0
2462496503319240885,2,5.0
3296111784853858924,2,4.0
11702269819829820190,2,3.0
15840559734114596355,2,9.0
14144170593986872751,2,2.0
10460855872725685292,2,2.0
5734433064357196939,2,2.0
11555823653913305258,2,3.0
1854868493658917413,2,21.0
15502849899185411205,2,4.0
9013366058495395166,2,29.0
6816144917819216592,2,2.0
16642999138624260070,2,2.0
69491825773097250,2,2.0
3267361248887695266,2,2.0
16122192608919215038,2,2.0
14373025012745303136,2,6.0
10835852796771478854,2,2.0
13727445056518317436,2,6.0
15213530189563233900,2,3.0
8959471638463288135,2,6.0
6653837718107860692,2,2.0
5677887720502861979,2,4.0
15862431333632094993,2,6.0
16402177406380843482,2,2.0
11364683172631643786,2,32.0
15664840131318272273,2,2.0
7870002351310011606,2,3.0
12535754349759131484,2,4.0
14117274454037630286,2,34.0
15739570725414956607,2,5.0
15156114993356525166,2,2.0
3103428806372229976,2,7.0
13978405458356031443,2,14.0
12875879434533386928,2,4.0
16578119894488977782,2,15.0
12003230916999173869,2,2.0
12666277644232620222,2,3.0
7509577182369530751,2,2.0
13662968667976226331,2,2.0
13444566071692709506,2,5.0
7833640399567954918,2,37.0
17541236874527917057,2,9.0
7992904011735104349,2,2.0
5613007504492842409,2,2.0
6075405369094530349,2,2.0
16243468677042326492,2,2.0
15539228615666717716,2,25.0
14246251872672360390,2,2.0
2668707196670458888,2,20.0
9175999697018068194,2,2.0
16969393592085990491,2,3.0
8341855485289440581,2,4.0
379078150777005853,2,2.0
3011617029001651697,2,4.0
750853184742053802,2,2.0
501828456735488966,2,19.0
16953525381762687176,2,29.0
14697635641007487273,2,7.0
4050379124491111475,2,4.0
7622671216047694231,2,16.0
3581847902968674831,2,4.0
7728357527316718353,2,2.0
9181046610421874252,2,17.0
4845574242870463059,2,4.0
3502779639945136849,2,14.0
2270551410974174292,2,3.0
5743748468442543753,2,2.0
10211059453040238324,2,9.0
5710641779134934116,2,5.0
10914378901985169033,2,5.0
1884771558242534897,2,3.0
6710088355063664368,2,2.0
10995991117795969768,2,3.0
9310084088167343480,2,2.0
11455671571216581641,2,2.0
672238255545958517,2,23.0
3292588135212497667,2,3.0
16313273804549894824,2,2.0
7831381973192790517,2,51.0
11144622573906801188,2,2.0
4697913094162959509,2,2.0
1917575143374186049,2,3.0
3243748139768818196,2,26.0
3541213636235956857,2,14.0
17736133328294648874,2,10.0
16220481466470680425,2,8.0
1398942199758920777,2,2.0
18009990798886252833,2,13.0
15393440333255621120,2,5.0
3163013450269353835,2,2.0
17353744804897128012,2,2.0
10729809141582025145,2,6.0
11904527537582481542,2,6.0
11677588246313405103,2,8.0
9776581079334306478,2,3.0
15191905316068838183,2,30.0
12002289561568918083,2,36.0
4391260623116299930,2,41.0
7888929709360595609,2,2.0
5297069587067693736,2,6.0
10322397869458281017,2,2.0
8436703308398032727,2,8.0
10799267275275572546,2,6.0
12131069313867645458,2,2.0
15725065932871739801,2,3.0
1331387402885371068,2,5.0
17932989531920134996,2,7.0
14475501375765991751,2,19.0
314233160438356461,2,2.0
16791001989898147368,2,2.0
1676271026616462113,2,3.0
13559620409689239503,2,3.0
4317378899985568035,2,4.0
4495283679974501817,2,2.0
5439271426578978786,2,17.0
15575679213641768670,2,15.0
742168566615546648,2,3.0
152118793284454379,2,8.0
7161931135402560427,2,11.0
7650336806549578836,2,3.0
13792060482431223369,2,22.0
676498295968952833,2,4.0
13005276451195811119,2,2.0
4025743445932981998,2,32.0
14687365785765439508,2,2.0
6971934298996571771,2,3.0
14822896919749065338,2,4.0
3335010363123624105,2,11.0
8650290944424405332,2,20.0
6431174229781536194,2,2.0
11214922981033492856,2,2.0
6667274352856772006,2,2.0
16438183923331337859,2,2.0
6930088892120737861,2,4.0
5905197813026078719,2,3.0
932312025795404918,2,2.0
45990094526345098,2,2.0
13835638003285078479,2,7.0
564657008875679656,2,6.0
5787878987781825341,2,3.0
12502451239417024660,2,2.0
5600918456593746778,2,2.0
7795242623825023583,2,5.0
7444069442875099079,2,4.0
418957974918691011,2,2.0
10598256067547353082,2,2.0
987529164935861643,2,2.0
10299372731869306066,2,2.0
9048445633560531647,2,5.0
14478868083100215812,2,4.0
15437995150110578833,2,2.0
14563655087579239201,2,3.0
4169078900278396193,2,2.0
4044281791082237988,2,5.0
10269307253892015885,2,5.0
18297915077011062731,2,2.0
4640641691584163576,2,4.0
1028438486472444847,2,8.0
11724771350557405203,2,2.0
915503568384894450,2,30.0
8726929372831013366,2,2.0
13569645692195151691,2,5.0
16589046118542368098,2,2.0
4649116212323375393,2,6.0
7734135628932192129,2,5.0
8018466790736967672,2,3.0
1264858023941426759,2,11.0
17329815957445024035,2,12.0
8515846790361325991,2,2.0
849067008152818176,2,6.0
10161062253085079830,2,36.0
3962854878169511784,2,3.0
15033989959854735137,2,2.0
3837652725634625018,2,17.0
5654458707557882881,2,6.0
10155147931311137737,2,2.0
275154559446575940,2,2.0
12536336320514407009,2,2.0
205949185558358460,2,31.0
7895128295747016117,2,2.0
2482004674295869765,2,6.0
16011774189485976885,2,2.0
16713163891375542507,2,2.0
11158832313426896098,2,2.0
6521619954795826093,2,31.0
7148616971223064424,2,5.0
15909350650380841315,2,2.0
8866487426504716938,2,2.0
14847659558369115956,2,2.0
9158986967967634369,2,6.0
18150491407680317240,2,6.0
7104331688224032243,2,37.0
16517356041056201372,2,2.0
8142780798973252599,2,7.0
10915634205347762523,2,2.0
16605664860428835564,2,2.0
5140841808162333575,2,3.0
11129340377150386913,2,4.0
12444898789831823338,2,2.0
562099895601033109,2,6.0
2438296810662947485,2,2.0
16869498491535368631,2,2.0
12587017387309928148,2,2.0
14924520288680603084,2,30.0
2281587316135689527,2,8.0
1987642308233041400,2,2.0
9836965873614535079,2,2.0
4812657071911371678,2,2.0
8441412162519218008,2,5.0
16157781817764702408,2,2.0
2724181988636596166,2,10.0
14102440037465478654,2,4.0
10218554080895382050,2,6.0
1145041642256950622,2,2.0
3718189161002011616,2,36.0
4019891428488406804,2,4.0
1969616580050394271,2,9.0
2226021094229284878,2,11.0
6870157998102519754,2,2.0
13275230676113903008,2,3.0
4598570189451942438,2,10.0
826101070977225941,2,11.0
11497098686877298930,2,3.0
12179399236543767587,2,2.0
5197310156696087799,2,3.0
17067185109605790978,2,11.0
13717571210422501505,2,2.0
12958319374327114425,2,3.0
14452321473626140409,2,2.0
4283763480102344901,2,4.0
5216858286115194441,2,3.0
15014711963704253030,2,11.0
4315095006888475882,2,4.0
6535548083210547012,2,3.0
6938265125371489986,2,5.0
1688799232299009742,2,3.0
17549376754546737102,2,4.0
545309058476625919,2,2.0
4009192076573023132,2,2.0
8151008614695071419,2,6.0
17531790953655974955,2,9.0
15140027887181555478,2,5.0
4977219067096556209,2,7.0
11313851100227080356,2,27.0
922610724268501031,2,5.0
17241125428373703526,2,4.0
12823081835518160470,2,3.0
16978042052960247085,2,2.0
4094679039575128442,2,5.0
16327940172242822977,2,3.0
12611303836715893874,2,3.0
6476700790602070023,2,7.0
11053360663062183578,2,16.0
3425431100625902795,2,13.0
10741489824509151951,2,4.0
11974984701343642664,2,10.0
2772214729027119393,2,2.0
1348341939964763387,2,2.0
284822955837541151,2,4.0
13851599166344800245,2,2.0
8001321879253936492,2,2.0
1758044411752226912,2,4.0
17695196984211326830,2,36.0
13450354778195023599,2,5.0
5874041015337747110,2,14.0
8879914608715842779,2,2.0
11136958496451340538,2,2.0
5851481018854676021,2,3.0
6705106636378942363,2,5.0
15222514203450123253,2,13.0
793299700026303972,2,25.0
15526332100076232906,2,2.0
8922200112426434291,2,2.0
14102528731524372486,2,2.0
7582569796521349654,2,2.0
13422666802188593170,2,5.0
7588404655347132817,2,2.0
6477881686870728220,2,2.0
11021157657760465681,2,2.0
1555239372521517185,2,2.0
1698958046597283608,2,2.0
8814568315524165797,2,3.0
3386548716537628850,2,3.0
1934326083043371819,2,2.0
282021569024159007,2,5.0
13238476195617093800,2,2.0
10594397662258209497,2,6.0
15354872599712950666,2,2.0
9665953783250875687,2,2.0
1109261519479420767,2,2.0
16571511872016253954,2,2.0
11993359961262795505,2,4.0
7301662958466708504,2,11.0
10920106793906101204,2,2.0
14683990859478699241,2,8.0
2281615797679329286,2,2.0
6894066797755594842,2,2.0
10911147813221915193,2,4.0
261460331212255624,2,28.0
17955114339099214979,2,6.0
2720255668904605606,2,2.0
15945309617024344636,2,53.0
17054014238357804219,2,4.0
7159911562587989797,2,12.0
6813647503360309593,2,3.0
9140018327055883242,2,2.0
5393589853486442157,2,2.0
4191574543856102903,2,2.0
1419094609759611435,2,4.0
10388545677993538384,2,2.0
4003987404000661871,2,11.0
9904926333529493317,2,3.0
17678239947199209830,2,8.0
4490522594483408530,2,3.0
17755100404981290439,2,4.0
10619261420682375552,2,2.0
7392764174915785705,2,3.0
16668135386810374604,2,3.0
5747730262772995233,2,13.0
12395817127308784163,2,15.0
2292245688651046002,2,2.0
8739945557999708803,2,3.0
9516056510249634942,2,4.0
17560856070210144853,2,35.0
17299656447354982379,2,2.0
10364676145602240232,2,3.0
3558614515986834349,2,6.0
13604919830809668090,2,2.0
13983627373527125254,2,39.0
13382098362758435568,2,4.0
2857140414060554003,2,2.0
17983660352275294478,2,2.0
8107663039888410275,2,2.0
5106830895161407708,2,33.0
8260481937359893669,2,12.0
7933562095454694725,2,8.0
7241721155776331625,2,3.0
12220433175772116500,2,4.0
5058015369813107116,2,4.0
4028459732269030790,2,3.0
8312458258450578210,2,13.0
14458080350401109341,2,19.0
12231220067477029233,2,2.0
13227420291647262547,2,4.0
787055695335100209,2,5.0
17497519873103324593,2,2.0
15446556068263910486,2,12.0
17637273862437177775,2,4.0
15915445809506993845,2,2.0
11658327827160091505,2,4.0
5227216908038493419,2,11.0
13955889901977827558,2,2.0
15965647428853088154,2,3.0
1687927260981119816,2,6.0
1454470368822803753,2,3.0
12510575016668321435,2,5.0
7336931604876040380,2,3.0
9317516515647406295,2,3.0
11893803432122627641,2,2.0
7126227736092055485,2,7.0
12290271440214129433,2,6.0
8160605588010808321,2,3.0
12643036439323352038,2,38.0
10147437857121219973,2,2.0
9768116346100012112,2,2.0
2010187582337610277,2,9.0
16196720252611614122,2,34.0
3954426221712264433,2,36.0
16712370049351449214,2,5.0
15911374870575690911,2,15.0
12737206966325808103,2,35.0
1528750108324421153,2,2.0
8860888824143778720,2,33.0
13133176662227307756,2,2.0
13626197863752707809,2,10.0
8880667386337547973,2,3.0
11809177955798177214,2,16.0
8247810146197532799,2,5.0
6738118476758758344,2,8.0
7063674015199703054,2,2.0
5626962080222608707,2,2.0
5102926156576988492,2,6.0
11490149607864409868,2,4.0
7835069011872999583,2,2.0
11578486148433486754,2,2.0
2460077480736395693,2,7.0
11380055052508696560,2,2.0
15648676843463572041,2,4.0
6622296572103138059,2,2.0
12635385389815223809,2,8.0
3752770832824896631,2,2.0
15965658301919076222,2,2.0
2445761197820053628,2,6.0
4239454810929385046,2,3.0
2291050582664526245,2,10.0
5734244219783431367,2,9.0
1563491381274266468,2,8.0
15187872021335952305,2,6.0
2825474685001611819,2,4.0
2735287699181950901,2,2.0
11064179723819123344,2,6.0
11677449826725875673,2,6.0
3211182780624693397,2,22.0
10606428296374682790,2,35.0
9431063057190639829,2,3.0
8487618682916720523,2,30.0
8225130103937375060,2,4.0
10237509622738911970,2,6.0
6325192437671700182,2,2.0
2808875401234690857,2,34.0
5833635213854591719,2,2.0
2677776769920793423,2,5.0
2279810163797267423,2,4.0
1567003520140389230,2,2.0
15885004915700880163,2,2.0
491162390040291712,2,4.0
12844523664321872886,2,2.0
16921324797204033281,2,30.0
13111921187297872836,2,10.0
2431295139832424088,2,4.0
10070832201906956970,2,11.0
10546013313525527638,2,7.0
696793446451490624,2,24.0
14776822178263652598,2,27.0
12603395991058388617,2,2.0
2064251429151789697,2,36.0
8490810810311604685,2,2.0
15687338158096988327,2,3.0
14568943463717650258,2,36.0
929738505028466912,2,3.0
10889547084286465446,2,4.0
7646912286304482601,2,2.0
3174018976801962356,2,2.0
293159609145864979,2,5.0
373412710890069958,2,2.0
9626607744315533138,2,10.0
1206185081921228670,2,34.0
3044989078415484122,2,2.0
16901658500091777469,2,2.0
15482376828713060965,2,3.0
4824342276509463949,2,9.0
15666691797904302523,2,3.0
102418198476324807,2,66.0
10769535502180028987,2,3.0
16780643400193014148,2,4.0
7963136759539724144,2,3.0
6547246691596369711,2,2.0
15222932105815109474,2,14.0
7491654051493335185,2,22.0
7257168581161588003,2,3.0
8629080114991408015,2,2.0
12787739531530153539,2,2.0
16999525579313214891,2,2.0
16897175444895782851,2,10.0
7300728352795998577,2,4.0
12824068733178226164,2,5.0
897064726132599582,2,2.0
6191345787538884543,2,7.0
13239697234196436151,2,14.0
7290252219981596853,2,2.0
6222763123454108200,2,8.0
8950965342273633450,2,2.0
13501265528227469482,2,2.0
9969796640844808188,2,3.0
16912314256368806164,2,12.0
11798464083590112807,2,2.0
10584401046122139228,2,3.0
9138631918830798688,2,2.0
11868246374441214211,2,3.0
6779785996236512367,2,3.0
12123811541018433554,2,11.0
5411019993417452699,2,2.0
5412428366077332838,2,2.0
6656132287730723092,2,2.0
3219467817175382932,2,2.0
11222880761819829612,2,3.0
2533547150827127615,2,22.0
13151695892265930931,2,3.0
1847905342597442387,2,3.0
11573174049986807536,2,2.0
1502785936089375871,2,3.0
5942399949136019029,2,4.0
524343491681916846,2,3.0
6411339027066723996,2,37.0
12099155423655238711,2,2.0
7670272982326463168,2,5.0
2169191390676495476,2,2.0
15968484385383685402,2,17.0
16774349934731916713,2,2.0
11731263244395062450,2,2.0
5240717438452755694,2,3.0
9375293945520658579,2,2.0
5582381740050786638,2,13.0
136009307160119018,2,35.0
9349757698094269818,2,5.0
12233426352505411498,2,16.0
7224270067764852017,2,2.0
17557275385987748564,2,2.0
4418069497133883670,2,2.0
11963049778202739857,2,6.0
14837251829180153306,2,8.0
728223145356345623,2,2.0
13641384690093529917,2,2.0
8199683620551309501,2,2.0
17563047980470553806,2,3.0
6727824958255294053,2,23.0
16162518121255358053,2,4.0
3303541494533815141,2,2.0
13811886850609287842,2,3.0
1319844227004172182,2,5.0
4104532911219882795,2,2.0
8341243368131712183,2,2.0
4513597020491882049,2,4.0
814615374427827382,2,9.0
11079107173240508302,2,4.0
11964578588420633015,2,2.0
2211619149058306345,2,4.0
11280911825949859749,2,2.0
2815981346699709398,2,2.0
13119223469185927199,2,3.0
2136894955138659187,2,10.0
5570578708269589166,2,3.0
7631179190014980493,2,5.0
12726973069079995540,2,11.0
14778917183401829926,2,3.0
4136036692994935266,2,2.0
17033262088834622590,2,29.0
1948475180382936781,2,2.0
16962554821072352551,2,3.0
17494581748424409868,2,2.0
5123504442931491356,2,2.0
6923117799456332893,2,6.0
1145192168545672986,2,2.0
9333414478215546683,2,5.0
9323899629374013628,2,2.0
12800914380658990041,2,5.0
2431007758562686856,2,2.0
15976007602897304128,2,2.0
10415796269143743399,2,6.0
3920605480013036338,2,2.0
11903344925293253359,2,2.0
8326881544555704552,2,2.0
844114808507393394,2,6.0
13861809236968649302,2,2.0
10908308301538542351,2,6.0
14108397203025067978,2,2.0
15589054411796326773,2,6.0
13325473254298588877,2,12.0
12434275250598136086,2,2.0
5246674971747617470,2,2.0
17684994875309781007,2,2.0
542769797988160499,2,24.0
9404833632854355971,2,6.0
4788359635022433258,2,6.0
2862169051599264771,2,2.0
14792592864026889923,2,3.0
6493188452510386551,2,2.0
10952158471296893217,2,4.0
6407313752086561836,2,2.0
16622338282963434578,2,2.0
17782574183137314043,2,6.0
2400209989011615288,2,10.0
9827722459740684177,2,3.0
1103283649905595699,2,2.0
6657671000344423771,2,7.0
2318872499280923948,2,2.0
1008701411086198080,2,16.0
4452799049239568669,2,9.0
11289507125276413674,2,3.0
11426238585147398398,2,3.0
7223136228027626610,2,5.0
4898538726237455215,2,2.0
663687692257542219,2,7.0
7251207830654643308,2,49.0
6430020922312332258,2,2.0
14983319704397752026,2,3.0
3266245018906855889,2,23.0
16769838994615777974,2,2.0
4927544512794436103,2,23.0
2832934360875420598,2,3.0
10823093874663760402,2,15.0
12733321900760363992,2,14.0
12140524938471580163,2,2.0
7101219835104308980,2,2.0
8219992093679446509,2,2.0
3630321395064283562,2,25.0
6822883346442293051,2,2.0
3982107923919658208,2,2.0
16201719615898133142,2,3.0
2199810869174759011,2,6.0
6341583388212201854,2,4.0
7561453830353037836,2,8.0
17059384146964571454,2,2.0
9829126799260075276,2,2.0
13113891161004125787,2,2.0
6443336652264049938,2,4.0
4702091018869684246,2,25.0
9750773892438009963,2,4.0
7233761835247676573,2,3.0
2681601482568034829,2,4.0
11130787068712286204,2,4.0
16125860823476987709,2,3.0
11207048612537009074,2,3.0
4890843146017171866,2,2.0
7293057587970050861,2,2.0
12773579662911043929,2,28.0
3151885583665094890,2,3.0
15829126191106630601,2,2.0
7528219147821686526,2,2.0
10661018886350416255,2,26.0
11727403178858695125,2,2.0
4077310670305473369,2,29.0
8158260855375713202,2,8.0
4129505307965032142,2,2.0
7560153445091825156,2,2.0
2626063835176192685,2,2.0
17686304152689668375,2,2.0
2330525497637067351,2,2.0
10657680497296185302,2,8.0
6731502057589713962,2,8.0
4120686070741376229,2,2.0
6861602117146116520,2,3.0
10769972811690330480,2,36.0
3544168287020993826,2,26.0
12942824951253442821,2,4.0
12537656988808013012,2,11.0
16320645219706086250,2,2.0
16801835504325589213,2,2.0
2958749388636108148,2,2.0
878627623812754447,2,2.0
13602949339561646285,2,17.0
1597132640431289423,2,4.0
2252677667151963147,2,2.0
2294603230061333010,2,4.0
8806815675056892545,2,2.0
4111929520787092341,2,24.0
14139764223084415514,2,4.0
2037647198420964517,2,20.0
16399459921062066777,2,9.0
5815180342924027066,2,3.0
4263631826787536071,2,4.0
15915566534428990406,2,3.0
8138568927729790185,2,5.0
12421827705861143423,2,5.0
8979427579919161416,2,6.0
6739288106225589496,2,3.0
8007818642992568615,2,4.0
11746406897894870995,2,4.0
10958259511084140012,2,2.0
10533442584414938666,2,7.0
10556692518395127931,2,3.0
17384629348348665988,2,2.0
9643704984327140306,2,7.0
18241378144011820379,2,2.0
15592424212472671564,2,7.0
635891617334644700,2,5.0
16711148186963705063,2,24.0
5302357857056745662,2,2.0
2471729548798183025,2,3.0
5212270948382408602,2,5.0
15463674283871460705,2,21.0
11038485811104371944,2,2.0
15483253090623140226,2,8.0
2224360953922333046,2,13.0
429692026872365775,2,2.0
4301373329746634418,2,2.0
3076199368344996326,2,3.0
14968742889289949529,2,7.0
14579373226274674911,2,19.0
18023790494371499716,2,2.0
1296308784072398712,2,4.0
2273620469611698682,2,2.0
17231971828894400613,2,7.0
9029730800951303218,2,25.0
16597939602116924424,2,2.0
6053634571783131179,2,5.0
6285387909999513075,2,2.0
10236755177873892658,2,7.0
9413563554276325540,2,2.0
2658802691593915101,2,2.0
13243463757184078113,2,2.0
7327379437155736625,2,2.0
10410176411280112388,2,3.0
4680339426140052775,2,29.0
16723251349806237071,2,3.0
12458119421579663868,2,2.0
2183682047621812805,2,2.0
11085392691758623303,2,2.0
3893373653970234756,2,3.0
5230090106035970476,2,4.0
1515253774267830143,2,36.0
18170494197847102353,2,5.0
4229860721918185282,2,2.0
11416906708562567154,2,2.0
4548194370203730436,2,3.0
13433438281627731272,2,2.0
18216443418039757703,2,3.0
17826864674278405165,2,2.0
15430688255745277904,2,3.0
8781570009425150475,2,6.0
4728220202631372529,2,2.0
17448169896138036807,2,16.0
5399556436253417049,2,4.0
9321794092380882608,2,2.0
1080397275021079563,2,7.0
10102781142528826237,2,2.0
5987157849224904464,2,6.0
8380938757988352545,2,6.0
4037737600649048988,2,3.0
3943276480485544506,2,5.0
3762260938264754528,2,3.0
9550486488370495034,2,8.0
16301657209079026958,2,2.0
11709209663025688056,2,2.0
4952157975962251917,2,6.0
18124671922842195348,2,2.0
14516133253592639086,2,2.0
9674002021700273461,2,2.0
17501303889020425290,2,3.0
8112705145449483567,2,2.0
17055423554302466279,2,2.0
322427276600448077,2,10.0
1038874297647526609,2,2.0
7737620960717518813,2,3.0
499388433616238635,2,4.0
9883407856481404724,2,18.0
5156282951090375389,2,2.0
6169078769358381084,2,2.0
6597894678918135839,2,4.0
2381654778676346482,2,2.0
10594945324407973630,2,4.0
17651379609032736557,2,10.0
6657089752180424832,2,7.0
18055508754093050343,2,2.0
6563840056565642018,2,10.0
9469846931893872856,2,11.0
17195232165935630251,2,90.0
7166087213077005975,2,18.0
876811087681348208,2,3.0
7634183714303309337,2,8.0
5239145766588779394,2,2.0
13325074486201767794,2,3.0
12120542984406659004,2,2.0
17580255274054953602,2,30.0
2085041815762812361,2,4.0
7864284968074453785,2,2.0
2095980735781086659,2,8.0
18269963184626882954,2,2.0
5964529280019379213,2,9.0
2561928319688224772,2,4.0
5674455329599964543,2,2.0
14278800065474439607,2,2.0
16463237345454757147,2,35.0
3803976163357802853,2,5.0
5046590702805876661,2,2.0
8771098769416745287,2,3.0
3560095600276115484,2,2.0
12775016187663264045,2,2.0
17312115931286196027,2,2.0
15974394483985544150,2,2.0
16135274186670044861,2,4.0
2502141909241872421,2,14.0
2974856248666142411,2,2.0
8117154617146174009,2,2.0
18125852156538782642,2,4.0
5929013230293315724,2,2.0
12685060385198249796,2,3.0
12756435421569668751,2,4.0
1288186884369338318,2,3.0
7291733453641111398,2,4.0
3990780316193783362,2,4.0
11952824241961675906,2,43.0
6965082446140268845,2,25.0
3163086109596238606,2,2.0
6424192076698116315,2,3.0
11263435566728714487,2,2.0
11035255644836860374,2,5.0
6392457216200782573,2,2.0
9210717318379992455,2,3.0
4080363657974661747,2,36.0
16012227711724803583,2,9.0
16167699370606366962,2,12.0
2592313548130294736,2,4.0
7283465826853352626,2,2.0
5649342821645593355,2,2.0
614797900376123223,2,13.0
1046932443055957772,2,9.0
12584680253068806860,2,5.0
3841557929815831170,2,2.0
4731269168912953782,2,2.0
16331178111436807712,2,2.0
14821207153078474582,2,11.0
11093937835503607129,2,2.0
8662711431085663121,2,2.0
16397382514535129551,2,2.0
6691689922770854293,2,7.0
125954197280031973,2,4.0
192544428184600299,2,2.0
7477394761634424540,2,3.0
7525006467907225490,2,2.0
13550622737266558623,2,3.0
3487483288420372837,2,12.0
2621451134037410901,2,2.0
7057537443037269219,2,2.0
13658209386489097151,2,21.0
5718774262861275710,2,2.0
9161760599486177856,2,7.0
147099736089506028,2,3.0
16820829033532347197,2,4.0
5239383993384206808,2,8.0
15105282570061932012,2,5.0
12416024481813059310,2,53.0
9442536188070998180,2,3.0
17788812308402053353,2,30.0
15045424856188011341,2,3.0
2243419920330689856,2,36.0
13163203829548554306,2,3.0
10207363609467047513,2,3.0
2280110732898729295,2,2.0
5385844762688637062,2,7.0
979515130742732695,2,33.0
16662211929631095637,2,2.0
14034372521325277811,2,32.0
6371521047140939153,2,2.0
6035225189369837389,2,3.0
5234607107400327020,2,3.0
10116122735305868805,2,5.0
4011076077349910473,2,2.0
6596569488842191970,2,3.0
12509629598275685778,2,6.0
6569947777133596611,2,2.0
11570990832585080834,2,40.0
6796238352530138230,2,32.0
9900724319743630295,2,14.0
15427029192537645220,2,2.0
14339904418074280024,2,6.0
14501074861642439933,2,2.0
5560003652890428502,2,2.0
1282321313958785859,2,12.0
11622688449420196447,2,2.0
7753444997947760177,2,5.0
8914142300216961104,2,2.0
8539666241544727170,2,2.0
1371642465653784933,2,6.0
5104147334064571587,2,5.0
9009348590477136749,2,3.0
14507840434263977346,2,3.0
18121811192698491556,2,2.0
10115925217471890967,2,2.0
1633738232664045587,2,5.0
2543106571557437201,2,4.0
13821356927662889738,2,4.0
16890920652895446494,2,11.0
6297862038844491833,2,3.0
3921821827508712851,2,2.0
11386903022685803710,2,2.0
9736862473346486059,2,32.0
6623270804798503193,2,13.0
16521628743241319178,2,5.0
11908366772750253864,2,2.0
12960373702494450991,2,4.0
16692742052735308823,2,2.0
8941146159608775297,2,3.0
16261829466451014027,2,4.0
10641336447957484433,2,3.0
985872716520098969,2,6.0
15511635619128102239,2,2.0
13607475375685619935,2,18.0
387167014074605820,2,7.0
14415987145917980033,2,3.0
7251024634315058280,2,6.0
3973755966289573591,2,2.0
14310799987959882512,2,37.0
14237814379668375204,2,3.0
7330183067585051629,2,10.0
16289635555042125208,2,4.0
7119303206831999508,2,37.0
1807961558826708167,2,33.0
2474045151580910368,2,6.0
15866910977120394345,2,5.0
17281105638316629036,2,3.0
9119174026065442853,2,2.0
14533698095342883210,2,8.0
2620590588550400332,2,2.0
8742084195261160311,2,2.0
5591102618255059982,2,2.0
5821984264863822062,2,3.0
1578515852406375188,2,22.0
4283897011590964910,2,36.0
5471787298494023702,2,2.0
8548045702388266543,2,37.0
14997204574823352897,2,4.0
15219138108193469671,2,2.0
8394750524892920390,2,2.0
10856768987164796722,2,2.0
5027615839794160978,2,11.0
7120225634086899780,2,4.0
1904719752281746201,2,4.0
9705980660724953531,2,2.0
632255803012261465,2,3.0
10627541931833921885,2,2.0
18068616418537374843,2,2.0
15992850703105967811,2,3.0
13760047050051605275,2,5.0
3089701851868193326,2,3.0
1338291096756929149,2,2.0
15092872993934652384,2,9.0
2806412777984017764,2,6.0
13555709009714077158,2,2.0
12988791426066545989,2,4.0
15019615533378070190,2,3.0
12724687753831907868,2,2.0
14247902286011702343,2,4.0
344356919539690812,2,3.0
10392445291512150385,2,2.0
5463275422676106046,2,3.0
15320229814035604590,2,4.0
15765319981417037695,2,29.0
1006103688223232043,2,7.0
9249777026320088388,2,2.0
3643549853035859680,2,3.0
12550295301185517282,2,3.0
14188907615025536013,2,4.0
2991198290280219758,2,2.0
10623531800472853908,2,3.0
9973070347226925429,2,3.0
15946681417752294973,2,2.0
11183446544164297765,2,4.0
14393904968289831300,2,24.0
16637328938332026565,2,2.0
7373866932733720159,2,4.0
12334276467881536381,2,3.0
1752579931860747425,2,4.0
10311469630335032722,2,2.0
15472880180264890070,2,2.0
12161763145749978077,2,2.0
14551601604674613502,2,4.0
17764146204921440096,2,29.0
635110783134903340,2,2.0
9181999288972724292,2,2.0
6143626940947417532,2,35.0
2738405737167691699,2,2.0
17331798414938411144,2,2.0
12023440852249219952,2,7.0
11636586081723651096,2,4.0
10029268318929390773,2,4.0
15638910080411832526,2,20.0
1634903023874627985,2,3.0
8059480613119925130,2,4.0
15997240751691672588,2,2.0
6500860545323684595,2,4.0
17261829569538878061,2,21.0
261713459817796234,2,2.0
11053173670226900185,2,2.0
15640475437039870317,2,12.0
12373154302865035609,2,2.0
506035855579492189,2,5.0
13517487630802860002,2,2.0
4244012243073225891,2,36.0
5001179853544912935,2,8.0
16935201572738490696,2,15.0
8792768229670390046,2,31.0
6914314527172390485,2,2.0
17834664354632601547,2,12.0
18382845918017513011,2,3.0
7267825482158722027,2,6.0
10941734610434681820,2,34.0
11508364245658582573,2,2.0
6775814288642581594,2,2.0
771626426903600662,2,4.0
9342357203856891329,2,4.0
5383758152012009109,2,3.0
7328269288023376388,2,2.0
205050178043014348,2,3.0
3563120521226225274,2,2.0
4102334530049302041,2,18.0
7970320896297654851,2,3.0
15269601192443123055,2,2.0
8867555098133967235,2,2.0
1309695279730531516,2,5.0
3309656352176737304,2,3.0
4812071664455248556,2,2.0
8739821044195718273,2,2.0
215919417380283342,2,2.0
14224129957474843280,2,6.0
14113682171209622271,2,30.0
14030753562460232708,2,2.0
8059726452491199094,2,2.0
4131937943277724185,2,33.0
8447062564216947297,2,2.0
18256463321958789090,2,2.0
5870006766347776816,2,2.0
3864801464799969285,2,31.0
1813673191673432618,2,2.0
9032660652248542901,2,4.0
8519285350972517933,2,2.0
12203344215256352246,2,13.0
17166367630812145813,2,7.0
17633484851482353430,2,3.0
2288382255365016264,2,6.0
7579519039004698238,2,2.0
3077721358592189727,2,11.0
1593390904215908588,2,4.0
3214944653287027505,2,6.0
1050660148648170752,2,2.0
6366898616566771146,2,4.0
3747940256502905956,2,2.0
4444518649916877160,2,3.0
18064124510048335020,2,4.0
17338397305819034685,2,2.0
8943845765908674269,2,5.0
10374391652184476686,2,2.0
15991185774682686780,2,8.0
17140594064192310454,2,4.0
16696537952032595794,2,6.0
925596060990487174,2,2.0
11819165047982311321,2,4.0
17997861461309653444,2,2.0
16885498359205432181,2,34.0
8024694682974090800,2,2.0
15576106574568508517,2,2.0
7817837603506132779,2,24.0
8722111574005022808,2,11.0
10619853456332116796,2,18.0
16593675340579811340,2,2.0
8129983676406313699,2,7.0
14437296607872083010,2,6.0
3337071422372299460,2,3.0
8825408674736105593,2,37.0
17426349328068506358,2,3.0
15243093754765963828,2,3.0
12302273108810211893,2,2.0
5252657428046371457,2,30.0
14516095075638466160,2,8.0
4962453212033057635,2,5.0
13293502058425442919,2,35.0
4088561802176975781,2,2.0
3513254226990204903,2,2.0
6703695423393418662,2,6.0
15543771246696992523,2,7.0
3602343825591337796,2,3.0
10647606462643656899,2,11.0
16626880905833457800,2,24.0
1725021125724805974,2,2.0
9710928572946056809,2,2.0
10397811819401399158,2,5.0
621806113168075765,2,32.0
9761196267796152451,2,7.0
7222565000505217017,2,7.0
16702362654004654040,2,3.0
2641072778813156296,2,5.0
10909602569619739012,2,6.0
12203676249247803579,2,4.0
12989282092170271951,2,14.0
5950839897364958368,2,9.0
15814074363666359756,2,4.0
9322044570793729488,2,2.0
9717502668054967741,2,3.0
2564489650869694874,2,5.0
16737720870254680307,2,4.0
10875094517708964858,2,3.0
5103727648633111566,2,15.0
3948274745393964688,2,7.0
8174308551051949320,2,3.0
8389849755644940905,2,5.0
15369343698695243041,2,3.0
2017744870622695994,2,4.0
16516860482073580922,2,9.0
15849346160833871189,2,18.0
4521650984068921982,2,2.0
6862360179443158474,2,4.0
8589510482648440519,2,2.0
15641204265824392894,2,6.0
2442144057701222603,2,14.0
331112479138075134,2,2.0
15598768302914974368,2,2.0
16459456437707553525,2,3.0
6294890518643823160,2,4.0
9073950597870183300,2,6.0
10688726957291369283,2,4.0
5449677684957053364,2,10.0
12580207560930122608,2,3.0
8927955325100660390,2,7.0
6953015678817915410,2,4.0
4948679021567013147,2,2.0
10064432150294541932,2,3.0
16434401112775244086,2,6.0
4214288721877000046,2,2.0
7347245578360021788,2,13.0
1314229064061221274,2,8.0
17340523288607395335,2,2.0
15009145594239534260,2,7.0
11651553109620988034,2,2.0
10556846104784044925,2,4.0
14770167540821606767,2,2.0
5418786003147599850,2,4.0
17391821729669265036,2,2.0
9054886831913117297,2,3.0
3344880003691548174,2,4.0
2243935674779078410,2,2.0
14692657373941026365,2,5.0
17886173659203339724,2,3.0
7015228786734393183,2,2.0
12921229113449425836,2,4.0
7685121753337652173,2,2.0
4365002765753828245,2,2.0
9968728919778582931,2,4.0
3552991958506356094,2,4.0
11054145522958925186,2,3.0
10833574789387306658,2,5.0
15049228398322671373,2,2.0
15193027631922780148,2,2.0
15488898674237512984,2,4.0
12478337430265454664,2,9.0
9588443448744126192,2,2.0
6898639333704312494,2,4.0
13638625963466537737,2,3.0
11253369845603495702,2,2.0
14725304712834144184,2,37.0
3503613102046384304,2,5.0
13504250047768354071,2,6.0
10076430286615410261,2,8.0
14730230335833834769,2,2.0
17165434463657352061,2,3.0
5734693655771639277,2,2.0
15573357709691822729,2,3.0
545442218309698818,2,4.0
8898374556644292650,2,2.0
4005922197299111029,2,4.0
11852490279490368528,2,20.0
15463288593761127273,2,2.0
13694333804957221922,2,32.0
10502748093524192083,2,8.0
4135322922075918316,2,14.0
15960463626398413509,2,2.0
8028351068687749254,2,3.0
7665874964234132640,2,3.0
16736209816599742737,2,2.0
6450666716008875524,2,3.0
11284881535233677167,2,5.0
14038741305132052100,2,2.0
4798704660272859378,2,6.0
5673444233153794457,2,4.0
4774567771578530602,2,10.0
10728581307112760589,2,2.0
5204714510857909975,2,2.0
15593551878386152082,2,3.0
14489913802301915646,2,35.0
6769967408751049961,2,11.0
13883868035402068157,2,6.0
5678566944834950428,2,2.0
8702819409886241967,2,3.0
3705663404749646448,2,2.0
17339938364373314805,2,2.0
3316203107964488263,2,13.0
10565943483841227887,2,3.0
16284116987631006308,2,2.0
10598392832130444996,2,30.0
18433050505975848411,2,3.0
3646127373295228463,2,4.0
8979457336757355522,2,15.0
9130312810055152803,2,4.0
8418089661734667162,2,2.0
5497333152693665624,2,2.0
8045230015294643111,2,12.0
16463336019733145032,2,7.0
6099320178545963048,2,16.0
15348225883692373045,2,2.0
5790230544439876409,2,4.0
17081526997359301085,2,12.0
5932961176723435894,2,39.0
12849905788588898403,2,3.0
10715433775843397985,2,7.0
15926774468362970364,2,43.0
18199612743527930989,2,13.0
14747470758107982026,2,2.0
14371359826926960179,2,6.0
11756946238131528702,2,8.0
16586216617982941161,2,2.0
17671444976660877427,2,2.0
13607798442430786472,2,2.0
12793368172617504891,2,3.0
10032710304150604321,2,2.0
16498727287960304369,2,2.0
1157967890527054049,2,11.0
1429458846893033954,2,6.0
17563200718252702643,2,15.0
1817409069526514208,2,4.0
10209894560851511401,2,2.0
13087926492597978433,2,6.0
6361354098428820205,2,4.0
14864190134079362208,2,4.0
2986720121547607213,2,36.0
7717567553845356973,2,2.0
4145446542447088699,2,2.0
747260010267460818,2,2.0
13207781650251198800,2,3.0
15151245464827408802,2,31.0
5433330752399760871,2,2.0
3375263816090697798,2,2.0
10998124313105198984,2,3.0
1921943728884754526,2,2.0
4160762242149291255,2,2.0
2090987075740607893,2,12.0
3921612325336565690,2,36.0
17463656532269938398,2,2.0
12779133859665176806,2,2.0
14936407454304565846,2,2.0
7758674561262622320,2,11.0
13035842090473631282,2,4.0
9273057863060021781,2,6.0
4995071851013444019,2,2.0
8747306620954702294,2,4.0
217858479189555297,2,10.0
2443960712182550681,2,32.0
18008956410864111153,2,28.0
3223952239521621871,2,2.0
16406761918104995073,2,5.0
14616799285252442924,2,44.0
14778890229068431511,2,2.0
10609514558317143575,2,4.0
100812326051036998,2,35.0
10692733851920823352,2,10.0
17274531807607968046,2,18.0
10404655493597413493,2,2.0
4376754576019894167,2,3.0
13706244350243274110,2,2.0
11462003680969172651,2,9.0
13463714545609108278,2,3.0
8699850962198241102,2,6.0
13007600045828362965,2,5.0
17703131073798520624,2,4.0
1554263441653829981,2,11.0
16141479514798862251,2,8.0
5180192274521002975,2,2.0
14711496578093583372,2,2.0
9945646631173042179,2,4.0
4447291862987004250,2,5.0
4090660455555239261,2,21.0
6083695803864160626,2,2.0
6488368886091156676,2,4.0
16797435327540391694,2,2.0
12065276923666019633,2,30.0
15017720290736471587,2,3.0
3881651655354509932,2,2.0
11793912775967662573,2,31.0
4181844363460922496,2,14.0
8505449094139549411,2,3.0
7778437346504338542,2,2.0
10357816034672535574,2,2.0
10394670236089905336,2,6.0
13787557720958263250,2,4.0
11528509796147556641,2,7.0
10861673449865578690,2,9.0
1673186833689902511,2,4.0
17941411596996343040,2,2.0
4819701963763434649,2,2.0
12786940500355235696,2,2.0
10614326582243654415,2,16.0
13626537748620555310,2,2.0
9123300211562723341,2,4.0
5557884630032497392,2,2.0
17216597047503956728,2,36.0
7487955193614627664,2,2.0
14010969989983707992,2,11.0
14671937484677706316,2,7.0
12949834828363745338,2,10.0
14151531098926658548,2,2.0
13173949484147591861,2,6.0
8938593045707908787,2,6.0
10210758319275562710,2,3.0
176021534824092196,2,2.0
11182207762370598551,2,3.0
4408797809790315610,2,2.0
4738809118699716851,2,2.0
13573649114175598612,2,4.0
17347044046074601297,2,2.0
18256278982181408196,2,13.0
6335580715757401868,2,2.0
11500846402053155903,2,2.0
1569377337853644729,2,3.0
15867976848898851536,2,4.0
13163473917682728669,2,3.0
15264283330933478509,2,4.0
4216899047347563346,2,15.0
4038621479418321279,2,5.0
9978984212226735951,2,3.0
12533400925164829986,2,2.0
15156294873546825653,2,2.0
15950275260466308373,2,2.0
13586381916043860448,2,2.0
16208764677936796168,2,3.0
17025099307129613539,2,2.0
17820370593607990162,2,9.0
4968689882977557479,2,5.0
3832121304276631319,2,4.0
10386602703664844017,2,2.0
9296490530589743050,2,2.0
3140175644097023806,2,2.0
1113228177494707529,2,2.0
12636385728172641101,2,50.0
3613734911340600238,2,3.0
9345023410139446884,2,6.0
16072142418520867971,2,2.0
11018784498862663771,2,5.0
4090064311321775648,2,2.0
3838890817339751436,2,30.0
1414933842392292698,2,9.0
18022432041412010243,2,2.0
3525595647218489319,2,2.0
14389063542226243099,2,3.0
12079775529663817988,2,2.0
3119753171371294272,2,2.0
12547265137404771252,2,11.0
15164343445347912418,2,3.0
14295252893729630911,2,3.0
1564603268967354194,2,8.0
16733117089647792386,2,5.0
13215662197671230186,2,3.0
17817263885030559766,2,5.0
2981692618515088277,2,7.0
11556971552982128958,2,3.0
18209686924859551132,2,3.0
8234107024572315039,2,24.0
3424568984147745152,2,6.0
18276108360097477960,2,8.0
13347593776781004809,2,3.0
6236844977882700735,2,2.0
3718206126978738325,2,10.0
10541307155194193864,2,3.0
17054994698214088698,2,2.0
16576312012796539348,2,3.0
615006335481461415,2,2.0
6634551897796307315,2,33.0
12629232462123925836,2,4.0
16875016794602375489,2,32.0
3061120936986858,2,2.0
8549495312127909798,2,2.0
5049485612446829499,2,3.0
7434876716061743101,2,2.0
1018502962091104636,2,7.0
2373226468637596149,2,4.0
15295713169806419257,2,6.0
12954077263425339701,2,5.0
14847653608500838897,2,21.0
968899683050085815,2,2.0
12024125136980315348,2,2.0
6136463820616551502,2,7.0
5818084918843927948,2,21.0
2522974668487414746,2,32.0
8306464522693786894,2,31.0
5554059436646447391,2,2.0
17391045001534769180,2,3.0
18267844199701020419,2,3.0
11591470891731942998,2,2.0
5907256173879499102,2,2.0
8943610820637780591,2,2.0
8091955625281318764,2,22.0
8733697690958487675,2,3.0
15393726139730877991,2,2.0
3259624072350422554,2,6.0
1212936637563927963,2,3.0
7682307807752775055,2,3.0
12149132505839884960,2,29.0
169965846314078744,2,2.0
11418255102876253557,2,57.0
8748405372455304173,2,6.0
10217041563297924992,2,2.0
12787287183266870234,2,2.0
1956393197791769150,2,8.0
14212722261272134181,2,9.0
10743234153557766780,2,14.0
14676131157848360181,2,10.0
14724558267705961705,2,17.0
6155433711853639823,2,3.0
9248083597289453639,2,2.0
14985546914438828994,2,4.0
8103885267394952143,2,4.0
6661956667795558420,2,4.0
11250715464397237806,2,2.0
891044729988316596,2,11.0
3557328290453619166,2,11.0
11066687261962652657,2,3.0
5073365318970767516,2,3.0
8386904584658964281,2,7.0
17590114616497257566,2,2.0
6321473968889329826,2,3.0
4633699773092282003,2,2.0
13837656398538569800,2,9.0
13932485458903731952,2,32.0
2684264015202787398,2,2.0
16468792988493357960,2,3.0
2740696086114741139,2,2.0
2392456618941386744,2,3.0
9279995773699943603,2,5.0
6508754387163320667,2,2.0
18414465538878578884,2,6.0
18301644392491865075,2,2.0
5411091169369971031,2,2.0
17739594049689978276,2,3.0
5193861614652643704,2,4.0
11515866761471911171,2,8.0
8144047444646363513,2,9.0
10815647354340251675,2,4.0
9872377506876063876,2,28.0
7571126945445606561,2,3.0
11467391919254956104,2,2.0
8023268920505030838,2,4.0
6059989492159481144,2,2.0
6936900047560434955,2,2.0
10101557039781983375,2,32.0
8201814712488117294,2,17.0
4962093971226448282,2,2.0
8738375218921511477,2,4.0
3455571988686336173,2,3.0
4304788988621337438,2,2.0
14889241379275063890,2,2.0
512181387946462883,2,8.0
3778276130428932162,2,4.0
9012457041161397273,2,4.0
10555311380025814329,2,10.0
12831448022648898846,2,3.0
7931852228613971589,2,8.0
4014459348583694512,2,8.0
18254155044433629960,2,5.0
10302750236283033879,2,2.0
3903317542319179724,2,2.0
10721678141610759358,2,2.0
13669825519321164291,2,2.0
16070646393256660704,2,4.0
13476987782131676202,2,2.0
1960171355014056553,2,2.0
12714594812224550218,2,5.0
13194833305400029835,2,2.0
5202214602387056946,2,6.0
12122826803073661034,2,9.0
1881125088401642423,2,2.0
1351168381670895602,2,2.0
16520957948992731978,2,2.0
11295691554842386964,2,5.0
9600379281189942404,2,3.0
10520448245451969997,2,3.0
4310803568611732974,2,4.0
17447166389736986106,2,2.0
7827052796559379424,2,3.0
12091086706628826714,2,2.0
16693663552075257260,2,3.0
15844396071895668141,2,5.0
8952321448223653185,2,2.0
17410273756700708914,2,14.0
1272996075393584256,2,2.0
16194750436112748263,2,5.0
7875021730166011551,2,3.0
2923378667059908342,2,4.0
3389710110097194422,2,17.0
14904207516481492076,2,2.0
8479860931738721088,2,4.0
9409240981977200292,2,4.0
8714423815971604596,2,2.0
7438610352789589767,2,3.0
4645244621976024183,2,2.0
12076400978703783344,2,2.0
14224158245282176584,2,9.0
13644178574628752576,2,3.0
17157375957426301920,2,34.0
693115503097112443,2,2.0
6664007188128222286,2,3.0
14977573880483930850,2,2.0
7243344482284846337,2,28.0
17962031065244150705,2,2.0
15537263619975692,2,2.0
2576692248023782215,2,2.0
10388755793747820319,2,4.0
1007858697801813694,2,5.0
8899092532175887246,2,5.0
11625946477281634067,2,9.0
16641040816336803314,2,3.0
18410293526534149053,2,4.0
5492398080700774845,2,5.0
8881609599844215726,2,7.0
16102841107812998930,2,8.0
8010495515176879782,2,35.0
8915241306890518071,2,3.0
5123715938691031868,2,3.0
16648440094267606148,2,2.0
5934915563928238922,2,4.0
7484358497681777316,2,13.0
17573302293356723377,2,3.0
2580390031187033572,2,3.0
9864974035990502895,2,6.0
17743229267636400182,2,2.0
16067279978780049043,2,17.0
12901437709436304836,2,12.0
6584124205323117192,2,2.0
529294986111345298,2,15.0
8771716439109855322,2,14.0
9673152524998025814,2,21.0
15471972056111210928,2,2.0
6215723135349635620,2,2.0
1202580088959732143,2,2.0
5016393287506153345,2,9.0
7099943885670803835,2,4.0
3844167218361804130,2,26.0
7337236294071860300,2,2.0
17629907693946825632,2,2.0
3272223904932802095,2,2.0
4746326391915587877,2,7.0
10425287117045553906,2,7.0
2539349672710287161,2,3.0
3832248684137763711,2,3.0
11659503436994804940,2,30.0
13565669226868526357,2,6.0
3648142482817925220,2,2.0
6081062021632480531,2,4.0
6910048646042050361,2,37.0
6211040705983500534,2,2.0
1818604124855168217,2,4.0
16723876621681349466,2,4.0
7191504018834379559,2,16.0
16642848993132288765,2,3.0
4349650357494018934,2,2.0
9580820970421806357,2,7.0
15627839908339155183,2,7.0
6343909390354715174,2,2.0
5750426976173832764,2,5.0
13402317593185571842,2,2.0
4880236779768382691,2,32.0
8679800135254793893,2,2.0
13826059473117512372,2,2.0
13737612301965750951,2,4.0
15249751073948420755,2,54.0
1895431288013595400,2,2.0
8750038774658413217,2,2.0
10241251043509736572,2,6.0
8136532914865329224,2,2.0
5355524545732646039,2,2.0
4395176145764632779,2,21.0
9054458511750792179,2,2.0
701124478737487729,2,2.0
1587421108371750989,2,11.0
15920582918209230673,2,5.0
10386264734713306716,2,3.0
780702159382139600,2,2.0
716208204771107233,2,11.0
12425073947847146230,2,33.0
9080599452598194239,2,18.0
14775055654861687772,2,3.0
14085338956703155390,2,32.0
9984571551768276239,2,3.0
10078100599491833636,2,3.0
9940671422978129946,2,36.0
3274244400951178553,2,3.0
8492429369943395811,2,4.0
2046121495667734387,2,3.0
16806064033539094935,2,5.0
15548118163645795268,2,13.0
6712358676470535243,2,32.0
7247487177556789600,2,2.0
8364155002775186072,2,2.0
15465672896731894669,2,10.0
8640381775491026081,2,4.0
878127159544299902,2,3.0
5326592697169275521,2,3.0
12041485525719011539,2,2.0
1516883348123958178,2,2.0
17521795215405798973,2,3.0
8387070005154659186,2,3.0
3691670606236005052,2,4.0
1450475965591591705,2,13.0
3874350779536961584,2,3.0
16265744484986366856,2,11.0
9012037196822676373,2,2.0
11647081432945324471,2,2.0
13329416170309000017,2,2.0
10153316792007074481,2,2.0
9020533293815078518,2,2.0
6982561195130714848,2,12.0
3857212923850686170,2,3.0
3907522447509401574,2,2.0
4708673694761204417,2,6.0
11805273636050571652,2,4.0
8263097892096354535,2,3.0
7587863804427096048,2,13.0
6880543219327596390,2,10.0
11128014028937716032,2,2.0
2082487466481833272,2,40.0
7327814196552253514,2,16.0
12473309838764984585,2,5.0
5065352633580831865,2,2.0
10310932660283462810,2,4.0
12331363631659660225,2,2.0
979822672215568494,2,2.0
5300912714438616547,2,2.0
14905551386524688899,2,2.0
16155274510627588221,2,4.0
6306451671532560716,2,12.0
3385138548993864246,2,2.0
6506449707336027853,2,25.0
12924508834144654218,2,2.0
6071173833239721304,2,3.0
17476124147615340125,2,2.0
2408742283152175630,2,3.0
11499900255612019576,2,2.0
552939645916152682,2,17.0
6311532358910696945,2,18.0
10371877727965202628,2,5.0
16598063731519777336,2,8.0
17365575365713478951,2,2.0
2661247500133817864,2,4.0
16371569694783625737,2,2.0
3571486838071693628,2,36.0
15579709174457310345,2,11.0
3594137713452270232,2,2.0
3414056616852921085,2,2.0
10552714403859912936,2,2.0
1240571069412402260,2,2.0
3616986716378298587,2,4.0
4190074691000692702,2,40.0
17892012801582585703,2,8.0
18182327028739276882,2,2.0
9247595564622883934,2,4.0
9098046361701259732,2,8.0
17422119397545057166,2,56.0
15179474197869409344,2,3.0
1706617718965925497,2,2.0
4311670934254726926,2,27.0
6629310186685138846,2,3.0
1276018932938611299,2,24.0
15361510352197296392,2,2.0
11935862933606977687,2,3.0
643267274382622053,2,13.0
8294856218590350987,2,3.0
14815096136656437462,2,5.0
7686348994319000951,2,32.0
7947931625364299060,2,11.0
10497605998758807851,2,2.0
6345993507589657883,2,10.0
17201238624503602096,2,2.0
18281228224441388122,2,3.0
8312818301930823413,2,2.0
16954509605206740139,2,11.0
4703726054457420864,2,10.0
12436427734381174292,2,2.0
17448875990547100705,2,2.0
15743802491730016437,2,7.0
16164697917249659824,2,2.0
6807341913351688164,2,26.0
15297533168434037947,2,36.0
9593020942906035511,2,6.0
16040129984174248379,2,3.0
10355877750457938388,2,2.0
1316477527825034759,2,2.0
16907624005859206616,2,2.0
15424927874605473856,2,7.0
12848457990596944014,2,8.0
4978135703535674481,2,2.0
5481346152930723735,2,2.0
1280502383017187884,2,4.0
2146752466778929521,2,8.0
1868338319617059896,2,5.0
8282151487980417428,2,5.0
13592740708718761522,2,4.0
10173391879157674386,2,3.0
11433171394955459685,2,10.0
2018070216195616835,2,4.0
14018396760514304849,2,2.0
7796995524096343568,2,3.0
15412803019548053937,2,4.0
2166240005971736324,2,10.0
4574279084683022536,2,10.0
8204078423811826733,2,5.0
3081727621115851606,2,2.0
15318381205567235764,2,3.0
17545713908665264842,2,2.0
13836880018106857035,2,2.0
7909024590037243258,2,3.0
10535762687553038395,2,2.0
412117147516035449,2,2.0
5285340970292530752,2,96.0
5722720825657214720,2,8.0
4012200571477497228,2,7.0
1064133028151333825,2,7.0
16044978322746872491,2,3.0
10007898409042910690,2,8.0
368884969672758823,2,6.0
2877176955782816714,2,3.0
15488169901545610830,2,5.0
2970590862153624394,2,3.0
14275404992001882494,2,11.0
6761394904835852106,2,3.0
6362135419749137154,2,7.0
12541232628820408553,2,18.0
17956371172304995775,2,2.0
5820947334558429132,2,35.0
14734302435171479076,2,3.0
3076580636591815423,2,2.0
1253940274244720387,2,3.0
11772873893750525924,2,3.0
10045663492430402082,2,2.0
5275355252994237833,2,2.0
11134934178372468790,2,2.0
2009137304706510717,2,9.0
8584340151763012985,2,7.0
9791974612577270813,2,3.0
14099993299794792303,2,3.0
3052913822298140304,2,3.0
8487729291768116626,2,31.0
2917843421588748954,2,2.0
12858526616807132977,2,2.0
16163687709026324963,2,10.0
16493648218423095810,2,3.0
3663460979419635571,2,15.0
3228634938106607212,2,6.0
1575460483424373320,2,20.0
16095924361439985197,2,11.0
6932403096040232783,2,5.0
10341493103407911483,2,2.0
1909519211118466683,2,4.0
9666081461624307402,2,2.0
7088999147498378821,2,3.0
10432452053317712712,2,34.0
13315769013233313623,2,2.0
11275126531061753267,2,4.0
3554201862809085234,2,2.0
10094614307928040564,2,2.0
12821616716697439583,2,2.0
14355969046556914384,2,3.0
16320866656476231063,2,2.0
5110363292626898977,2,5.0
16863186194109744374,2,2.0
9826117718031886978,2,14.0
373561430140483880,2,2.0
2829869813685098960,2,6.0
11688550686566107667,2,9.0
11802909867132877759,2,3.0
7179985166621797982,2,2.0
17314794312955498579,2,5.0
7618585038103534495,2,3.0
17572662312916594257,2,5.0
17721293863122847744,2,2.0
11162454034947624247,2,2.0
139967743802602136,2,3.0
11934983127842865777,2,18.0
7249671188138839330,2,2.0
15910886984892086601,2,3.0
6999524478940143582,2,108.0
6361415618944938780,2,2.0
8379463645776681315,2,10.0
1900262585232073600,2,2.0
8091334358909633563,2,4.0
10187394854756138171,2,36.0
446855292658081563,2,3.0
13504742449921202954,2,3.0
11240042901202815954,2,7.0
18201276891899125208,2,28.0
10679084478342003139,2,3.0
15443347136410029709,2,2.0
5022776737472344019,2,2.0
5897633564987755699,2,2.0
6708748236485809193,2,4.0
15734791436053494409,2,2.0
17757307179423639927,2,2.0
9588468486184214811,2,20.0
3767355245357766647,2,2.0
9052853582248350644,2,2.0
5957383473127436431,2,2.0
2211744037780862492,2,15.0
7007115917781451353,2,56.0
12676248782323056236,2,3.0
17175559593356423981,2,2.0
6547214126728474013,2,2.0
1748930928675538705,2,3.0
18181579511695085021,2,14.0
8198766418556723815,2,3.0
11920041311921671296,2,7.0
9414226987301866727,2,3.0
6873728771676628823,2,2.0
10525005736845487028,2,11.0
8902848264844918529,2,25.0
7011908407276657915,2,3.0
1413831546208827867,2,3.0
4866543762228295806,2,19.0
1986679927752269482,2,3.0
10983847956176636524,2,2.0
16100330458457548966,2,2.0
7494285350345164059,2,33.0
12285804210156686380,2,2.0
16172046129687447048,2,6.0
2106461148865032422,2,2.0
1253417596739686528,2,5.0
15918360288544596637,2,17.0
8858658112890568352,2,7.0
9773893186045017300,2,4.0
2064190222630080744,2,3.0
4752902658771083390,2,6.0
8026739708450591588,2,2.0
2289419482127941465,2,19.0
10468885498782979531,2,22.0
4445660745281072151,2,3.0
10089733113671570757,2,2.0
861162439871552275,2,5.0
18197718673331884621,2,2.0
16574237692359247799,2,42.0
4284710029758537882,2,33.0
15410571397607479759,2,21.0
3664759220564052725,2,3.0
16899929219643148214,2,2.0
802555408650835631,2,2.0
12149887042902544189,2,16.0
7374118273623187565,2,2.0
13818643371017969448,2,2.0
1034185663460573206,2,5.0
11318431950003466777,2,2.0
8743281393376999463,2,2.0
9878030442262983459,2,2.0
1475208623667164339,2,20.0
13543067928939736710,2,3.0
4401410011078117293,2,2.0
15412681381419160714,2,5.0
15005849795888535142,2,11.0
7509291099395829271,2,2.0
17798463235133124900,2,5.0
11913386913660551891,2,3.0
6116743072052624614,2,2.0
6518292092980623681,2,6.0
11728004429362989429,2,4.0
11202200854408974909,2,15.0
10226736330668161263,2,32.0
4513568574832332616,2,10.0
5571981754635022952,2,4.0
5856048531233985827,2,3.0
7809164293570413469,2,2.0
5804787909849147629,2,3.0
1461417535650480882,2,2.0
16564089426650028917,2,2.0
8194931143258320834,2,7.0
9516481602082016164,2,2.0
16745004660197731529,2,50.0
15824293906811340831,2,2.0
9892541046743781270,2,2.0
13187876680116798149,2,3.0
11318266464650590493,2,3.0
639182064085289261,2,4.0
5072996353539263970,2,4.0
13040115265370330680,2,2.0
7415429231056916098,2,2.0
10600069191536041980,2,2.0
14634861905966913468,2,26.0
4415540768676203755,2,2.0
3031662346109986790,2,8.0
12068604944878746850,2,2.0
4487706475587584135,2,4.0
6507326553218100566,2,26.0
13280227188387153011,2,2.0
11516127960410662912,2,2.0
10385595876562989495,2,2.0
13604385508919465084,2,4.0
7454996737005942914,2,9.0
2402106452431688799,2,2.0
3696958089236104659,2,28.0
5161209071260946032,2,5.0
15161448548560460459,2,3.0
13188752143378780648,2,3.0
10620518148571052878,2,37.0
15449793632511769105,2,2.0
12596453457491295500,2,4.0
5859097861807620742,2,5.0
15854840064853240201,2,4.0
4373534088974801816,2,4.0
3472154456229084530,2,2.0
6081779804456819404,2,3.0
5134951902870499487,2,10.0
7260878896697476103,2,12.0
15768979237150495051,2,32.0
4215447311342256073,2,2.0
6830841973857193404,2,9.0
5836511238605182461,2,3.0
6552434664504317695,2,2.0
2560850382693176943,2,2.0
9289483547614413401,2,4.0
6110924654970182662,2,4.0
9274625319110814163,2,2.0
17508628169358521782,2,2.0
9303115487836865088,2,4.0
2289959778680359716,2,2.0
18370780929726432514,2,5.0
11301611689633424473,2,33.0
6806969240288151358,2,17.0
18165707326500572278,2,5.0
11908951681382459913,2,3.0
8065013708317030413,2,3.0
16076442683397012862,2,23.0
15145176079377031431,2,36.0
4307673274346372502,2,58.0
17807771453529508956,2,5.0
6378785654747535719,2,2.0
14732472431460740611,2,2.0
6467171105280019647,2,17.0
13563963638743260639,2,2.0
18076461521781357074,2,3.0
17032905731788991249,2,4.0
7015366365478875706,2,6.0
14199566023957640431,2,3.0
17962570010489339344,2,35.0
15556964727822814140,2,9.0
4515895334879276200,2,3.0
13882187078294783833,2,34.0
1481027144198162536,2,11.0
118990928742360423,2,4.0
12220225115473889567,2,15.0
7599299987057690644,2,3.0
10956946988032983040,2,2.0
17615092807317427483,2,2.0
9728393256786883613,2,33.0
12268756783802250435,2,2.0
2230990604403673656,2,7.0
14735104990827922201,2,38.0
5679804264509155429,2,2.0
6959182719257923879,2,32.0
15465918210763646688,2,18.0
3780592290306873519,2,17.0
16453625110231416187,2,2.0
3132197436671467120,2,13.0
3334827070967586215,2,3.0
5193048246373072903,2,2.0
2749877986380428661,2,2.0
4897560450333358876,2,2.0
13059318096135639327,2,19.0
10597005833267033125,2,2.0
1822697160229006253,2,2.0
15107250633588737927,2,2.0
13302482886262807020,2,2.0
13489436300382664449,2,4.0
16201686757276065967,2,54.0
6379300579252511723,2,4.0
16107794320558246451,2,4.0
18187410334746625122,2,2.0
17436554146484444045,2,2.0
4759874171844818678,2,30.0
4305435892295248780,2,3.0
9118234530091001005,2,2.0
15172826069000476355,2,3.0
5679104633236950554,2,5.0
18442512568762178305,2,4.0
3800810237067204760,2,2.0
10218222957069328889,2,45.0
15560652109668964164,2,13.0
14097266924109512280,2,29.0
17081082520932618283,2,5.0
8523351873586976319,2,2.0
18304911473074673607,2,2.0
8608312601082141153,2,6.0
10484838564234330876,2,8.0
11054371304173669372,2,34.0
4432122607694022706,2,2.0
16575414300870744935,2,3.0
1008203494435410473,2,2.0
18192995148671811126,2,5.0
9233891056558946920,2,3.0
8124058509488633401,2,9.0
10976500801930749104,2,3.0
2443695820910555556,2,12.0
3260277418966804970,2,6.0
13106682121602524964,2,2.0
16946601209614326762,2,4.0
3968856613854485969,2,29.0
17044407081699195688,2,13.0
13948182193212320141,2,3.0
9185716336604094637,2,2.0
6264756334062033418,2,3.0
8138281499486695717,2,6.0
13092513411705805069,2,2.0
14967522893548306927,2,4.0
13653873602317665388,2,8.0
595581849669390056,2,18.0
12309823922067268600,2,4.0
1205694858651821553,2,2.0
4154492396527467636,2,2.0
12206489759329716818,2,2.0
17196904741177933476,2,6.0
9352053915278702199,2,56.0
7720362779575736342,2,9.0
18087145903340032304,2,49.0
4817265088824951113,2,6.0
7976117325616445515,2,2.0
6419938786372477504,2,4.0
16821517762903801,2,3.0
12713828067076174839,2,3.0
11915589999134037147,2,3.0
6278836149026377593,2,11.0
17368607189684312350,2,2.0
10412346355841795151,2,15.0
6666533319442712129,2,2.0
18338590468379459117,2,2.0
16081220547134993104,2,2.0
14186416809581373019,2,3.0
1205254514642852112,2,4.0
7622473388863520008,2,31.0
13468529207886712579,2,6.0
4258979122072603648,2,9.0
3566494247801317193,2,7.0
6033772403633933417,2,7.0
9916263393268523945,2,4.0
17795991310591927920,2,2.0
3913520010659934553,2,3.0
740046012994614941,2,2.0
14747272499432961159,2,2.0
4180326619120199851,2,5.0
1225432360665892922,2,5.0
5551801138366932935,2,2.0
15804399346265666408,2,2.0
14599924576899751430,2,7.0
13584811647291091411,2,2.0
2238459946029410853,2,3.0
7120802614812293550,2,2.0
13666301904637858158,2,5.0
6707875764186530696,2,2.0
10255393291036294381,2,6.0
11225117489716481027,2,4.0
14120038502757200625,2,3.0
5439029633226387363,2,6.0
4917115217079021533,2,9.0
6834112807622928250,2,2.0
10936444565588169849,2,2.0
15630071224082937746,2,2.0
8178466959259193225,2,3.0
15600710977592695030,2,9.0
12017999128710155998,2,4.0
18171477551800596670,2,2.0
3308217590653699587,2,2.0
7358305285564442694,2,2.0
15739441957358337199,2,31.0
13454016630898132149,2,2.0
9890106171163501299,2,2.0
17606367958537810608,2,2.0
948058753704585428,2,3.0
15824897550520222480,2,2.0
17361575160281590033,2,3.0
14804102759607799072,2,16.0
15411894348341006273,2,5.0
1931164303595889295,2,2.0
16462718167517925784,2,3.0
5540951608227548556,2,4.0
14968548791097051659,2,4.0
5667215207712080443,2,2.0
11297714211187324792,2,9.0
1978051990647312955,2,2.0
14165312586384961533,2,9.0
6315105776020127466,2,4.0
6352149550312078199,2,7.0
1125065046105422635,2,28.0
6320495260186400920,2,2.0
12179610041648445573,2,6.0
16255377181634641962,2,17.0
7630557895346013137,2,2.0
18226763321169670848,2,11.0
4127991604781064632,2,2.0
12735140199117363569,2,2.0
16074896957611743763,2,2.0
7184020172203709387,2,11.0
11643489038700012673,2,6.0
8015270873096619686,2,11.0
2069841085829752021,2,2.0
3687202252854921069,2,2.0
8211352609230664779,2,24.0
12583169548290219080,2,4.0
13048519564074621957,2,2.0
12961370469540946061,2,2.0
4664591041372896408,2,5.0
5684997009902089128,2,15.0
6728345567131729149,2,2.0
335724236158571440,2,7.0
14481267991813661269,2,6.0
9520078974917480290,2,9.0
11151051483375566325,2,5.0
13277446070755619546,2,4.0
2237490151101530318,2,27.0
7016719937987000184,2,4.0
14221844434597131063,2,34.0
5953285555351955582,2,3.0
4443377598474819803,2,2.0
14717668830109718673,2,42.0
17591941738858763778,2,3.0
2150300179923211029,2,4.0
7158660171027099645,2,9.0
14068209529318558189,2,19.0
1243468763156451955,2,3.0
13027698636768447654,2,34.0
13109295750995949030,2,5.0
4086748449341741982,2,2.0
5419814085696244189,2,3.0
16379775812915481417,2,3.0
17287285504955694563,2,2.0
16099500239578694761,2,3.0
827419537567146906,2,2.0
7282938091784431712,2,2.0
4492878253542714215,2,19.0
5502056258038700248,2,15.0
373644060995516736,2,2.0
2935009433256266245,2,2.0
4359454063463692610,2,3.0
16608732104768608327,2,5.0
1749728386371031075,2,8.0
18250105181590576868,2,2.0
9659359000595218158,2,2.0
4947503098266705249,2,31.0
12156943869146692658,2,2.0
5262842224546754181,2,2.0
3669752268991334221,2,22.0
16696927343354478707,2,7.0
12631202358350538760,2,2.0
12362441445896241838,2,3.0
15105325506775376924,2,3.0
14482268555068234540,2,2.0
6278493758428274085,2,4.0
5599861443081459522,2,2.0
11351868672726030746,2,6.0
12705282082467102265,2,2.0
17115748577862575451,2,28.0
10524173194820178939,2,2.0
10320222431689961058,2,6.0
9244665224835605950,2,2.0
10128236315903884646,2,9.0
2921633280042001167,2,2.0
13887490924984113482,2,2.0
17112936554578885224,2,4.0
16442266428863616513,2,2.0
18315088907788463307,2,2.0
199979038210500420,2,28.0
5600566522965595488,2,2.0
7830562199119179393,2,2.0
4737774067118044585,2,19.0
5151784116292688117,2,5.0
11063583366877665751,2,3.0
6267817355822889674,2,2.0
5522287272824328238,2,2.0
15008031551804401819,2,2.0
6177238965741155351,2,7.0
4497777761714288858,2,2.0
3555966847791050086,2,3.0
4050682791793778414,2,7.0
9347226958306630063,2,2.0
17294857733729289956,2,5.0
11280727750462126718,2,3.0
1671401560844386604,2,2.0
10884536713736960390,2,31.0
2721498485010270448,2,2.0
10973977184627289559,2,2.0
12921063464773275352,2,2.0
17550666855770979993,2,2.0
17418083113044308911,2,18.0
8480733431785485846,2,3.0
3045846515883220740,2,2.0
2750945378350464104,2,3.0
2774140725445961325,2,26.0
306893261087691724,2,106.0
4460202888774081202,2,2.0
11833855421737264658,2,3.0
18011011645816170670,2,2.0
8416908468387137905,2,8.0
12208756754529002914,2,2.0
2702185758361825418,2,6.0
11209156352285437369,2,6.0
8135667964654817211,2,8.0
11670415102182685945,2,2.0
5385332534861370369,2,4.0
5730643179567527952,2,3.0
17787776260515294410,2,7.0
7988185664721636331,2,4.0
5987555685740971430,2,3.0
4653722810652215121,2,14.0
14109182674620047261,2,12.0
14307017616707092083,2,2.0
18355203625898565759,2,7.0
511164425339182678,2,5.0
11612075892401911379,2,2.0
4109506946180566898,2,2.0
1221490763470369084,2,2.0
3261041045329199270,2,5.0
9380387916155457503,2,8.0
4794756308278703614,2,24.0
1443089824837387842,2,3.0
2645640806118420771,2,9.0
10188935396861599917,2,5.0
2951083358791917958,2,2.0
5327938983144530321,2,2.0
8749575565231825286,2,7.0
1455586084688951595,2,2.0
11554539580674875362,2,2.0
6855833601391244811,2,9.0
172623485039285935,2,5.0
17134201482993137701,2,2.0
14760762242397180585,2,10.0
9069554880084585837,2,5.0
2535930230562670867,2,2.0
5897627165346748468,2,2.0
5353589215767441029,2,2.0
10634647572481327064,2,3.0
10114151140682038448,2,9.0
1185993734629621824,2,3.0
13792636523356902180,2,4.0
4116792659776100900,2,7.0
320111852158611933,2,11.0
10348078480289916487,2,3.0
16421632606560381080,2,3.0
1037943017899857240,2,2.0
3697133221065770047,2,2.0
8032007118429465341,2,59.0
16450220656496663295,2,2.0
9146302950576607424,2,2.0
11259611078984390833,2,33.0
7337917195261606575,2,4.0
6951243024531570667,2,2.0
12572991866880138729,2,2.0
2626309052386804477,2,39.0
5454567938400802521,2,2.0
5374054600716538942,2,2.0
4694621104994085574,2,10.0
7720330712298814046,2,3.0
3801967252465366417,2,2.0
1124215187201830532,2,2.0
16991099199104425590,2,2.0
6517093907422022455,2,6.0
12236508116563525936,2,2.0
4712382396698082501,2,21.0
9583229094128400029,2,15.0
17792021928892438721,2,7.0
11750334803122056488,2,2.0
10956945990393759095,2,3.0
8573815831622955509,2,2.0
10081430063988576102,2,2.0
13591319552973473193,2,11.0
7122603535573675690,2,2.0
2490222931384797044,2,2.0
8449431689823655445,2,2.0
17971282693457326667,2,2.0
2903934586398215423,2,18.0
8471175717654060692,2,4.0
8156586480615951277,2,5.0
4938671938601679283,2,5.0
9005888417370341362,2,7.0
17331981254648753125,2,5.0
6262820907274626449,2,3.0
17465384264574049551,2,4.0
7518957788439350851,2,28.0
12960142821744701699,2,2.0
14400095298875228131,2,6.0
11426131791830601449,2,2.0
12468495055430210978,2,6.0
9446404128044126504,2,3.0
10094928941937821691,2,3.0
7432735261517837703,2,36.0
11625598207262273135,2,8.0
17571104457317242938,2,2.0
1217514817931715288,2,6.0
4007043065356499727,2,2.0
8877267824632704730,2,2.0
13860196010770498502,2,2.0
14519915132704342085,2,2.0
10965517705525627031,2,9.0
2397738705960498707,2,5.0
15719781513426407102,2,2.0
14309407026987287562,2,20.0
230346867157925260,2,3.0
84835003761359840,2,4.0
6433947790768549003,2,2.0
5090571756088139294,2,3.0
596212632701775007,2,5.0
5025930052433974509,2,6.0
6072095665304241677,2,33.0
8181120497905737517,2,5.0
12252526409664880529,2,2.0
3999280060022375076,2,3.0
8818293080149486689,2,7.0
12323436394927458124,2,2.0
912996658069642438,2,5.0
16836604268597313001,2,5.0
2953402110641495506,2,3.0
1089607603396535569,2,2.0
6593203156453546240,2,5.0
3178263127030452244,2,2.0
14742528180589861983,2,3.0
7268209867510973517,2,2.0
5997406030153979220,2,2.0
1743284043944196197,2,3.0
1757110147799803860,2,2.0
16501946601785643512,2,2.0
18033214385238076841,2,5.0
5785902446990830363,2,34.0
9639977242503191753,2,12.0
6981517052896672774,2,34.0
16919639525195911773,2,2.0
10370429215407743260,2,2.0
14994989490092571393,2,9.0
16612785197862581949,2,5.0
7270172069241538898,2,2.0
14064357144664620990,2,5.0
6419360933045963790,2,2.0
3845319824559920447,2,10.0
7059480357659927544,2,37.0
15768290090092480498,2,2.0
15854565973988573016,2,4.0
14558366383549334301,2,3.0
12429131418932986486,2,2.0
2598588246213065570,2,2.0
10667364434661390879,2,47.0
9331943503811222071,2,5.0
2584479071619380882,2,36.0
2597471854948074967,2,7.0
11357573532850462635,2,2.0
3068632467511776457,2,9.0
13503567636711821250,2,2.0
1350232089665916025,2,2.0
3692865001397503950,2,2.0
2776938783451891036,2,86.0
11719700368067477152,2,2.0
10557726756541421402,2,8.0
1780019488087759266,2,31.0
6570864678120386658,2,2.0
3276280511354507273,2,2.0
699054100350814873,2,12.0
9650563090655275786,2,3.0
5196614438453001590,2,12.0
4199569683628340749,2,27.0
11110734170840663361,2,7.0
14961325786684540153,2,2.0
1004003256617696801,2,2.0
6606724309079414754,2,2.0
8285944498901218680,2,2.0
2011089895327944484,2,2.0
9799180933604493976,2,2.0
10034937520837152887,2,2.0
13299836460377838372,2,9.0
13137025807074179426,2,6.0
4885835799978825270,2,5.0
3933329924445092167,2,2.0
6497799481357502997,2,5.0
17600559712232202218,2,4.0
7682691950454478677,2,36.0
6578792685785792264,2,3.0
7855953130213970575,2,8.0
8477716511240943736,2,3.0
9356198218339074289,2,4.0
4527819909943417098,2,2.0
18159135407310034260,2,8.0
14743237212381572208,2,6.0
6810224193612548624,2,3.0
12818374117877404474,2,3.0
3296692329541258545,2,4.0
15280296235076301285,2,2.0
5528499686047258314,2,9.0
5198350903346724298,2,2.0
6524570567196967280,2,3.0
9405710443855370602,2,2.0
11161442226061856667,2,21.0
3025811596023898134,2,5.0
3818777994907791361,2,2.0
9790758394142186354,2,19.0
17237706159277816750,2,8.0
18058098703053818178,2,2.0
4710692179645662067,2,2.0
1265210431430493092,2,4.0
4546498167639308170,2,2.0
7845657578341804757,2,12.0
5590836476239648987,2,21.0
6548921188224715482,2,2.0
16444561526593919175,2,10.0
4986986507811805334,2,2.0
15322792204607782776,2,2.0
13234793625276649017,2,11.0
12316562669789326250,2,2.0
17752844773434719303,2,4.0
7469205457900039461,2,2.0
5797072734206151725,2,17.0
12039515607100886616,2,2.0
9222250918846884959,2,36.0
5031986797878271302,2,2.0
10418633037506906474,2,5.0
16867739000175167316,2,18.0
18396105811739828785,2,3.0
11871478243786412521,2,8.0
3453835530675445664,2,20.0
13042719367732481134,2,2.0
11551433585030266832,2,35.0
1766217500070665349,2,7.0
15926749239985121326,2,4.0
9051219862307293991,2,3.0
14007728960668343580,2,6.0
10585046004773911890,2,2.0
11285782467952438645,2,17.0
9148721694409642954,2,4.0
203743323784707934,2,6.0
2648776651413744816,2,2.0
14126323603698023118,2,4.0
1024107927418268485,2,2.0
7083551190776333850,2,8.0
6480946524940671836,2,2.0
2043137091703306434,2,3.0
6809114347180725679,2,10.0
5023571502021757631,2,4.0
4597371808287003309,2,2.0
16431917634609514903,2,2.0
16622298687049549201,2,15.0
642009236130357832,2,2.0
1553027867363145305,2,3.0
9915535498284188315,2,2.0
11746736740302119879,2,9.0
16977749688033737039,2,3.0
682867711615799966,2,2.0
4662965047019402943,2,2.0
9737032399548767430,2,33.0
3615935127766858647,2,2.0
1838965834424555221,2,3.0
602004257285959526,2,8.0
4637203878456899501,2,31.0
53443154767842008,2,2.0
10406952159968200352,2,2.0
15540924732319135966,2,3.0
137494967945019741,2,2.0
12540168268857043072,2,25.0
12725168554478889694,2,5.0
16679695902635350762,2,4.0
5150787655684503244,2,3.0
8959319361968405426,2,6.0
7422859044209312048,2,2.0
5390710294307657677,2,3.0
15996290547742838840,2,4.0
14797393477126744214,2,2.0
13317929404910376619,2,2.0
13064015566846526958,2,3.0
6793592952301396045,2,87.0
14328687749941577229,2,2.0
6489382019545973865,2,2.0
7574868666568716401,2,32.0
12627477464434872281,2,2.0
15155481778444998565,2,8.0
13341186054959841896,2,4.0
3017959375109503936,2,2.0
13422437317083795984,2,2.0
17436169492700634889,2,11.0
5927419687157005432,2,2.0
15641194224075954112,2,4.0
9835850799094548033,2,12.0
16397599346982354771,2,30.0
1501373577847040257,2,7.0
16594967882683791068,2,2.0
10577288382291688170,2,2.0
380603401102580353,2,2.0
5105989609596267074,2,2.0
5043540980971371522,2,6.0
13506395532368444208,2,6.0
11704893733521931978,2,3.0
15777017033684351466,2,8.0
4269425109547551382,2,67.0
14636877905736132028,2,3.0
116756656321098498,2,4.0
17142364367617070484,2,2.0
9505178788332299226,2,6.0
14120084544291135568,2,2.0
14933251072767949480,2,15.0
2770240836239410716,2,35.0
4728056842207904712,2,37.0
2062421631493763423,2,3.0
14837328418869304800,2,2.0
16823315899425094696,2,2.0
3953920980451855909,2,2.0
6824814552998630258,2,2.0
14357535281046000377,2,2.0
1108655771091685979,2,2.0
4278610626099468225,2,36.0
12080564193736535164,2,12.0
13167650582137229789,2,2.0
16919230767912529431,2,8.0
14561333500957019178,2,2.0
18101891657375600211,2,2.0
14139460534746664937,2,3.0
12073751103358464949,2,2.0
670286062972775246,2,2.0
825217799400190560,2,2.0
1155907310865088292,2,2.0
892161028208444377,2,18.0
5718533991343636021,2,3.0
18131435097172283257,2,8.0
384064749960365874,2,3.0
2583743767968516425,2,2.0
6983133286160549202,2,2.0
1516335848767549254,2,7.0
15962569205213376492,2,2.0
11303307830543665191,2,3.0
1533380766756275860,2,11.0
17252122493142571916,2,17.0
17250638501297043002,2,3.0
11611400059591875348,2,2.0
14302009854092852171,2,4.0
6216440378135968883,2,3.0
5787936819591364805,2,10.0
14301564005980852440,2,2.0
17631477555201322840,2,36.0
1216607276031545119,2,2.0
5161543536846788791,2,2.0
4120668206952252642,2,4.0
14357087808105691182,2,5.0
14451382096194748739,2,9.0
15480259019375554201,2,3.0
10517695779212546626,2,8.0
9278215719276176279,2,19.0
11492307844026418540,2,2.0
17579748747304237903,2,4.0
11538925566566925076,2,2.0
14023134529112573572,2,7.0
11979271291084205552,2,5.0
6800515202931261537,2,2.0
7911459877351270576,2,2.0
11210725065108552517,2,2.0
3053763778385782352,2,2.0
7967672169401247378,2,2.0
13871071992538380557,2,2.0
1806030760039535543,2,9.0
14473220685409549625,2,11.0
15546222889317098675,2,2.0
13583472566178386684,2,10.0
9183500236381772844,2,3.0
1826367674232438169,2,2.0
16544793791672712997,2,6.0
17039850150965913372,2,6.0
11118325469149874120,2,10.0
18294931124595450881,2,9.0
13553098475642848634,2,5.0
18040880896381460459,2,2.0
8629461897462514671,2,4.0
3909383465352756177,2,2.0
4608942854838377007,2,27.0
4926050351783050315,2,2.0
7120520214826975433,2,8.0
16136457329897205259,2,2.0
10902138789198992770,2,6.0
11593569163661431756,2,3.0
9570524101656563813,2,56.0
2010345059861467891,2,2.0
18334386077860702164,2,3.0
1462765370508043213,2,2.0
11757847524794305181,2,6.0
11613773512475079861,2,8.0
5518209231395365981,2,3.0
1442080217049833934,2,14.0
5873605069771663150,2,12.0
3593706478478751798,2,36.0
10157107520156937780,2,80.0
10959504990112095706,2,2.0
6883688478582655873,2,3.0
15897710648479427295,2,5.0
448688091127736140,2,31.0
1065967169997980476,2,17.0
2499964911857822231,2,4.0
11676895926346044097,2,2.0
7119433453970933573,2,3.0
16538199166418508801,2,2.0
15264007324109172243,2,47.0
7041581966386925345,2,4.0
2948313004210740884,2,4.0
1740152783443249912,2,2.0
12829681006106208546,2,4.0
15211300285414531702,2,3.0
5828691537064782097,2,3.0
2517161598465105902,2,6.0
17735588608873148142,2,3.0
14970310453299666697,2,32.0
12603327989526784900,2,35.0
14129509580172025495,2,2.0
2749377535333701873,2,22.0
5680074006794397626,2,217.0
6022373638914131560,2,4.0
5452549314703567309,2,10.0
13260170670756524026,2,5.0
1351689764848858441,2,4.0
12893482652966371831,2,3.0
10596863884721517775,2,8.0
11641585774108117661,2,2.0
14947270135018050148,2,2.0
10054740531631057291,2,30.0
4973867212204858496,2,14.0
16298748729831574167,2,2.0
1467932356100032564,2,2.0
5676923517400115044,2,17.0
15833843152533943899,2,5.0
13097334641013755031,2,37.0
14439895337242659517,2,16.0
16073176347373840631,2,13.0
13634885675186931037,2,8.0
10522775846924478061,2,2.0
8698780979918261041,2,2.0
6516557678632936315,2,8.0
13114725293951894699,2,3.0
7999590056366758752,2,10.0
5945705194177007074,2,34.0
15871249279203931974,2,2.0
12850143513281976547,2,2.0
13584022011373145625,2,7.0
13477190022087277852,2,12.0
13413634763706350947,2,4.0
14770886663991476253,2,3.0
3430889030506207427,2,2.0
13504013350973879560,2,2.0
16239329148495068729,2,3.0
7779995343442056670,2,4.0
539265564685694644,2,6.0
7521009854759502600,2,3.0
15359606875974291173,2,6.0
4582703969340410378,2,4.0
3240339040684880308,2,2.0
1108828795257311417,2,2.0
7234398161821228328,2,2.0
15164430579810033198,2,2.0
6428860854645541463,2,2.0
1914125160920438516,2,2.0
10128795000366901814,2,2.0
7784769755238615682,2,33.0
8890060143283361962,2,5.0
17519724001941772044,2,4.0
11324188214625406929,2,3.0
326194765025890536,2,3.0
16146675986713208328,2,2.0
6479473121162053478,2,4.0
17059297806310494245,2,3.0
16004249625205814981,2,44.0
14319224658544476771,2,2.0
10798343406125898375,2,2.0
9376964417932950878,2,5.0
8765551213618956174,2,29.0
2280690932140655405,2,6.0
15257841499122880150,2,10.0
3426330330723238894,2,2.0
7889485387854764335,2,14.0
3243188541167816106,2,10.0
2565005409402713031,2,34.0
11462414455376007814,2,4.0
12546216795218596527,2,3.0
5861880198716885736,2,5.0
17736357070758095093,2,6.0
5010064894302032038,2,2.0
2241346524737126867,2,2.0
11639404573530421012,2,3.0
12209265710584861287,2,2.0
12216136665134909418,2,3.0
10839467731587940161,2,4.0
13353591191814061945,2,5.0
4228119729750562469,2,2.0
5877974079223796886,2,13.0
13739887116001928748,2,3.0
10468232014150770700,2,21.0
9117939108374079439,2,4.0
15408292855825596528,2,5.0
15240186966109762662,2,4.0
10214733942685760266,2,4.0
8691801818727974255,2,2.0
11833418596657853907,2,4.0
895413656592828338,2,6.0
5769471690705760002,2,3.0
15334373901820763919,2,6.0
4660773431499197461,2,2.0
12792926290406151609,2,38.0
14811555332480395024,2,3.0
397585310810394985,2,5.0
7548140147999793690,2,4.0
14914087492080860297,2,2.0
3451166101000525566,2,32.0
2726064063893513473,2,2.0
80238623629258315,2,9.0
12469507314303148567,2,14.0
2358247724513525163,2,2.0
4219601816950659125,2,5.0
16609553891313810789,2,14.0
8319038551709498353,2,2.0
5432048050158981699,2,2.0
6847928299070752486,2,2.0
8915354812422068372,2,3.0
9600819799746683472,2,2.0
17320916611952336506,2,3.0
4451962190979750868,2,2.0
14171259985640160368,2,3.0
211291500783488497,2,4.0
4731925358508863596,2,36.0
1752215239539492627,2,6.0
9929049440782590621,2,4.0
12968319089181616458,2,11.0
3487349949404259750,2,59.0
1798988948582984232,2,3.0
10240098757943434692,2,3.0
5929278962826920089,2,3.0
17945655567818736424,2,2.0
16644325568195974187,2,21.0
3489277290629856794,2,21.0
6611089098822558492,2,11.0
4297733576665360485,2,17.0
3149946994962998940,2,2.0
10849027697998637986,2,5.0
7307887695670441452,2,2.0
13945662734903210896,2,2.0
11891793249694076778,2,4.0
11432774349770251729,2,34.0
16526765974565780818,2,33.0
4160903976439779054,2,6.0
4831828548090610488,2,2.0
3536645187885664170,2,3.0
322017143744436966,2,2.0
12175848599471760324,2,2.0
9049633111789568067,2,2.0
3233037806275743271,2,6.0
6800091894392100576,2,9.0
3430529541235577184,2,20.0
16064053241968905466,2,2.0
18353683978519828538,2,5.0
193545137864038992,2,2.0
8300759990776651481,2,2.0
11347992573378863829,2,14.0
9137712824730782049,2,13.0
5110241299403124600,2,4.0
1244904654473129906,2,3.0
6685797578553273271,2,31.0
9780727938301514778,2,2.0
17705845415984176405,2,2.0
8408556375527987119,2,2.0
6796812009305293500,2,2.0
14983997398697049893,2,7.0
14993130625521078409,2,2.0
16904654639470609285,2,6.0
17238425474296899832,2,2.0
10652061605784776506,2,9.0
3153709560761613046,2,2.0
10501900434907215565,2,2.0
10913779134664589684,2,3.0
4543277042042339185,2,6.0
9387292694142406934,2,3.0
18156152826849263518,2,5.0
15242078172811219238,2,3.0
7848181474502695899,2,4.0
1223209918656786705,2,7.0
6713603188000159114,2,15.0
12299978571443259627,2,3.0
13102534383933037845,2,2.0
8717440327392099463,2,5.0
14410859933721633422,2,4.0
4324244466358212822,2,3.0
17212500484929160291,2,34.0
1994075153878631262,2,31.0
5181809696705458380,2,2.0
8924436973881891898,2,2.0
10055474253169631180,2,7.0
15451362748258580559,2,5.0
15656251603241508835,2,4.0
1057467458515036790,2,2.0
15150534129615049850,2,2.0
14399690032068456732,2,3.0
5829139491444192262,2,32.0
9917188940866371660,2,3.0
18293218455373414381,2,3.0
3615721253207498010,2,3.0
1273314931146080964,2,20.0
16412102319224520295,2,40.0
5664551692912078437,2,3.0
5537416439624797044,2,2.0
16444771440149279340,2,4.0
13234566093447898680,2,2.0
12191683373992221891,2,2.0
15669063786531603539,2,3.0
8466922404347335086,2,6.0
576325750845421407,2,2.0
12610090414021076994,2,30.0
10031995994794754032,2,7.0
15944358734754597940,2,27.0
3837500951742059774,2,35.0
14516911337872899237,2,36.0
2276449551474914194,2,14.0
13254371304036637349,2,7.0
3780947520665911732,2,43.0
6459923778025031737,2,2.0
8435782781904470393,2,26.0
6139107296814518674,2,2.0
10513455795574896370,2,2.0
15280774323693984724,2,4.0
16034664208447800111,2,3.0
332573915189119456,2,32.0
2264589827261934022,2,4.0
15620119939428592835,2,6.0
10909385084860159961,2,3.0
9339978511130462104,2,31.0
16034697194704270733,2,16.0
2202274229111714446,2,10.0
16621130260832679046,2,4.0
7682404994449309159,2,39.0
13777866017712998448,2,6.0
10461146733978342059,2,2.0
16960134137512896928,2,2.0
3635816692634418457,2,2.0
3208230041982804715,2,4.0
10656177855725960467,2,7.0
8095687737571886940,2,29.0
4287648105528210155,2,2.0
9760694830291579586,2,3.0
7417160027809273472,2,2.0
7507861326133929142,2,2.0
12299605532504752639,2,8.0
15196124133782052150,2,9.0
16448340455457099523,2,4.0
1834657990050111418,2,2.0
11709904352570466112,2,2.0
963951142550974031,2,2.0
17994782037543257375,2,35.0
2567571613772133122,2,4.0
10279771768023380435,2,32.0
7444644822645336834,2,3.0
1678855169233197007,2,2.0
3791630304437165337,2,2.0
2267924038974964805,2,5.0
8719974775159302581,2,12.0
17380304565691980469,2,2.0
17524472225872926943,2,12.0
13605634330874220121,2,2.0
2841588474397751943,2,2.0
11083432297260175793,2,2.0
7904621938684145177,2,4.0
774781943006036160,2,2.0
10638944879979015411,2,2.0
7424134747962104124,2,3.0
14780261446901668673,2,4.0
8352783088717875614,2,11.0
6492772731077227248,2,2.0
14793270200352389562,2,2.0
14610481273468745172,2,3.0
15123784646176689906,2,5.0
6089977392397437828,2,6.0
633313824792267575,2,5.0
871342643410505564,2,3.0
10431549010347827221,2,3.0
14658318072030534433,2,2.0
4135475438546062130,2,5.0
11556324595346564510,2,30.0
7754046994691915930,2,4.0
3067286021543807253,2,3.0
2736492716514727791,2,17.0
4148884344436449344,2,2.0
479543132825874315,2,2.0
723108829713984480,2,2.0
17683248211774192885,2,2.0
5951205750932281236,2,8.0
12604242400315513207,2,2.0
11318735872000376427,2,2.0
14819684482557995641,2,5.0
11653704638350040082,2,10.0
13075425187584100897,2,6.0
17350919807510803285,2,2.0
9191191386119827364,2,63.0
3844283713547358110,2,2.0
3349016543256280044,2,2.0
1591922089154511315,2,2.0
4217421650296151454,2,2.0
4299802214299883110,2,3.0
11019672379669445732,2,3.0
867231454604056597,2,2.0
11939237955336981457,2,2.0
7992454260847842597,2,2.0
1046665945078619149,2,3.0
9141480809298421514,2,9.0
9396860851692637094,2,4.0
14699908576612501285,2,2.0
7076299622609570242,2,3.0
12284075733562489735,2,8.0
17110791989398256918,2,5.0
17779078619616508035,2,2.0
15101196072839738226,2,3.0
9739078148288452298,2,47.0
10095007357528419271,2,6.0
6066355955957516019,2,11.0
8828290496740935140,2,7.0
13481885447370424522,2,2.0
11716651951262990374,2,3.0
7254546638115596578,2,2.0
703533510404273720,2,3.0
5067342420662353718,2,3.0
9898686218167505865,2,2.0
882580893630394040,2,2.0
3207288593348731863,2,6.0
826705029817604239,2,33.0
16176905173829754665,2,4.0
2088310140246910748,2,2.0
8580679739433325449,2,12.0
11079554315479597232,2,37.0
1108271605063339486,2,2.0
1143039950376760643,2,4.0
939630005211498669,2,2.0
5912168279366043702,2,6.0
13118896922806869267,2,35.0
12433386052654764727,2,4.0
4774383103778607880,2,4.0
7467450402340347806,2,3.0
15842546571286013363,2,6.0
15102333232283795872,2,14.0
7165068982496599126,2,7.0
15081567233299963940,2,2.0
13431413141824336345,2,2.0
11800607765496339558,2,50.0
12335739222966232933,2,2.0
12463190670006581885,2,2.0
1405425997087793901,2,2.0
6194067253031265992,2,2.0
8792958505303854241,2,3.0
5506206375453417216,2,3.0
3314572771879458815,2,5.0
18162171433708618509,2,2.0
4508652234994467819,2,2.0
12184681624750449626,2,2.0
18052555011652863939,2,3.0
16473648038841226385,2,6.0
575246898588122667,2,36.0
150684899398757161,2,4.0
14179202668543417665,2,2.0
3401539101005252033,2,4.0
10189663465718734985,2,2.0
3853122112332127229,2,3.0
18426023414193550518,2,16.0
6185800795257702617,2,14.0
2084357189091396084,2,2.0
5105790835325268157,2,6.0
13809942576047004060,2,2.0
5049727590023041476,2,4.0
10021542628585561141,2,11.0
10913340897803165169,2,2.0
5622427859484259687,2,6.0
17715697047502726727,2,958.0
15858821767669328292,2,2.0
13411465195786584229,2,32.0
15659103441560246066,2,4.0
1029018918886677573,2,2.0
17629608355755399397,2,2.0
13469464517145837396,2,8.0
12897310657577319882,2,2.0
11084996229363535448,2,2.0
854934633996239937,2,2.0
8372501174369296423,2,3.0
265349688056799006,2,8.0
9012419411269021161,2,2.0
1530257279359040074,2,3.0
1748423258566261020,2,2.0
7680256796603924519,2,6.0
6019395675667772942,2,4.0
5499738566341952545,2,2.0
13339223164341905870,2,9.0
2182256431286632194,2,2.0
5594737972720352946,2,9.0
11623617631229019185,2,5.0
6841918432232869946,2,78.0
13564946491750174802,2,8.0
5216597396583273624,2,2.0
5247936372977915125,2,9.0
9143987734580653210,2,3.0
13578622639114892140,2,3.0
9047732449511761681,2,3.0
5624554829119693375,2,2.0
10200946166135934261,2,5.0
12049981666367370106,2,27.0
16586415135335723027,2,2.0
12412274019109067235,2,3.0
14355434864618399450,2,2.0
14835513836531290216,2,2.0
12361617610038142060,2,6.0
6388671435245138120,2,3.0
13189822979124462263,2,2.0
14240466342375605704,2,10.0
12089379965461508738,2,3.0
16275199960129422711,2,2.0
9063411936892064690,2,35.0
2836639491283200070,2,2.0
4371119001646559011,2,2.0
15030646624711812511,2,3.0
4073658554036432468,2,5.0
8358220867845151795,2,3.0
6745294057839097916,2,10.0
15588515651876642744,2,2.0
6277653290301554365,2,2.0
14002398467656000156,2,20.0
6550225689425121663,2,30.0
12911015197942462120,2,5.0
3916182538162429301,2,33.0
5834551072530070475,2,26.0
3857635092298579139,2,2.0
17985390592880124236,2,2.0
6679677262639956462,2,12.0
15247143995166842156,2,2.0
7372221059233754701,2,4.0
11154277507325421031,2,5.0
15697627140592170269,2,15.0
12026971090080786776,2,3.0
7033850386872337475,2,25.0
376846293323088336,2,2.0
12814285896854593707,2,3.0
3605976852968749134,2,51.0
202857827062598538,2,3.0
4257508220515414958,2,2.0
14607129005089996208,2,3.0
9544956268037755073,2,2.0
7219327502811349310,2,3.0
3507627568143678756,2,15.0
349079878722784991,2,9.0
15407128892384926374,2,2.0
14321363496314224124,2,2.0
3437077858265613001,2,2.0
7250664726351804818,2,13.0
9863881652053878650,2,3.0
16877197109909058386,2,2.0
14005282627551879735,2,2.0
17466962196464966536,2,30.0
2331747921275761471,2,12.0
15938606181642325308,2,2.0
7910875741713938987,2,5.0
12855234875292864986,2,3.0
10085571857466246717,2,2.0
4905598520655959454,2,4.0
373150826674250430,2,25.0
12551739894255417510,2,9.0
16475129452931931195,2,2.0
12773761028440962622,2,2.0
17607508654518944773,2,4.0
7364654594620784893,2,2.0
8882229729956409500,2,3.0
17177953908429202130,2,9.0
8786282596234258066,2,7.0
14956747249749427376,2,2.0
8703838821525245174,2,4.0
8367918032575382084,2,2.0
3843218200742297841,2,29.0
7923775117639125527,2,3.0
15545578298461769673,2,5.0
1253643497338997266,2,2.0
13526309349545824338,2,32.0
18087031063902341160,2,2.0
7456445409880169440,2,2.0
8486246477438501037,2,6.0
18249142419936274478,2,10.0
8668953664904275687,2,2.0
5879905467469913048,2,2.0
4539433192273402290,2,11.0
1777579428415854351,2,2.0
9833292236377583751,2,2.0
2733056126360979992,2,4.0
5252950715578541844,2,2.0
15321250087734964127,2,2.0
7936295645279448534,2,2.0
4900738573190781329,2,11.0
1276415368621608349,2,2.0
16520913746286006284,2,48.0
11851729970007320078,2,5.0
9000779061372330661,2,4.0
6503570031548318509,2,2.0
5785742940026362125,2,26.0
14801289480879272818,2,2.0
17612128988676089694,2,2.0
13799772131261571471,2,6.0
8069626183870282270,2,3.0
10387075208024591391,2,2.0
1579677034958427445,2,2.0
17501440131686394712,2,4.0
10759786823614145703,2,2.0
5767658763015799345,2,3.0
3685772535245703277,2,3.0
2297688607726099401,2,4.0
662735429435916906,2,9.0
12700564281918682748,2,2.0
14260074082457967257,2,2.0
1318803221676651123,2,8.0
4468475217937014727,2,4.0
7357159356298966203,2,2.0
231832738902323626,2,2.0
637542596218397605,2,4.0
10425554407730958111,2,7.0
9490322935686643304,2,2.0
2541189806131920071,2,2.0
3646216355743224312,2,48.0
147690662472829427,2,6.0
1994595952662685197,2,7.0
14620330156678724408,2,8.0
698971931740754594,2,6.0
13179664878981058192,2,22.0
13204593694626755155,2,3.0
6308212570248293612,2,2.0
894035238330803041,2,2.0
5342682593041904370,2,5.0
17867077599467759444,2,13.0
5428223137698481928,2,2.0
17758728978908601665,2,13.0
12349047379372360135,2,26.0
1491205786509535116,2,7.0
16913948729051397376,2,2.0
1052779653748693959,2,2.0
14889366083556923821,2,2.0
12091438434077986226,2,2.0
10844343386853506402,2,2.0
17614726556787895422,2,3.0
11068052796814200690,2,8.0
13098823184099763770,2,4.0
13702548714841980470,2,3.0
11911581260958140441,2,8.0
9081622870372388696,2,6.0
6401247834183511274,2,2.0
7285447265118858304,2,5.0
5298154042020571492,2,2.0
15900920852118053907,2,2.0
8331959068155886621,2,2.0
13874790386661610327,2,2.0
3642211320426659102,2,2.0
16070251817558652031,2,2.0
8116428397229888115,2,2.0
2188273294323195675,2,2.0
8432635857730702469,2,2.0
5162480113398366833,2,2.0
4822773500557874305,2,2.0
6021594082082126741,2,4.0
15697786952849179001,2,3.0
16056673166788349534,2,2.0
160500212606053675,2,2.0
7212193903131084067,2,2.0
2054395617931280353,2,22.0
8507372878316772624,2,2.0
8551492856901131334,2,3.0
4372652228865272745,2,10.0
7726856616824349568,2,2.0
2862156330493823758,2,6.0
15703931797147880023,2,6.0
12852748180807260820,2,5.0
14726802696537284902,2,2.0
15143732168752544783,2,2.0
12802309675701987542,2,21.0
11780874343239860305,2,2.0
10106200317192733396,2,4.0
2137724312745248127,2,2.0
12066099129051105011,2,2.0
14118771122316164760,2,2.0
5092140696635589575,2,45.0
13581739951584322495,2,3.0
288765572897348915,2,2.0
14418314303026573486,2,5.0
17773689291532999903,2,35.0
6772261383875352790,2,8.0
16503139523614708506,2,2.0
684450571977903782,2,2.0
1955019106962497338,2,2.0
4406674280081701937,2,3.0
2727632906897564305,2,6.0
2984632971674612320,2,7.0
12088447772097184297,2,3.0
11184206224645557790,2,2.0
4358748057274295639,2,6.0
15003519864271266765,2,10.0
18317979298912394812,2,30.0
4549790629616843398,2,2.0
8779333753356055925,2,6.0
9483448036300688620,2,4.0
16107398642035338268,2,3.0
16983356252121591289,2,2.0
7231915518192517251,2,9.0
13883375028303803464,2,2.0
2504935654757065978,2,12.0
4657243891438107273,2,2.0
10364751486499206213,2,2.0
4055373329903802154,2,3.0
11459652289715245272,2,3.0
6621442566279755529,2,23.0
10713874301962695653,2,2.0
1278776577316353550,2,5.0
15175004859378975385,2,4.0
4818843700888316349,2,2.0
137311933235633911,2,2.0
1133889997345634870,2,2.0
9597643173294781809,2,8.0
9079593399608370661,2,2.0
8355398485394607290,2,2.0
12246731959071467436,2,2.0
3852046194157656187,2,5.0
10584455065009168018,2,10.0
3712187878669698928,2,2.0
1585846441652326351,2,2.0
5572189222024095358,2,8.0
10429391633177353820,2,3.0
18024290974021850135,2,32.0
12253809082221574609,2,2.0
1716313927191025189,2,3.0
12137767572460652066,2,15.0
4292803809209803904,2,3.0
849387219864965068,2,19.0
8066715947548638989,2,2.0
10707705561708006246,2,2.0
13093663570658691277,2,2.0
6622689517288310352,2,2.0
5955728507191306110,2,3.0
13875166427131371169,2,4.0
15042451106966065877,2,8.0
97963716125129436,2,2.0
2513433847184517636,2,7.0
6038082156929568146,2,6.0
174736827289472526,2,22.0
2023694220062445881,2,6.0
3029042962822823568,2,4.0
14460959367292270816,2,3.0
9879745563315894667,2,8.0
9921393873367648188,2,2.0
14336024562246173175,2,3.0
1134503324762913822,2,4.0
690308163673283082,2,2.0
1720044715378795835,2,2.0
15588368914186088924,2,35.0
7790147649269575893,2,6.0
5386335443084640390,2,14.0
1166326636794484460,2,2.0
12710194637435150352,2,2.0
2692397165485306990,2,2.0
17335088673857532370,2,3.0
6930104137884916233,2,2.0
12649643851639143163,2,4.0
14594108724094319707,2,2.0
12447930307576703719,2,2.0
13532474815802831116,2,3.0
6475220150358915124,2,3.0
13488293568295775479,2,2.0
1858677322987452801,2,3.0
6513147286926189095,2,5.0
11340719473478676774,2,2.0
14141418428834687407,2,3.0
17382680254214816032,2,3.0
4714778534029875172,2,2.0
2805623942736461345,2,3.0
8252999693914916770,2,33.0
6811419353623162505,2,18.0
2481564941561240461,2,2.0
12559123153261930972,2,2.0
3642573836430247937,2,2.0
12635048935777098279,2,2.0
12854761636484189052,2,3.0
1341597101418075905,2,27.0
15418757546344733816,2,2.0
15352082849398599676,2,35.0
14266591500943739728,2,2.0
5022113269639392870,2,3.0
8968059018380235202,2,2.0
11208833092869404864,2,3.0
7012914393476246054,2,7.0
15858856911374527751,2,4.0
4750405233205672083,2,4.0
9600110743301037590,2,7.0
13211376376056687403,2,3.0
6204452876573763394,2,6.0
15344451907084713845,2,2.0
15867630820877357274,2,8.0
7329143682169582201,2,4.0
17428306673843793568,2,2.0
218218903733125736,2,19.0
7420350216492290338,2,4.0
2575126964686272030,2,4.0
3745875536521340088,2,6.0
10197803559848546558,2,30.0
17557889350285265959,2,2.0
4548409817905404665,2,8.0
586440485624589727,2,2.0
5889312413645259328,2,2.0
4946039729944588792,2,2.0
14137315572992072110,2,2.0
2393579420724575513,2,2.0
14147265253849004655,2,9.0
5196981349477555068,2,4.0
14722410914305962641,2,6.0
1240269563339257267,2,10.0
11072226327210441171,2,10.0
3011767829027539111,2,18.0
13339581108538851655,2,2.0
431502134006634810,2,10.0
10832531016384541887,2,5.0
2137952431959880629,2,3.0
13460636013663835191,2,3.0
13450597534389527213,2,16.0
3337308942879974887,2,15.0
17925191184975257223,2,2.0
7119965623362319034,2,2.0
16489020418369134382,2,4.0
15607759742236490252,2,28.0
843584089767454590,2,2.0
4527651110662213004,2,2.0
1611296128744466588,2,3.0
2327403370684525483,2,4.0
4771899308898001624,2,5.0
12597848881566273757,2,6.0
12351522566253409,2,4.0
11527387101058714786,2,7.0
7749020015281319678,2,3.0
8487895974803587205,2,10.0
9316362511478440432,2,6585.0
17731542994226300332,2,2.0
15754110918655763350,2,11.0
8130008797667142650,2,4.0
7940622464254776473,2,2.0
3558205281678627495,2,7.0
15004377670392657994,2,2.0
14046319747320996926,2,30.0
12619101113480718285,2,5.0
3842856077500673471,2,2.0
8178993446335943516,2,9.0
12784519114311781821,2,2.0
14441340508869467572,2,7.0
14679231599455427477,2,14.0
3562913957249744652,2,2.0
13209406521351330278,2,29.0
6292053019974715383,2,2.0
9300028289779564003,2,5.0
5909325191621125088,2,2.0
12251986126042318717,2,3.0
14715571989897859185,2,2.0
6820218641035530844,2,35.0
12986879590274547345,2,2.0
15897685877407423472,2,23.0
11852716927427056862,2,4.0
8241837498824350617,2,4.0
13859136955093249714,2,2.0
10072214751899686278,2,2.0
2911800686574456329,2,9.0
13038572327512511721,2,34.0
7813890003447519761,2,2.0
2474997383694654435,2,2.0
16306154472259607035,2,2.0
13481420164993090899,2,8.0
7660919176105890937,2,32.0
14127158717403599297,2,4.0
2850160818476528585,2,3.0
5485897235830232850,2,2.0
3605580303789151452,2,8.0
4673151119817136811,2,5.0
11714136448647418700,2,4.0
11261342532962018259,2,9.0
12816025016948069117,2,6.0
8055208290309798822,2,3.0
5497250080578691859,2,40.0
14624275114674937571,2,4.0
7605844370485995775,2,2.0
11152215015214726069,2,2.0
1057670066690879166,2,4.0
16424105489471502744,2,4.0
12483447630447293681,2,2.0
7059688472228893489,2,3.0
13108212712860587632,2,3.0
15101565575817779150,2,4.0
17008788898195190819,2,13.0
11280834865300957198,2,3.0
1479670404973922709,2,3.0
10124753269923031545,2,2.0
16768573196911309545,2,3.0
8147263095791543385,2,6.0
17452768510796157832,2,5.0
2407132086662814354,2,3.0
13254795996065128144,2,2.0
5655278772772684613,2,8.0
17748953789691171705,2,4.0
1136921273546533262,2,3.0
9201849273844853672,2,3.0
15793576712531040590,2,2.0
11834845249307537882,2,2.0
5484593209098753580,2,3.0
3561577346586255804,2,2.0
3598570795421758434,2,3.0
12284755324238842305,2,2.0
16710632837698595688,2,5.0
9942289649313769277,2,3.0
11057001976925706825,2,3.0
16564902401359614448,2,2.0
3676001820352155920,2,5.0
12981737847752091901,2,2.0
9650874125518989215,2,2.0
976880543384446982,2,2.0
7727424847239663583,2,3.0
947008407261382131,2,3.0
3504442624511317310,2,4.0
9451841605600002916,2,2.0
16235697027225870384,2,2.0
2893726441563143473,2,9.0
18087322187026718659,2,2.0
9738843524378903989,2,4.0
9719995838970842483,2,2.0
17500974536318943556,2,2.0
9402763848420663047,2,2.0
4783498516517235018,2,2.0
3327189355715841406,2,2.0
17771992764560388149,2,5.0
9096955565814501723,2,3.0
9773430722489574452,2,33.0
18195514215595014753,2,3.0
12066484189202379165,2,36.0
8234697280217869618,2,4.0
13484420601693326715,2,4.0
1859334898209908181,2,2.0
10928266620041570470,2,33.0
466524053923945143,2,5.0
5212327573485393740,2,8.0
13166221570081288966,2,2.0
3813142510453112082,2,2.0
12194063772886321686,2,2.0
12193014321535558710,2,4.0
2800028703134833883,2,5.0
3229999795631331698,2,3.0
11939824064667027931,2,33.0
16385813871477852410,2,4.0
9398179377536459571,2,2.0
12884908230118811791,2,3.0
13059726201837924832,2,2.0
5077615975945184058,2,2.0
12623223995920893201,2,2.0
8325649533370247382,2,2.0
10836940944502734220,2,2.0
7485340102780505856,2,3.0
3748929849795768775,2,38.0
2636870547802191799,2,2.0
11325851977273474685,2,2.0
17780513805197002015,2,2.0
16787120272584007420,2,2.0
11576365629834681466,2,3.0
8308808580097057777,2,2.0
3247824244769325414,2,12.0
12367484771782048170,2,2.0
5193257153894537113,2,2.0
11344507785299190769,2,2.0
7974343289606709300,2,17.0
10449993785150327108,2,3.0
9355431222716247772,2,8.0
13188723066386711451,2,8.0
8224994977159404113,2,2.0
7586329670349370197,2,7.0
3402991968942910938,2,2.0
16983827954042544448,2,35.0
1062404431515451149,2,17.0
11193379883426768180,2,3.0
13023379849480800734,2,6.0
16635661268218735410,2,10.0
5965284434341976906,2,2.0
10323278477142321737,2,2.0
10109649945732364702,2,3.0
13236204510197293427,2,2.0
5066915846351519161,2,2.0
15737776354515567551,2,4.0
2062938046830518638,2,5.0
11687414514494571511,2,6.0
270634560538209266,2,12.0
12946911916322892334,2,10.0
10578935786410799239,2,2.0
7591836626589595580,2,33.0
7204415568759533226,2,41.0
15773952963553182523,2,7.0
17256594437632278118,2,24.0
8296605787989464563,2,2.0
8620557912894045342,2,3.0
16430355712466603126,2,4.0
6099594034065246849,2,5.0
2097407732843300367,2,2.0
2512135439858236981,2,6.0
14343347873029597470,2,6.0
16556691387253066961,2,4.0
7067792054310250758,2,5.0
15640978936940233692,2,12.0
6885979306833257230,2,2.0
14666943154406367436,2,8.0
8519915820044612275,2,5.0
10514030987780439923,2,3.0
17295331739920480127,2,2.0
11553392441268973296,2,8.0
16505963693329557511,2,5.0
10911262013345261716,2,8.0
6863551772461149490,2,2.0
15681508075394579299,2,2.0
16939657591910173386,2,10.0
15954414292836362530,2,7.0
11391388294326263966,2,3.0
5250710319770560982,2,26.0
10394731981552415989,2,2.0
13187241671216195752,2,2.0
13196662789934807894,2,2.0
10787731384307444662,2,5.0
2107031166646954922,2,19.0
17589040967195481533,2,7.0
14509492368941701820,2,5.0
17099438019832813382,2,2.0
5427983223486118309,2,38.0
10669907035231428086,2,2.0
18291212663687236499,2,2.0
14660382415254990578,2,3.0
9247229540843108803,2,2.0
9721424882079760285,2,25.0
13094465314116497313,2,50.0
4547324655060135963,2,2.0
17547675529175640808,2,3.0
17853025314793296844,2,84.0
596314929964758185,2,3.0
17993315350714023386,2,6.0
12953902252961374205,2,4.0
11533118625330872306,2,10.0
5041759843114372793,2,2.0
1688172484084331422,2,2.0
6645705998741440181,2,2.0
40347322703412358,2,3.0
1337518172929669441,2,2.0
377023128312756192,2,24.0
17853810940604715194,2,2.0
8815962138069943305,2,31.0
13118863034034110347,2,5.0
12613508527308631110,2,2.0
15342937098817735619,2,18.0
7679369170572300305,2,3.0
2683925662907647830,2,9.0
5583954439313737364,2,2.0
555664105261815851,2,21.0
4053581278224355758,2,2.0
12332953514360247255,2,2.0
7553670167575933265,2,2.0
14871869623928012863,2,3.0
17956714317574961126,2,8.0
13362990683426254653,2,6.0
16828930660526784215,2,9.0
15947125048216953087,2,3.0
9037773874755099378,2,21.0
9784713017260604740,2,2.0
3614651328494768856,2,3.0
9302948718940531711,2,2.0
18018539157415474289,2,15.0
18103577658962343420,2,22.0
1954285079735030978,2,9.0
5456253003855382498,2,2.0
17693046802067284315,2,5.0
10758543137766834325,2,2.0
15735016380466944752,2,6.0
5831261596391736751,2,3.0
15621150102119628661,2,2.0
15460256672103105806,2,2.0
1222031259603999091,2,2.0
16985077145850791602,2,4.0
9460803893449931233,2,2.0
6188429580098836802,2,41.0
6572019036117028296,2,2.0
1339389218257784441,2,8.0
8075031008159508061,2,2.0
13719465013652940072,2,6.0
10677436949120749259,2,32.0
268853013990446809,2,5.0
18084685715314182313,2,9.0
1795481556618880876,2,2.0
8500876124127976583,2,3.0
88576314486071657,2,2.0
477455252355004946,2,6.0
9038624483011223059,2,2.0
13508128648131977833,2,4.0
15226236894772648069,2,12.0
5528262533529643260,2,21.0
1825032984706586648,2,3.0
15054295424290365141,2,2.0
7011921528329510892,2,2.0
14099957003391481887,2,2.0
17817928321349479420,2,2.0
9087331067500221065,2,4.0
9491482959756347820,2,14.0
13142154545516537530,2,4.0
14733201245487478193,2,3.0
1958487983219094704,2,5.0
3807780432998245859,2,6.0
18088741397281699920,2,7.0
7728957996254861663,2,8.0
3831445798222838349,2,11.0
5832979947716643327,2,10.0
7424414436035391176,2,2.0
14151756582069187819,2,4.0
15275485973659212831,2,3.0
5683354682545383577,2,3.0
3038455058034155900,2,5.0
16997936497422231114,2,3.0
10774831219270239033,2,29.0
13224516101224179965,2,31.0
10876265537876230185,2,2.0
16161451154337937467,2,6.0
11041358042802440,2,2.0
11646810753167891325,2,16.0
17853154314981951336,2,3.0
10612790338265399648,2,2.0
16007681832209789681,2,4.0
7845191916622911703,2,2.0
10994527307025318949,2,5.0
5585733536678237467,2,2.0
17143453145219693834,2,48.0
10635923106728665527,2,2.0
1663435949846674817,2,30.0
14837691103634241119,2,2.0
9277313566469271683,2,2.0
7654822190799745118,2,22.0
12981079489129699177,2,2.0
16946016959500528846,2,2.0
9457057553742529578,2,4.0
5814991685776463530,2,3.0
7593033869167389270,2,35.0
4481395356152938431,2,2.0
15174842601078560124,2,3.0
243075186932446302,2,3.0
15526934066173055543,2,8.0
12203506232461265656,2,2.0
8306872337114428947,2,4.0
15571749730622800067,2,2.0
11461714239826566170,2,3.0
12240450879655874044,2,34.0
14936856518467378710,2,2.0
1446465672237322903,2,7.0
9732659120087447051,2,3.0
3889688434637369328,2,17.0
17591162553432103498,2,5.0
9347560724091298022,2,18.0
11708462703186895751,2,2.0
13072689271867039002,2,5.0
17800132681701160936,2,2.0
11535114788196223202,2,25.0
13536875654769452347,2,2.0
5601833147961175529,2,3.0
15305265314145209005,2,2.0
893546525946758558,2,8.0
14575268434619146668,2,6.0
1155323402037719970,2,4.0
14025918909376752571,2,5.0
17226773593150814551,2,9.0
10015896506380502711,2,3.0
12160239371363287209,2,11.0
9248222736397327337,2,2.0
3873977573845390087,2,2.0
17128611525519965952,2,3.0
8078396658241952399,2,6.0
4061950057559096181,2,3.0
7489751770276830495,2,40.0
14155479431740952075,2,4.0
15437766360581323856,2,3.0
10309666833002193519,2,7.0
8012724810893629439,2,13.0
17772341845852711542,2,20.0
4203733579537710589,2,4.0
17148334412885429914,2,2.0
16633080413077495830,2,8.0
13540675151111749185,2,13.0
18308249776802871462,2,2.0
12180828459166130995,2,2.0
12511688895351496675,2,3.0
17310790231050350724,2,3.0
3171693803615749025,2,3.0
9371516698680792196,2,50.0
16343444048479144522,2,27.0
5831524880059539073,2,6.0
5223692060114166616,2,2.0
297684049622871509,2,2.0
13114679748495341098,2,2.0
15715993720848051977,2,2.0
5687595023399897840,2,15.0
18225728968497865437,2,2.0
12477039969080565193,2,77.0
5346012279933443856,2,2.0
12903582573931102318,2,2.0
3796514001221579175,2,2.0
371024945927508638,2,3.0
7166706277988001945,2,2.0
5126828384187337626,2,31.0
4214509131122875967,2,11.0
9743074736043973845,2,4.0
17225532954037187017,2,5.0
1596001113636541956,2,3.0
10702919257599086595,2,2.0
16938310186895098925,2,2.0
18140489578360421623,2,4.0
6144139599577389425,2,5.0
17913850294161480739,2,2.0
6123274831537393404,2,4.0
6956954747173257347,2,3.0
7626376509423561627,2,9.0
15269354664000130218,2,34.0
13028157693457143118,2,11.0
11351694324053749640,2,2.0
13146306034370506362,2,13.0
6424650828721789601,2,2.0
12766527610831652173,2,2.0
667575881421088810,2,2.0
786475137837778667,2,11.0
2896912435809949140,2,3.0
17117452594334803031,2,2.0
15516117703388289448,2,2.0
14533731968080066418,2,2.0
15139766253593219104,2,5.0
2452344757552837516,2,3.0
10202782113849223001,2,5.0
8282344849311993269,2,4.0
14021901892704662864,2,2.0
15385611078339109378,2,2.0
11163273795089022167,2,2.0
10134484314025843076,2,2.0
11115344156144705308,2,21.0
10962286679826595550,2,2.0
6286235116095463049,2,5.0
14593421947162287600,2,5.0
3845351589548706019,2,13.0
12309549895485100305,2,3.0
3155633903176947310,2,4.0
5005221554139144979,2,2.0
16086186920351104387,2,8.0
14606201635812355607,2,2.0
5625315293418099837,2,79.0
3784829479389058069,2,3.0
10434644042806115057,2,2.0
5681891490439397156,2,2.0
667445716448147161,2,2.0
17723071018227002666,2,3.0
10014806551307554996,2,2.0
10666363419816768680,2,5.0
15968436791975296820,2,3.0
2699163735339628049,2,2.0
17544822046688128492,2,2.0
12008111115403929046,2,3.0
11779842867161170861,2,6.0
12536698068268454518,2,3.0
17955855647014165992,2,2.0
17701538179009958348,2,51.0
213717644144255427,2,2.0
15904048014321162810,2,2.0
16120361244423071406,2,9.0
6624215904127404089,2,27.0
6776720792463807586,2,2.0
14470479801978751878,2,2.0
8467543211461696001,2,2.0
1940277707711622542,2,2.0
11484512429937667534,2,7.0
10643651879032593474,2,4.0
7612321196027891913,2,3.0
16251174480970617584,2,2.0
1334721414061557080,2,5.0
16673913438104243069,2,2.0
16102258846289567255,2,3.0
6371651775335508335,2,3.0
16650091628267082096,2,3.0
15861152722428597737,2,2.0
14073403229337116082,2,5.0
15781856715198896954,2,2.0
1693125891524098159,2,8.0
11641463287949823459,2,5.0
18183765708543765692,2,2.0
3362706101175463734,2,3.0
14616873774305375323,2,2.0
8190806957163354921,2,2.0
13645658022511392390,2,2.0
13584158906396806673,2,4.0
8873761655350073288,2,16.0
2952527546211041254,2,5.0
3258843040397452895,2,2.0
6009498835995852503,2,5.0
17457809932873725952,2,6.0
5274778932989505779,2,33.0
3003073149359722825,2,2.0
13528903980452628338,2,74.0
2711480448706996059,2,22.0
4454999213764636914,2,3.0
5041078241788171506,2,6.0
14073775293004891336,2,28.0
4280113022951733193,2,7.0
17674247209268223122,2,13.0
12889695758790507329,2,10.0
6067634486916508420,2,17.0
15918286201349352736,2,3.0
15195499647523167860,2,2.0
3555018297826468112,2,2.0
9538088744115019558,2,4.0
17178046005952967796,2,3.0
9631262746257470087,2,8.0
2735526774281867394,2,2.0
12303105998604013445,2,2.0
12972150772020425590,2,36.0
4718743157720631673,2,4.0
10437654363986374400,2,3.0
10982982221623420835,2,2.0
13376172712694151649,2,3.0
4495915626416606562,2,2.0
1588744033646423851,2,38.0
4085448956884505803,2,3.0
7607055768060502976,2,8.0
17366626512866749365,2,2.0
9375896933066981175,2,18.0
3638912995812066540,2,2.0
17616080568317809885,2,2.0
11927984336500440417,2,10.0
13655758045933755856,2,2.0
2309034588666451145,2,6.0
15371411975149565968,2,2.0
12823659466401015412,2,2.0
18323541447625253499,2,3.0
16405141346499553199,2,33.0
7458321404974655083,2,3.0
8304835427527773146,2,2.0
16004019672900988628,2,6.0
5584150322801242279,2,8.0
12858447197060395413,2,2.0
16402072033816070912,2,4.0
2931509708559254994,2,2.0
18112192215184213894,2,14.0
5473110921343543640,2,2.0
4575535765393429906,2,2.0
3963765218979859993,2,17.0
12263315771647311650,2,4.0
14775447910366162736,2,2.0
11614028257724225581,2,3.0
1053199273545982184,2,4.0
17436843603877741921,2,3.0
8995601131801477974,2,2.0
9044906647759508740,2,7.0
18144834278862609878,2,17.0
6477991099560445021,2,2.0
4298916450713734179,2,3.0
7724190044457850054,2,8.0
1313007503126875229,2,2.0
6337653764707239748,2,4.0
15039878379249817467,2,9.0
12299276250445015139,2,2.0
11632803429676638333,2,2.0
12662720280629369516,2,3.0
8135315624819608704,2,2.0
8002481513272274936,2,5.0
8090421124748029992,2,6.0
13068478911096643891,2,3.0
16669264849290358833,2,2.0
5729631177087440681,2,2.0
12572563702129707008,2,7.0
13536510828383155625,2,69.0
8671606743687493696,2,8.0
11439160640677371418,2,11.0
15711701404598555640,2,2.0
3759874672937107555,2,2.0
2504466742305719415,2,10.0
2338699844242770924,2,16.0
9374690903677884102,2,2.0
7047674065600810337,2,2.0
10839367615706385204,2,4.0
7914708411222154658,2,2.0
5956907450359641264,2,2.0
11456561157251130882,2,2.0
13878598127353471589,2,3.0
15006988919277823232,2,3.0
13241412030505658226,2,13.0
18341717025067338861,2,4.0
16079258259893513871,2,83.0
2580402440196493978,2,6.0
17318605512093148010,2,3.0
348735410172810183,2,2.0
5066079842025110234,2,64.0
15723854577835089407,2,37.0
847803350181844529,2,2.0
18192708516617044959,2,2.0
5512738537437099013,2,2.0
565032635350820261,2,4.0
1626326146568274126,2,4.0
15787500941818057516,2,2.0
15354633990643313278,2,2.0
15592671305499377990,2,2.0
5329030669186281539,2,2.0
8955001936587520620,2,2.0
2471162458277272558,2,3.0
1288694492220883198,2,2.0
10146160484665668382,2,3.0
14779601882885627229,2,3.0
15823405932362348209,2,18.0
13823252440625468541,2,3.0
9211385300823972032,2,4.0
7818570646207859113,2,4.0
10841053221379118196,2,4.0
14586473645051785330,2,2.0
26917394098020598,2,5.0
6724314407587573914,2,2.0
118194123949240350,2,12.0
7887590818429705600,2,9.0
8062236274828092771,2,7.0
4572218796262051047,2,7.0
7502091523234351499,2,13.0
1937058106607995284,2,2.0
3656147214807176661,2,3.0
4366359791025023818,2,2.0
569296679770287785,2,4.0
17040467882147536837,2,2.0
13592254138524634175,2,2.0
9082942832201493341,2,7.0
10627110099199415745,2,2.0
11141839407337800379,2,2.0
11248224854578380207,2,2.0
17217370705707490527,2,2.0
13124253300619832537,2,2.0
14023660226434363026,2,2.0
16545681346740742565,2,22.0
12139697991763290836,2,4.0
15957613533297222662,2,2.0
5842254809389919647,2,11.0
12169700051407796306,2,2.0
10984157032330007756,2,2.0
15739163425706627647,2,4.0
9859974866423608757,2,12.0
4359770312946505128,2,19.0
1885071466245572673,2,7.0
17745092434938510584,2,2.0
8784832158087776763,2,6.0
11219911576513243924,2,7.0
8783929100659082172,2,2.0
7036592490990322812,2,2.0
4710115978554618427,2,21.0
3016543294415197170,2,5.0
6907990775643556796,2,4.0
16395739531476926811,2,10.0
12183008396391582018,2,6.0
325584375677088708,2,2.0
14800785123380123762,2,30.0
3347115266669004378,2,2.0
18028142354339136401,2,6.0
10604926970752547924,2,6.0
15223784163483257982,2,2.0
2726914045245607621,2,4.0
9213460914009049689,2,2.0
2055362837723829878,2,7.0
14771147048348528211,2,6.0
767109680608042015,2,32.0
11711898765924473156,2,3.0
17447863348900680354,2,2.0
5033254877251667846,2,7.0
9906185213876855134,2,6.0
2885273789134985366,2,2.0
2601376021502528634,2,5.0
10335567372668482899,2,3.0
7307638422796175490,2,2.0
2110393863728692284,2,8.0
8452606488545498455,2,2.0
17984625305093226222,2,4.0
6493013435668327678,2,5.0
7882440366085215022,2,14.0
11670819108174783872,2,3.0
2919173575559674966,2,27.0
13632514845298916393,2,2.0
1925631872924322315,2,2.0
15794189933793194750,2,91.0
8186751750433070622,2,6.0
18040223384381328051,2,4.0
7469156036260224895,2,7.0
10209632569016376157,2,3.0
14015656027620877764,2,34.0
7314176357166335994,2,2.0
8916544384760761080,2,2.0
14557285002657407109,2,16.0
5277394630932338595,2,33.0
1229048165669321406,2,2.0
9310919506844972961,2,16.0
12641891182674328089,2,6.0
7461328253988297371,2,28.0
3282940021013058404,2,2.0
16900784230159967040,2,2.0
15505683902006412543,2,3.0
6536461183740484659,2,5.0
5708278404264114347,2,2.0
9865820044364643418,2,4.0
1943299179506994569,2,35.0
14514477701586398381,2,38.0
15507764119972189486,2,2.0
519747750568077023,2,3.0
6123464130853520639,2,2.0
16386506466447504546,2,4.0
6142381562733737351,2,4.0
2080404865066732632,2,5.0
10325142740813930242,2,2.0
2853203681828731383,2,3.0
11657102414045358288,2,2.0
12391120456113390851,2,2.0
16172899351376665193,2,3.0
16387830502692655949,2,3.0
16661469729580139532,2,3.0
6117761428619604040,2,3.0
7430969425526452731,2,3.0
7727111192297702337,2,26.0
3889828713238257420,2,4.0
1197880286040700291,2,2.0
8083789448845604291,2,8.0
13263752502771944588,2,2.0
6116279770790515749,2,5.0
3401253011537126869,2,6.0
4024826588299810540,2,2.0
6373534752430251976,2,14.0
16711113362388946460,2,2.0
3736774435181458115,2,2.0
9977272560594409633,2,2.0
1210357065149642689,2,3.0
14215017122614547697,2,2.0
2043081175378494028,2,33.0
9336094084247592615,2,3.0
3234305235923134730,2,2.0
3389396928840462655,2,2.0
3100560931894564157,2,4.0
14446967484945267714,2,2.0
10795992272337755785,2,3.0
4227767282690286628,2,10.0
10141642963355143230,2,4.0
15588618757579005006,2,3.0
2274175995822383862,2,2.0
17695441920196026553,2,3.0
3576341191847341979,2,6.0
8764162534583507142,2,4.0
14981397665152441755,2,4.0
15149745714092614026,2,3.0
3004345871997288681,2,11.0
12342386027817378682,2,3.0
5160984389758849037,2,4.0
13249595199920519693,2,3.0
17297870758058083521,2,2.0
10967103391678552334,2,4.0
16565879501288042233,2,28.0
1696394699114741728,2,4.0
9659764251445571394,2,8.0
14912565501238789362,2,32.0
14763436389449572395,2,28.0
5620369289954821203,2,4.0
5319556750812034840,2,2.0
15557406434254161139,2,4.0
1820781687040328689,2,34.0
10685331152136547991,2,6.0
10766826075762345267,2,8.0
5187274286817990009,2,28.0
5039316103604500717,2,4.0
4669043309772813369,2,2.0
448973504343910685,2,3.0
9995668340941003774,2,5.0
12007547538286956541,2,9.0
1217926659964939749,2,2.0
9992396670715166771,2,35.0
3858910773525549134,2,8.0
3705944220452781058,2,35.0
16907106148438115588,2,2.0
10765557310167551662,2,2.0
6232579214921351637,2,3.0
4420779703783814601,2,2.0
15968518840672471426,2,2.0
14221583379346223474,2,9.0
11006353844761951083,2,2.0
13201430228799564999,2,4.0
6947231762402519007,2,4.0
3198152666116577653,2,2.0
2006529055542734325,2,6.0
7108432832195270403,2,3.0
8413132778366483963,2,10.0
14537040324466679356,2,11.0
6298993870554358462,2,6.0
4874934502850009034,2,2.0
6331068677143432021,2,7.0
1294778180845605456,2,5.0
9127551293596282356,2,2.0
15069091795081172535,2,3.0
13509155699820626086,2,2.0
12687048511647288408,2,2.0
10508823283788669949,2,4.0
15799461218783612757,2,5.0
15790889417476381919,2,3.0
7442668799474022529,2,4.0
4437862823698055187,2,31.0
392585132889647857,2,4.0
7795801134118073080,2,2.0
4234447092791356537,2,2.0
16005835259934394359,2,13.0
13757793819920477529,2,2.0
2143194699673244290,2,3.0
14354465694289819876,2,2.0
15915195114644437069,2,2.0
16378504884858943009,2,2.0
5901637320484878626,2,4.0
16944080414936048210,2,5.0
16205604853662985278,2,3.0
9504617644119922538,2,5.0
17615335820418221696,2,21.0
6473858150089166709,2,2.0
5492910272067738483,2,4.0
8124777017559292740,2,2.0
14158449690012570259,2,3.0
11818837495932637120,2,28.0
3161320219724837230,2,6.0
6028200007717147696,2,2.0
18157995644247312788,2,6.0
3120242521648147218,2,2.0
9109855008898556264,2,3.0
5526006386073165686,2,6.0
6428735582693748593,2,32.0
3849582000986646275,2,3.0
15133757809565852334,2,9.0
619235462192171447,2,7.0
9788406159843471827,2,6.0
280172582086336734,2,3.0
1813123004037720553,2,4.0
12141953372494613255,2,4.0
10712001319457647412,2,4.0
11449379011063775825,2,2.0
7855843483283968646,2,3.0
18048592525144094778,2,2.0
7558447044376605365,2,9.0
440170000661958962,2,4.0
7654670542241609387,2,3.0
11979758591028240200,2,6.0
9558463173803255369,2,6.0
5414588729856080278,2,3.0
17870963721714205771,2,8.0
3145760926696744901,2,13.0
6685429909516194996,2,37.0
5417791634336334094,2,2.0
9513085200757905912,2,2.0
14143832741933433187,2,3.0
11309002947898653253,2,2.0
8888429165123583980,2,2.0
13537616808066866251,2,13.0
6143540317499015426,2,13.0
13354982889228349859,2,16.0
7504050443102428334,2,13.0
15728179434127287041,2,2.0
12833725082069471151,2,2.0
9477000007001444500,2,5.0
12154546504336018659,2,2.0
9580930994506696059,2,4.0
16900818328893012775,2,2.0
16016289929954837992,2,3.0
9705369180982413687,2,9.0
15582204134763294899,2,8.0
4985828382903644264,2,2.0
7316520111198422445,2,3.0
3897643927506449869,2,2.0
6885629635763875346,2,2.0
11240683389981191070,2,3.0
1606390316599106050,2,2.0
13923501924538196732,2,11.0
3571067749867400389,2,2.0
13155306444372843983,2,2.0
14002447317598907014,2,2.0
9663514994340062665,2,6.0
10578648410363515073,2,2.0
6795457766354362134,2,2.0
6473518197369803924,2,6.0
5205024751164881830,2,7.0
9052574119757221235,2,3.0
1858384158634596824,2,2.0
2381448697837170041,2,5.0
10916464686293793997,2,8.0
8409664676538849779,2,3.0
1919061354139100385,2,2.0
15869464055954533473,2,2.0
12350352208961130966,2,2.0
8414212686181927111,2,4.0
827171291668546333,2,6.0
2550481826115105947,2,2.0
4061227004512738934,2,8.0
11049924099643008659,2,4.0
8446630723899182353,2,5.0
14362593889455859022,2,4.0
9374298531546257689,2,3.0
7249349957022917591,2,4.0
8616306260954362447,2,10.0
17623860648486427541,2,3.0
443885552844218264,2,2.0
4468432248236028967,2,12.0
12499524653229053822,2,2.0
9970493580613191274,2,7.0
5850345402939148474,2,2.0
17578550153322137955,2,9.0
3856564868768000678,2,15.0
13803187420970888077,2,7.0
139394321539931666,2,4.0
13845255466073199224,2,16.0
13123837851118684183,2,3.0
6930345636337207941,2,2.0
3552337040852770238,2,2.0
18421767280905295281,2,10.0
16750911605552172831,2,2.0
10009449332552529363,2,42.0
9034201427552081157,2,2.0
9368067121514796252,2,2.0
3286213267313829571,2,28.0
4992941135798733584,2,17.0
1805295541198799475,2,2.0
1460846422272092283,2,2.0
3832026502636100282,2,3.0
1675398656491421467,2,3.0
4173952193499952538,2,2.0
12739871925940801977,2,10.0
15137887612429897162,2,4.0
17003949996766811774,2,2.0
9826593205502181228,2,33.0
15267352127408115614,2,3.0
9412613089896874496,2,4.0
12706036424219445637,2,9.0
7946718817261015336,2,4.0
15527891654212528107,2,5.0
3097728791322967057,2,3.0
10050480755928852540,2,2.0
16213967028885855084,2,3.0
4795639316202347274,2,2.0
7081342693515370463,2,4.0
15121684289779199178,2,4.0
15804919905905255333,2,7.0
9676444018323864306,2,2.0
9041212072711589208,2,2.0
7242470026504896179,2,4.0
6302111287148171329,2,2.0
9055543393000821354,2,3.0
7188185349460734509,2,5.0
18242707859892289151,2,4.0
15323023582776382208,2,5.0
10564077869104677486,2,13.0
16125200305006440031,2,2.0
5138353728997901872,2,20.0
16258105413457946764,2,5.0
13228975697338944623,2,5.0
13421444893339896686,2,3.0
2830624677335231846,2,7.0
3689522072816256142,2,3.0
16520952023579059069,2,2.0
7770275780342718709,2,5.0
5148243207128796704,2,2.0
7091977443366010497,2,2.0
2004106375711942683,2,2.0
14102637945636936403,2,3.0
18402699484581175112,2,2.0
7380023875073353872,2,2.0
5074740912247204930,2,8.0
6014236343314450634,2,2.0
16723554956361436273,2,6.0
2692848626011712549,2,2.0
7673999944096310205,2,3.0
18135041961334538935,2,16.0
5782742341659101467,2,3.0
8103341224525603722,2,2.0
12761073596583819782,2,12.0
9343850365186711053,2,6.0
8832866790340525154,2,2.0
11793333865344678634,2,2.0
16497179510423332176,2,2.0
13990517147550693482,2,5.0
1542665145435557490,2,3.0
320709335174096758,2,3.0
11696712988531826501,2,6.0
9042506363139225581,2,2.0
374482653871658942,2,3.0
15215567108634326274,2,11.0
3823992149711626177,2,3.0
9405723939732011319,2,5.0
11701766116139150753,2,5.0
5726547644611955575,2,4.0
977825008812987831,2,3.0
913672331759921202,2,2.0
15673514311378010493,2,3.0
1287609814105453248,2,3.0
7241960183767710751,2,2.0
8357400041522621215,2,2.0
7826687261379430342,2,2.0
11521554963264723715,2,2.0
14975813946061876074,2,6.0
4709452772831434714,2,3.0
9678318593477760339,2,2.0
5749870311108689074,2,2.0
8373513596153271042,2,4.0
14811639177307301105,2,4.0
8796152716928755325,2,8.0
1811249502335273112,2,73.0
18400118930961910649,2,8.0
9809862753082078913,2,14.0
1221086393019176906,2,9.0
4533287133771743399,2,3.0
7043573163841801411,2,2.0
4552501694037288037,2,2.0
6205146682471328390,2,4.0
14731639706664669329,2,4.0
4765243985677580428,2,9.0
17987022266750499178,2,2.0
1268073023398872412,2,41.0
18012288019349108920,2,2.0
11035851851320400778,2,4.0
3732521588784246619,2,3.0
18354229642841345804,2,3.0
16820912627268833907,2,3.0
1753025636309910750,2,6.0
10815133433854104254,2,12.0
10020678724903688842,2,3.0
4008417214181532299,2,10.0
16353715637050661983,2,2.0
15521887301540852285,2,2.0
15242075607610206116,2,5.0
10778211964649704590,2,7.0
8797179401106343574,2,2.0
6350879557249255068,2,5.0
11712347342150110466,2,2.0
9307492460947713538,2,20.0
5741934752637288105,2,3.0
1271078557772602613,2,2.0
7315639407991396377,2,4.0
16856571249161064857,3,648.0
4909307179050110344,2,22.0
3037291261434736714,2,5.0
1088934136627995160,2,4.0
8664681763097524273,2,6.0
7520525590867404336,2,6.0
5672032864433681029,2,65.0
10652172744866712971,2,5.0
15602765508647001713,2,2.0
5533246820873697268,2,4.0
1158141868253217460,2,4.0
659794717319592613,2,4.0
15856631415038524865,2,6.0
7691536823332387651,2,4.0
4587475808311352577,2,5.0
9791726530394315203,2,32.0
2481758742854296290,2,2.0
10533798937988333672,2,2.0
13155691622685898696,2,5.0
1432902011150947247,2,2.0
17988801469875552373,2,2.0
9997140126671352177,2,3.0
12916328162728107992,2,3.0
9677963143580515448,2,2.0
8559722363042377742,2,3.0
12888545461439874404,2,3.0
1764659821088938541,2,2.0
11698461386547316277,2,2.0
8438968676941535338,2,31.0
2099770038579861662,2,2.0
14248511072838378616,2,3.0
5094751380757646411,2,32.0
9140757028340793346,2,2.0
6665884564677073464,2,4.0
5338211335545785399,2,2.0
7579722724930497274,2,2.0
15659293456384382327,2,2.0
5331831705605757329,2,2.0
12489019346927928028,2,8.0
11461524083526374580,2,9.0
10456184853655776642,2,4.0
2815326191148198092,2,3.0
10159758908015325471,2,2.0
17633829784265536539,2,4.0
10301887841635319006,2,5.0
17033341318250865045,2,4.0
15013170401327939962,2,9.0
2939223390506376028,2,2.0
1946354487864619753,2,2.0
7603860540720187965,2,5.0
6449100591036898252,2,3.0
3306038564095949745,2,4.0
2168626065236735270,2,2.0
14641837684753147863,2,7.0
4343459885634446234,2,6.0
484388930826685660,2,3.0
16751017450359412977,2,3.0
4391103245715489658,2,2.0
1670606679711917347,2,14.0
13001311274731095435,2,2.0
2305937283330543389,2,7.0
12319239663139125058,2,34.0
6977122239797221956,2,4.0
1842114389838259053,2,4.0
6522044170346919780,2,3.0
4070587462796877415,2,30.0
17845052163279317593,2,4.0
863722469772180712,2,2.0
17179334894269229168,2,3.0
4606570901428184174,2,2.0
7686240375230894092,2,9.0
10132554701582836863,2,3.0
9702862377308673509,2,10.0
6800241578629356929,2,40.0
7363939420238213384,2,4.0
4711064850778119842,2,2.0
13730825274138713527,2,2.0
16689771809265488279,2,5.0
4260358890314418465,2,3.0
4995725363960138667,2,7.0
7650812041814891536,2,31.0
10029461416577043264,2,2.0
4581292026705712759,2,2.0
2058264888742570259,2,4.0
10200016007668368754,2,3.0
7837248375486683308,2,6.0
13991168487308749262,2,2.0
17711710991088363324,2,2.0
829224504458325703,2,2.0
18257434648527399918,2,2.0
4903753807782481885,2,12.0
7279814135997009612,2,9.0
17560169185165446254,2,3.0
12202679556791566019,2,2.0
16721229226847612161,2,9.0
4505839431333809112,2,4.0
15866040556065754432,2,27.0
6685340711886243979,2,3.0
13290756746494558405,2,4.0
15442756933181227571,2,7.0
3418074477799159205,2,3.0
16576035433673475569,2,4.0
16956569633540893872,2,9.0
16559416942893721782,2,2.0
1991472468877021603,2,12.0
18421428089540029618,2,2.0
7079843392745354122,2,2.0
17634161113473052614,2,2.0
16435956404028760380,2,3.0
15023641241930110445,2,3.0
7993727575360544847,2,28.0
6203958640947797422,2,2.0
18004737832196360709,2,3.0
14376852065893463357,2,7.0
3069396777264724797,2,11.0
10119570782527830082,2,4.0
15312852200761860195,2,3.0
6552279418466564054,2,27.0
8293281472679834426,2,3.0
18185371202742174656,2,3.0
18200649317171455291,2,2.0
15268041176445966112,2,7.0
3898046997016127104,2,2.0
18272994846239046433,2,8.0
7743086351415567457,2,38.0
2673972129867383372,2,4.0
4033870981469542680,2,2.0
9356001287665830822,2,3.0
5319263567147343916,2,2.0
369168414047463251,2,2.0
1472887298470043373,2,6.0
8009345649179030318,2,7.0
18190518028627303265,2,2.0
3215243093827923372,2,28.0
7169890600245072338,2,2.0
4091527775165115576,2,17.0
13176558084401111082,2,9.0
1624189051947470661,2,3.0
12450674093716463313,2,10.0
18018953717158868520,2,5.0
11421254395967203304,2,24.0
5630172517837573668,2,14.0
13964101884026698711,2,2.0
8060335741999415846,2,2.0
14730553589557839646,2,3.0
10408087064860589665,2,6.0
10058842319251547213,2,7.0
17105963143637763747,2,3.0
10091511954724258421,2,3.0
10955000288539463729,2,2.0
9643722542700682648,2,2.0
12142786047701430095,2,2.0
5229679531254536658,2,5.0
17532391211436043315,2,3.0
18319147890793158964,2,37.0
5027936922945845456,2,4.0
10459605561886019277,2,3.0
3452352012542334425,2,2.0
13856707474423672818,2,5.0
4313866824553732693,2,3.0
14276699268755489435,2,5.0
8335686137420723568,2,2.0
8531861237046775125,2,2.0
16511981783389640042,2,3.0
3861331837549417751,2,2.0
2328048129764230283,2,4.0
2509747148231339442,2,16.0
8103412583407539955,2,5.0
412052119152513389,2,37.0
7943966368664021768,2,11.0
14028407990590748958,2,8.0
4256447830138307606,2,2.0
18073992071604861737,2,9.0
6753072104738976048,2,5.0
16925068229514347002,2,2.0
7152783701915110309,2,33.0
13609652624122870568,2,3.0
730986961248082771,2,4.0
16516424668922180502,2,7.0
5812249216871948564,2,2.0
4815467493955239691,2,2.0
6158384185675601238,2,6.0
7109557026471599301,2,3.0
14617878025168514734,2,6.0
18170199812679370969,2,2.0
8281316879714569099,2,4.0
11958845702150647161,2,3.0
8884301732564046708,2,2.0
17025500517802193915,2,13.0
7144344554262094041,2,4.0
9373589114362741860,2,7.0
3689133867079518973,2,2.0
966174880791398309,2,2.0
8456718698085844513,2,2.0
9620313170186241611,2,3.0
13716796306983113943,2,3.0
16720102774053454712,2,2.0
12977544316196268576,2,6.0
14637506099072824653,2,7.0
7322319158036568964,2,3.0
1677297546731946226,2,4.0
13925270990828066881,2,27.0
15026939561888171686,2,2.0
13088019500742080441,2,3.0
15633172198569888163,2,3.0
17536590978320974715,2,4.0
6289191214944888101,2,31.0
17638001934319226143,2,2.0
12850477431064724588,2,15.0
8740477595748889156,2,5.0
14919989681752832145,2,2.0
15074712663035335224,2,2.0
14190694783212481975,2,5.0
1905298080984460821,2,26.0
2106001708687288827,2,4.0
15810771525758424689,2,2.0
1283403543440158869,2,9.0
7039179357111167306,2,6.0
11398354695987622213,2,7.0
6523557297599270545,2,11.0
7433824254508998275,2,4.0
10753499848206124253,2,10.0
1929120286593957451,2,3.0
2588166483371754408,2,2.0
9310602208795369334,2,3.0
172841918514738799,2,4.0
2657623175507193228,2,3.0
18246595112948478676,2,32.0
10514210151986350802,2,32.0
2487806823748359948,2,2.0
1984861198636652745,2,2.0
14052625561554566897,2,32.0
14830602667259545374,2,4.0
330969607800087384,2,4.0
11615557647992355120,2,32.0
3800127212148647945,2,2.0
4848812958863358727,2,4.0
936777980506533742,2,17.0
14581975428665088316,2,2.0
11481712437269970884,2,6.0
7962730854795902870,2,2.0
6809081803169825486,2,6.0
7020874259382104468,2,3.0
11222016431058319006,2,7.0
2778463923208045516,2,11.0
9227003074361928969,2,9.0
6643038459976975685,2,10.0
9483288768615172027,2,19.0
15094735039505291286,2,2.0
5320391316155824581,2,12.0
12954963174016020774,2,45.0
1437774798000216754,2,2.0
13229310773848472341,2,22.0
14938370829585758336,2,8.0
18078841137629384012,2,3.0
11171180961861365648,2,2.0
686327810777855349,2,2.0
17374747507623441242,2,7.0
5141373067026074455,2,18.0
7417907104610281251,2,7.0
8441322019627830870,2,3.0
16987500280371864733,2,3.0
4397855213023419410,2,2.0
8247513128618718250,2,2.0
2555657988710087763,2,2.0
11762749181081656081,2,5.0
7199960940553685030,2,2.0
12434172153704320596,2,10.0
1618601022355440953,2,2.0
3588199501028969671,2,2.0
7829207849151497654,2,2.0
17003088435092062937,2,15.0
2919751385332577580,2,4.0
16762370908250966125,2,5.0
5748782937401915733,2,3.0
6643288705437406093,2,2.0
4626454307822839045,2,4.0
6491894684483649540,2,4.0
15551043576828491465,2,2.0
11791399503855249795,2,2.0
4216292006519074153,2,4.0
2383284416084869610,2,2.0
12356141286195906852,2,2.0
17049010966540886985,2,2.0
16067670167722189286,2,2.0
2649603428970212298,2,3.0
17495555044959546787,2,4.0
13677501727108205584,2,2.0
766072969822386578,2,2.0
11006061003007338500,2,5.0
5495143792222503944,2,3.0
14365605688900630945,2,2.0
15400568004308540973,2,2.0
6843514987077290380,2,29.0
7460315019818957767,2,6.0
6335803435680699562,2,2.0
8794893664043394448,2,2.0
14355336149028351384,2,34.0
7792445079947828249,2,24.0
12714809663244273298,2,16.0
12861909446517605019,2,4.0
9941215235213141651,2,37.0
155760456072716487,2,4.0
11783376211903697605,2,2.0
2301578994990029249,2,7.0
268509801141789511,2,8.0
3674167441650612089,2,8.0
126781560585470168,2,2.0
13757065001932019382,2,21.0
12800544417770129554,2,5.0
435150733420290972,2,37.0
15354973344216854480,2,3.0
2323179641784204457,2,26.0
18308907419071708925,2,3.0
7162645743015363044,2,11.0
14442992903748137563,2,2.0
16242854328883487345,2,2.0
18364713387869399339,2,3.0
7582551015928581820,2,17.0
13452369234349942843,2,2.0
16891344456542534576,2,2.0
15877282919874110018,2,13.0
2168171461039945618,2,3.0
11827074893004862403,2,31.0
8604679220365413377,2,6.0
1573531746235898680,2,4.0
12091474291845782489,2,2.0
3704953167013671029,2,5.0
11190932916236461724,2,3.0
8193101189226488425,2,9.0
531475231329818549,2,10.0
14026836346878851902,2,32.0
5278218198944041463,2,32.0
4859850958559001467,2,7.0
17747471995069239116,2,10.0
4099517869259252748,2,14.0
12201337909121392695,2,25.0
11868241979129318093,2,2.0
7032362636490911865,2,2.0
8921138267195131623,2,36.0
11970681876461572122,2,20.0
14594006998189816950,2,3.0
2535616650741405833,2,3.0
8481170468169449607,2,2.0
14261447713491394325,2,2.0
1749220054559443621,2,3.0
11901821729253064855,2,2.0
3758509444908482711,2,2.0
7008097313474119511,2,4.0
15738467143392869544,2,14.0
2890595918394767090,2,2.0
3310203988367130396,2,31.0
7344279022435881731,2,2.0
12490924058260286809,2,3.0
16698044673652664004,2,14.0
13161943793010419187,2,17.0
8162784393935329881,2,6.0
6083466956441908151,2,8.0
9634312592293319301,2,8.0
16798842320108247322,2,2.0
9985758502153623157,2,8.0
15998003444953910574,2,12.0
5283332248121334161,2,2.0
13553778540358257619,2,2.0
12240294937855220022,2,7.0
7619403063789951288,2,32.0
9521566875669188180,2,20.0
7216114856522629245,2,2.0
16677603622491277835,2,2.0
12422635785756997120,2,9.0
4444309576239475740,2,6.0
11660157210334076763,2,5.0
11909514040282825833,2,3.0
13723898585577389510,2,4.0
10479573216688460821,2,10.0
659159702391414518,2,37.0
16002876614159219095,2,3.0
6063615020745438153,2,6.0
1483472975309120309,2,6.0
15240567805541507603,2,2.0
8569629332517008068,2,3.0
6588977235392824718,2,2.0
15522611538474132870,2,3.0
2606244396818380413,2,2.0
3152813383284326888,2,8.0
8055058886342518448,2,8.0
3755260042298527405,2,2.0
12896444784357548814,2,2.0
4062667189667404357,2,2.0
3199195285991239365,2,35.0
5895317848468772514,2,33.0
16746106661496235955,2,3.0
2513057563616765907,2,5.0
10820198822231317582,2,4.0
10003650406473112951,2,3.0
7097773876485537351,2,3.0
2046958288268491100,2,2.0
5372366677141701893,2,2.0
9665009423553313068,2,9.0
7195429416106901352,2,38.0
888124742265053256,2,2.0
11826827382410894837,2,3.0
13552322009577190122,2,25.0
16460504504361553004,2,2.0
7191595859413978730,2,2.0
13538284207769943707,2,14.0
13071789384397031554,2,2.0
10645913842800266207,2,4.0
17556649037003335345,2,2.0
14037434386283542719,2,2.0
12758280039374616306,2,2.0
14899966548877129802,2,6.0
15636492386600995756,2,2.0
7941354987371195517,2,2.0
6333397414254533560,2,3.0
13609383734513205562,2,7.0
13167144065245167495,2,2.0
12477340689319348787,2,2.0
14875183539111114989,2,13.0
11994440051135251045,2,3.0
9066936950667778889,2,4.0
9041976181898685877,2,2.0
1028744676943137494,2,3.0
18042148060091453978,2,2.0
8183719632030776355,2,31.0
8855092042555338916,2,3.0
11000109050190791149,2,3.0
17579811832012805487,2,35.0
7157288345622285065,2,6.0
4993942153448978422,2,8.0
16677924490857875258,2,5.0
9705352231243627826,2,2.0
2759996382767270288,2,9.0
18293392792632414845,2,44.0
6863349295541131838,2,4.0
5926515833810613343,2,2.0
12524778082896519958,2,92.0
2672951188437811527,2,2.0
14723051857700840881,2,3.0
9183778032994383410,2,2.0
1191774457821903152,2,5.0
11612344013968044301,2,3.0
16513729779110779191,2,8.0
419123387623423117,2,2.0
5969945346379269083,2,6.0
2379672450911541376,2,2.0
9402208452901664360,2,20.0
1153223553788860573,2,11.0
5287499848619794603,2,19.0
2128268066527020867,2,5.0
11772691103470549114,2,2.0
15602993839435103196,2,2.0
10669290620584316086,2,2.0
16850734674429920965,2,2.0
5380983159117536517,2,2.0
6787364239054137946,2,10.0
18013447426965791789,2,2.0
12918997311747084346,2,6.0
12690581106061462749,2,2.0
12126478677325150811,2,4.0
11537516488787004195,2,2.0
4630375074129865940,2,2.0
18135566050939788140,2,4.0
12895043065981073338,2,4.0
5371126430755852574,2,2.0
15727293440527037540,2,5.0
225676255151837212,2,24.0
5916615441211467550,2,8.0
506555784075083888,2,6.0
13788914981298745543,2,3.0
16293991990488227810,2,2.0
479414575118159608,2,2.0
5947305936410951035,2,5.0
11383375372398286250,2,10.0
10384550883988919551,2,2.0
11958853870947171385,2,4.0
582665804865391426,2,2.0
10174437308588536347,2,3.0
2449544614639133409,2,18.0
3058582749591746151,2,2.0
14967384402418522913,2,2.0
18161970610248769998,2,2.0
18278184557451884512,2,2.0
10465343971525185767,2,2.0
8788168785310890911,2,18.0
15250990468213121618,2,2.0
3774023076710194554,2,23.0
469530622494645125,2,2.0
17046285561487716408,2,5.0
16711980033529525483,2,3.0
197151088763157037,2,2.0
7031464177507200611,2,2.0
12275185186672918562,2,3.0
11939344079449783112,2,2.0
2726768702946776943,2,2.0
6795996420472792943,2,4.0
9146942566527493073,2,2.0
14270725782574068354,2,9.0
5776669331649077517,2,10.0
9225947723603836536,2,2.0
3278904527774385127,2,2.0
9442082508417389942,2,6.0
15233912971135987971,2,3.0
15908937908358498399,2,4.0
7244501640926562213,2,4.0
11401931779012295362,2,2.0
16314651822501585596,2,4.0
12705778848970242044,2,4.0
11801093082663769980,2,2.0
7981407077864239803,2,35.0
6699396133400108717,2,5.0
2061804262365499115,2,6.0
6647642250097965198,2,2.0
8948932424018983571,2,2.0
12452502555751845719,2,3.0
8880864515648376004,2,12.0
7214256953899301775,2,2.0
16330514101236472350,2,5.0
2750554305439831391,2,4.0
18183281232737917894,2,2.0
16983693162851095858,2,3.0
16618003754057052686,2,18.0
11886788360841838339,2,3.0
11400591353771230830,2,2.0
7124076377792342451,2,4.0
16636962667062962255,2,3.0
17408441612679325403,2,2.0
18350484703148549892,2,2.0
915995023096762832,2,6.0
17712984531391957356,2,5.0
1853604672977185273,2,2.0
11715860331338570924,2,2.0
3405563937610211836,2,8.0
2071931787405236653,2,2.0
6785831677243785517,2,2.0
2973144355727318281,2,3.0
15490296277188590,2,2.0
15511387070206131141,2,6.0
10216644462244110648,2,9.0
828530534678624199,2,8.0
15438613057417052212,2,3.0
5564941938655005770,2,2.0
12692852804278771591,2,6.0
2131420643147705006,2,2.0
14031985063305261280,2,2.0
6139568077746738414,2,2.0
11678139548149933388,2,3.0
16532622754090094107,2,3.0
17602894302099503979,2,2.0
3705163098656476702,2,6.0
13608168126506912796,2,2.0
9662845526533871254,2,2.0
15695052212947928529,2,9.0
15171218014061702318,2,3.0
9497838612651462947,2,3.0
8830233117843832348,2,3.0
15612208739086072493,2,5.0
18443986636890039031,2,35.0
5454456204695947755,2,2.0
8403854111853421944,2,2.0
17185215673300782911,2,21.0
18007905698423310658,2,5.0
1881242044766125358,2,4.0
17603615157660337490,2,2.0
18100144747491746625,2,6.0
13315918509344568444,2,8.0
1387926788756751775,2,34.0
9178600632834417802,2,32.0
3302534048213736255,2,6.0
7626660377473130679,2,2.0
256374190103814165,2,3.0
4413300861236849331,2,18.0
3564722775822090328,2,2.0
15701468630733164158,2,2.0
8025255909351470398,2,2.0
14113058421603553654,2,3.0
13476331525860766915,2,11.0
12252133265276602317,2,3.0
6178470464669692089,2,2.0
9826839560002747274,2,4.0
403246120728964125,2,36.0
8666712174143910531,2,4.0
15760461154504418530,2,2.0
14816403725853255516,2,10.0
5562502398909050102,2,2.0
5379510876041834132,2,3.0
4845637786136129058,2,2.0
5308611560608533638,2,3.0
11690265932686095556,2,5.0
14177227994665409697,2,2.0
11772778668924659393,2,2.0
3447693136235751028,2,7.0
9573097830063992369,2,2.0
11046471577515654877,2,2.0
11812292086075547841,2,5.0
13774415532801131163,2,13.0
18073770466294739875,2,37.0
7523913488169114372,2,4.0
15708261197047295267,2,3.0
91146761148636129,2,2.0
5111061248361397301,2,2.0
14346154813989373748,2,13.0
15755212083398756435,2,2.0
1261228920835631706,2,25.0
4411451481652929427,2,6.0
13698274855706372993,2,2.0
17621504925326078363,2,2.0
950062197498374711,2,2.0
1056148353207086092,2,2.0
7017498407229999808,2,2.0
7068161736176086628,2,8.0
9422868268789186303,2,5.0
10760936233296065512,2,3.0
11735977846951192753,2,4.0
16716017615982233569,2,13.0
2932455283460033586,2,5.0
11370222002126256025,2,2.0
1814725146082066861,2,7.0
17740886853120187072,2,2.0
2534444183055565331,2,14.0
12810263485641931621,2,2.0
8715257071682245213,2,7.0
814438939210652127,2,2.0
14470966809411462448,2,2.0
5779865244247543858,2,2.0
9712113371188346246,2,46.0
10486176484449928950,2,2.0
6490075198132695993,2,4.0
16938096752086366788,2,2.0
10262359816792671970,2,2.0
8469328242894983119,2,18.0
3312499327258059617,2,4.0
11448954654533621412,2,2.0
6014971782646326193,2,2.0
17257568642873092733,2,14.0
10974035957173136192,2,23.0
3433215337888605374,2,3.0
17581885751803256729,2,2.0
13026215162538121315,2,2.0
10493840208028266022,2,3.0
4426170731903139450,2,21.0
15552726642889702922,2,6.0
7178010296939426463,2,2.0
2334158222660990728,2,24.0
10510000642836954498,2,3.0
10100554164023720511,2,3.0
7950260729163595976,2,4.0
8296026518245135275,2,4.0
14155133010072382692,2,3.0
14255145198044704912,2,2.0
12414187174715054809,2,7.0
6357480921844580027,2,2.0
13710637669208136856,2,3.0
10505459904692274983,2,4.0
18137568296892222717,2,2.0
17874578985249207129,2,2.0
9696047982415143415,2,8.0
4972536207447836723,2,3.0
5628317093144994285,2,2.0
4878574692971324223,2,2.0
12636991384437397847,2,2.0
17180021635738814703,2,3.0
11277127335876736356,2,22.0
4024557035704348917,2,3.0
8074495076633465223,2,11.0
16613986527671449431,2,2.0
18090333759277192019,2,2.0
4307235243067651299,2,3.0
18096447996681812599,2,29.0
12712743952643938077,2,3.0
3976429294935975436,2,4.0
10939089753052238827,2,2.0
8623769329487388518,2,5.0
16445465454255982948,2,51.0
16303331199962544740,2,2.0
8669990129633377263,2,2.0
17349370334392397665,2,2.0
4641369623556306014,2,8.0
17532538209819480893,2,15.0
13624757951262203988,2,2.0
17252855663716173223,2,3.0
9580647309107116872,2,2.0
1155448778009801902,2,2.0
14906771892820534409,2,13.0
2721573966159441018,2,2.0
6221318292148719302,2,3.0
640327438521262501,2,2.0
981521248195537455,2,32.0
10441833152207158863,2,2.0
2131552265451149750,2,2.0
11389849246101448996,2,3.0
2976959393048571982,2,3.0
18323069773528641782,2,3.0
13214846113957169637,2,5.0
12181302164699431764,2,3.0
9099199107445552582,2,5.0
8659264234051210759,2,2.0
6780364575247425857,2,2.0
2747328685264000522,2,3.0
346634281013331804,2,4.0
17041915914099400493,2,3.0
2979977299059955339,2,2.0
430434898240120682,2,4.0
4273734188503800090,2,2.0
257986565851053571,2,2.0
9132295608717146217,2,5.0
2350889305766347440,2,20.0
11013288433521722042,2,2.0
4574489923332682755,2,2.0
16117534453278966450,2,4.0
12627844762266931186,2,23.0
16537399330127904706,2,3.0
13202603193162230115,2,36.0
5197948881392320196,2,2.0
8191219215245885449,2,5.0
8291934708164724801,2,7.0
5638223796219782543,2,2.0
8727517217449266955,2,3.0
4431244845324543306,2,4.0
14800876425512361970,2,7.0
18152110946516284977,2,37.0
14236379300271591270,2,4.0
2605320135768741352,2,5.0
4605451763144897919,2,2.0
16717810710068370512,2,2.0
15514273431785767679,2,2.0
5827906779807592088,2,5.0
7084670489309991881,2,3.0
8783063512737893671,2,2.0
11157473907315346897,2,31.0
17877564585098879672,2,3.0
17281569450083210480,2,2.0
2063469776061191480,2,2.0
3244598900205391087,2,16.0
7342874262481797842,2,4.0
3875618157320275806,2,3.0
14730180240482892010,2,2.0
17047714070184496130,2,2.0
13908824778030824853,2,3.0
15121371718452957273,2,2.0
14931238448838898253,2,4.0
3438714115820911553,2,3.0
16034600720542394538,2,32.0
15711468310690351468,2,2.0
3022274280833267832,2,5.0
11654835286015375274,2,3.0
15094088953047149342,2,2.0
3739529694431696211,2,13.0
12627300242307692340,2,9.0
16459447574207734124,2,8.0
14376698104650668015,2,15.0
9161998561104502241,2,3.0
12905497768401552838,2,2.0
234726950618423754,2,3.0
8426586741665068341,2,9.0
17262313654352885732,2,4.0
15898995156772759571,2,31.0
13146941544609756948,2,2.0
9331287288778787085,2,2.0
363388731198760171,2,2.0
3379830276138100966,2,2.0
1695320064495318436,2,2.0
7054866524321627446,2,38.0
4369472532448788737,2,4.0
803822696596811010,2,2.0
4072973889232237322,2,6.0
15839260628199308822,2,2.0
7408447725278321486,2,18.0
10271517115368221160,2,2.0
5928228569314833488,2,2.0
15303639126825281329,2,3.0
2940853526346506908,2,6.0
7312723442936421479,2,8.0
15720976587987452206,2,4.0
4366276733182537408,2,2.0
6000079280302065232,2,2.0
14390952279836060511,2,9.0
18288417825927680987,2,5.0
15575376461808994865,2,8.0
16242676973360698420,2,2.0
10368547447137597407,2,4.0
14469831479911258424,2,2.0
8371426081457051169,2,5.0
3645831081999521190,2,2.0
15223316120391998486,2,2.0
7686860805371861164,2,5.0
12881158483783993562,2,4.0
12277722079268428353,2,3.0
13653121236635449838,2,2.0
12543562102885880464,2,2.0
18173703511876168617,2,33.0
3157664170474036594,2,9.0
17521190986445483563,2,2.0
1777282978577333810,2,2.0
1173880263571066371,2,2.0
9096047945511875331,2,2.0
3862649225552325283,2,5.0
5457186147672873659,2,9.0
17138266764355378075,2,3.0
9825890996317228120,2,33.0
8745306199876282374,2,2.0
2006088970130134223,2,4.0
16295078879714678608,2,3.0
14315708334190469823,2,11.0
2845317645183433818,2,16.0
14973800692918743553,2,19.0
2544580732547199438,2,4.0
10240460643557756638,2,4.0
14253185851308383291,2,2.0
7712571071379934344,2,2.0
4453797708285748125,2,2.0
16635687276213846897,2,7.0
11163379179744884574,2,16.0
11102095532564008855,2,5.0
8751710018487465301,2,4.0
15805963881774953025,2,3.0
11073343636420746150,2,32.0
6932870046069276429,2,2.0
1951991658950156929,2,4.0
4208744855036956629,2,4.0
738744686430424476,2,14.0
17434806497126466979,2,7.0
7310860900119281017,2,2.0
12854112450723122461,2,4.0
3570362041902007353,2,2.0
5974659233275108790,2,3.0
9242930773018437768,2,5.0
16682107481033750269,2,2.0
9704484800337475120,2,2.0
5055601829687493411,2,2.0
9184395690299562491,2,6.0
3453151522702002527,2,5.0
12781229503040491139,2,5.0
15762535056064812706,2,68.0
16441815617882498229,2,2.0
12455497565823518214,2,4.0
4612189128391805146,2,24.0
11406969818178818212,2,3.0
3314650928957361035,2,2.0
10931905757501524090,2,127.0
11258053674701073243,2,2.0
6769893932163651568,2,2.0
3412505767532160927,2,28.0
6902303136494866463,2,3.0
18304898333238325869,2,4.0
4989961596507313931,2,3.0
6325648599999262284,2,3.0
12858987772950694096,2,23.0
2779182520819032935,2,2.0
567609976276777038,2,2.0
3752506875713963884,2,4.0
10178857852048088002,2,4.0
8571209119328047555,2,5.0
1440547028548261755,2,4.0
10749095634655534023,2,16.0
4977655451816165940,2,3.0
15993750421387072119,2,2.0
11154584367692931449,2,8.0
9319163122235043923,2,25.0
8289375230084704933,2,4.0
4392134053648877844,2,2.0
10293110543696914998,2,2.0
1172788342964157970,2,2.0
15196863135022754958,2,7.0
12594453895692506181,2,5.0
14558034067844149577,2,2.0
18095267844193731660,2,7.0
5495062592364147468,2,2.0
1775716412440149011,2,2.0
5923426232713162347,2,3.0
10490869259496732914,2,2.0
7977140896809701971,2,2.0
810357812729704945,2,14.0
15723449952738252641,2,3.0
4558327027680978676,2,6.0
15923800686094318691,2,2.0
3343595281701346676,2,2.0
16392530769402670589,2,3.0
5454295071409054922,2,2.0
13807181283386320854,2,2.0
15656001533660233880,2,3.0
6532573380862782362,2,5.0
11630230551715909040,2,2.0
11780262693459482421,2,9.0
6070546481682891169,2,2.0
10875192359083181328,2,3.0
5842252168286016875,2,6.0
11787506611305754327,2,2.0
15599591241862883017,2,2.0
18424331311901541293,2,31.0
3098624705502351758,2,19.0
3181843562754634514,2,2.0
5816517829757248985,2,13.0
11349627010429060386,2,3.0
9257961152371942903,2,2.0
8875580024487349945,2,2.0
6549414669308831559,2,4.0
13146034703835504211,2,2.0
9147458932334667554,2,4.0
7652847139662774667,2,24.0
14939134859554683187,2,2.0
3787157088970119864,2,23.0
8202383796162165726,2,9.0
5962929561600018635,2,33.0
18373729482746271154,2,3.0
13871982991298988704,2,4.0
6701108057400451572,2,10.0
11771187068493475568,2,3.0
9237311126694172468,2,23.0
8164732781837415707,2,4.0
13194993429367394732,2,3.0
8022438803310934840,2,5.0
4095395090729646842,2,2.0
13978354460237759870,2,3.0
1560689417216493733,2,2.0
12661844278204731746,2,3.0
17573983150206326784,2,2.0
11571106462928382729,2,2.0
12359578062959520370,2,16.0
13285278454337336112,2,4.0
11138651730224260756,2,31.0
12520605195022141128,2,7.0
11908887642038484566,2,2.0
9561907065110462021,2,6.0
16900724932552115435,2,2.0
16930179116696842926,2,11.0
14580310204357547236,2,3.0
4716049866432849601,2,26.0
4946253349880205861,2,2.0
2655366193201893011,2,2.0
1848212994169079398,2,2.0
4600359797165790736,2,64.0
13491076465988460645,2,5.0
2993144457381700923,2,3.0
8377964322735621715,2,3.0
10299237161737729775,2,2.0
9760240490806124337,2,3.0
1783412923156142705,2,30.0
6080503457238698776,2,3.0
2793130872607233739,2,2.0
14549341149608791125,2,26.0
6922748562075291002,2,3.0
4075179027317813109,2,3.0
3184074489006641928,2,3.0
635128846312639066,2,3.0
16342391329681423518,2,2.0
12942117959888732737,2,2.0
11712336637281315028,2,2.0
16181306886508910184,2,45.0
7195462679402936897,2,3.0
11931854105643469328,2,3.0
10443235156202020034,2,4.0
7767731406003684208,2,2.0
790630088068934817,2,5.0
3885910929690132542,2,2.0
12304217753877103429,2,43.0
10521935754114967808,2,2.0
3833407531710443345,2,5.0
16852297561764359054,2,2.0
10471422866233945402,2,5.0
8258506810017165876,2,3.0
8428796493569721290,2,4.0
15095502132218911076,2,3.0
7756266222303349630,2,4.0
1347465325070875233,2,2.0
17356040368734813025,2,4.0
3569122248319057374,2,4.0
15701958147753952968,2,2.0
7538948397349498657,2,8.0
916726236841241023,2,3.0
8311871971672754152,2,3.0
1626568209489128901,2,2.0
6990333281723595150,2,22.0
576608751922122451,2,2.0
5355202419264937480,2,6.0
18006107531602458209,2,5.0
2428753398469030806,2,2.0
9209622299806623705,2,2.0
2205434331390460494,2,5.0
1314162267474821489,2,2.0
3316782371538589997,2,2.0
1997999032150121551,2,3.0
4130388358962219036,2,2.0
16702729204213250142,2,3.0
15970122750545021279,2,10.0
14918963590604378954,2,2.0
17690483718976208005,2,23.0
7923039427279440202,2,2.0
2173978825888640130,2,13.0
3736402120737967362,2,30.0
13850023120971073950,2,18.0
11281400417116549458,2,2.0
4553531970856980247,2,2.0
8383684129474877630,2,2.0
17382481290875391369,2,2.0
927833636051986379,2,2.0
4123421859137244422,2,21.0
1288558592645359436,2,4.0
9863917183813557507,2,9.0
261858228375252069,2,8.0
7654966600583717185,2,3.0
12442115956679474305,2,6.0
17591241573467163953,2,26.0
10184756256885459598,2,38.0
8913839580182291975,2,2.0
16677207680454233744,2,2.0
14092745658895797247,2,5.0
14912028679487780365,2,8.0
269052343356813331,2,3.0
12988163143269348786,2,2.0
15007150637753330458,2,4.0
14562521703075450575,2,2.0
17304486979930815347,2,23.0
16352070256479387020,2,5.0
6145511511699652852,2,2.0
16131986495520876080,2,26.0
11874746139790084088,2,2.0
17717927574797732122,2,2.0
8292241668251577928,2,5.0
2328200591873836999,2,2.0
14436592488852936034,2,4.0
17748020092602355869,2,3.0
739902871434020118,2,14.0
13688061999959260908,2,2.0
17297223571802529319,2,5.0
8966481232563092192,2,13.0
4410615382591651703,2,8.0
14816147067343071741,2,2.0
14840036902286013207,2,2.0
15170635641806118563,2,5.0
6198234132690560366,2,3.0
11748735410929428860,2,9.0
745536711223644030,2,4.0
769055509636677351,2,25.0
6235802241591560440,2,2.0
1278482977694988173,2,5.0
10841755447047818423,2,3.0
8431376410671557220,2,3.0
10653572233814805201,2,8.0
18416484771666179789,2,24.0
16173982796537274490,2,21.0
2609332520585765272,2,3.0
10664563486411832217,2,2.0
4513035608377427892,2,2.0
8080177830702901920,2,2.0
14776983230796094137,2,2.0
10429333281472398371,2,4.0
10021658230441313323,2,2.0
3614825045372387683,2,5.0
965418454959689215,2,6.0
16855723834281809812,2,3.0
32396671734691782,2,4.0
15875064014259808142,2,2.0
14393027011122704353,2,2.0
11878704509835863867,2,3.0
4199395248953933141,2,2.0
6294499887617518965,2,7.0
487459897256065114,2,6.0
8543797870213103294,2,4.0
14554375022346156847,2,2.0
2535296743777846391,2,31.0
7109462631354818483,2,10.0
1511971494464547139,2,41.0
17583909578626913073,2,3.0
13496107794357582585,2,3.0
11793042414931698808,2,74.0
15099924552761389624,2,2.0
2596914639766633119,2,2.0
5303464309255229092,2,2.0
4772750277858087285,2,4.0
7695210483067200954,2,2.0
3874310764602038841,2,2.0
9777936071133014418,2,5.0
16072613006852520166,2,2.0
12790646281129453372,2,2.0
1655485190750507615,2,2.0
1649814119714724765,2,8.0
5959886637610140742,2,2.0
3493381744170314925,2,2.0
10018904812115038575,2,3.0
4873680285386831989,2,2.0
6424936691596456971,2,3.0
8781450089014078834,2,4.0
17047348185150513498,2,3.0
18368847755323463793,2,2.0
15447915431332281110,2,2.0
10000013212468379115,2,2.0
11183595309713840727,2,5.0
15330432558179746979,2,3.0
12848969430668452006,2,28.0
7562554154612137154,2,2.0
11832208251180247774,2,4.0
17035550589608405559,2,3.0
15830025752940376006,2,3.0
11028112007082150036,2,3.0
16847213787246460655,2,4.0
9814173297187127284,2,6.0
3168104065311738274,2,3.0
17170892021133619775,2,24.0
8844830657093031884,2,3.0
13452622149683207026,2,3.0
7652698143940714229,2,4.0
8279469877012189823,2,4.0
18386780768302973573,2,3.0
16030404072914092791,2,2.0
17411289353779763549,2,2.0
11305478277686805751,2,2.0
11863957999752298268,2,2.0
5239412901951567493,2,2.0
17543249904532656321,2,25.0
4629023084205657852,2,36.0
2699898036376186540,2,2.0
10578514726208690378,2,2.0
14947046547333559762,2,2.0
5056086125951094767,2,2.0
18437367487149833592,2,5.0
17222028556899144611,2,23.0
13272436888180727337,2,4.0
14945906532453688106,2,2.0
11324025121954787612,2,9.0
6950025237122879482,2,8.0
6935553846040014381,2,7.0
10093789115990176578,2,5.0
18236797464137174991,2,6.0
15254805792823598519,2,4.0
16713926385115021941,2,12.0
15359248060627865594,2,2.0
4323314464658372349,2,12.0
17573420208660477803,2,2.0
606860018101404185,2,12.0
16306240746125595049,2,8.0
5002988416631361386,2,3.0
1242551255352260152,2,2.0
5608374397896109535,2,3.0
7836033563585820683,2,2.0
17416878664953215669,2,2.0
8362608697611047416,2,4.0
10343859428959634753,2,80.0
7631949147006113101,2,3.0
15892577853411238421,2,2.0
16866914170679707001,2,35.0
13222430268380627830,2,2.0
18276157921731657885,2,3.0
9169820981803265127,2,2.0
17682017725567797983,2,2.0
18402383680521792403,2,2.0
18359152397458175195,2,2.0
16322288830452078359,2,2.0
9849251622125677370,2,10.0
2436855171712821955,2,2.0
15382133899325783528,2,7.0
15035665642353740874,2,23.0
1655576975828143156,2,3.0
14879304562214413593,2,7.0
15411999239918103964,2,75.0
5727592127682576995,2,10.0
8984358863566780238,2,7.0
7961308301795132164,2,6.0
3717658922674539375,2,32.0
4904358016713067147,2,3.0
13014542915070453026,2,4.0
4653126860691904397,2,2.0
4815965646974419659,2,2.0
16935146735594058047,2,3.0
587665400466029512,2,2.0
16115387978864172073,2,3.0
8286123088822338978,2,2.0
13231182794535356115,2,2.0
2892693473509997874,2,3.0
12727149374237362658,2,5.0
171886060312945708,2,2.0
3723781684774899930,2,3.0
290153936829689990,2,3.0
5528621754399151810,2,34.0
465617143230368082,2,4.0
6917016832372758563,2,4.0
13492279821596714439,2,6.0
16989966262655227711,2,3.0
3029380981143382037,2,2.0
6510113834283957192,2,28.0
14212896683152007397,2,2.0
6150486089738779388,2,18.0
9313066353760492251,2,3.0
759316439296650480,2,7.0
8286433093020333756,2,3.0
15072813804136918289,2,4.0
14181976109364830399,2,3.0
10708940867414927274,2,6.0
12893696157005633472,2,2.0
3513997538423055808,2,18.0
12534295336133238869,2,2.0
4767312913807521376,2,4.0
7798364923450645558,2,17.0
3347340513297603194,2,2.0
12380851286297180221,2,2.0
5991749044583341768,2,19.0
980697107771813462,2,14.0
1077696099125397156,2,2.0
6615760095074482064,2,5.0
4024908924363784931,2,2.0
18064980439035294757,2,2.0
12628894602361385309,2,2.0
13910559094820284977,2,4.0
11979781017815145051,2,2.0
12752073343214895788,2,5.0
560450504876781315,2,2.0
7873897647011937636,2,5.0
3061514382844189625,2,33.0
6433584674232578973,2,10.0
14376813817430599797,2,31.0
2243704562216731142,2,3.0
17206429994071406192,2,2.0
4098486475176626344,2,2.0
1206942079972433689,2,28.0
3378573268996275896,2,2.0
1280742767775550882,2,2.0
12915110207956936672,2,3.0
6677863798713282416,2,2.0
3522030520170149259,2,3.0
4764173666661703102,2,2.0
17340404403881372904,2,4.0
13073565358412421646,2,8.0
3088362001360755137,2,4.0
16153084061290764285,2,4.0
8838918789799302382,2,32.0
13795931908509569925,2,2.0
11033136995853345704,2,27.0
14800864132419087330,2,2.0
5708577234576711819,2,2.0
16269083266455316535,2,5.0
3709415655271335274,2,3.0
17975039915151444814,2,2.0
9804400642112795389,2,5.0
6426643844647877955,2,12.0
10504557231417642509,2,2.0
7933196745353011672,2,5.0
4934728324216595414,2,2.0
5625625171969025405,2,47.0
13497617914597776680,2,10.0
15660240646719530833,2,2.0
1387941270455530189,2,2.0
2604464460076750039,2,5.0
13312172801369385063,2,6.0
8545502838831817899,2,10.0
6800241756038384394,2,3.0
18018511048183762289,2,12.0
14769111633000242095,2,2.0
13405277318350568885,2,2.0
17121540671089660302,2,6.0
14502511615113002493,2,3.0
1744686671717108284,2,2.0
13830096503886507769,2,28.0
7891567582977322444,2,6.0
16784183067429787344,2,2.0
8312760473325954637,2,4.0
17167227608818772068,2,2.0
222360371418241590,2,4.0
9596486780114742819,2,31.0
5961599321316107819,2,24.0
13226068566933660771,2,75.0
7046428979717038256,2,37.0
8453426154982567538,2,2.0
7672851300734271629,2,2.0
17886078918463574050,2,4.0
14897761317646852164,2,8.0
10233755058490513493,2,7.0
1583251673261971988,2,3.0
11059331310451000145,2,3.0
17260025926921664907,2,5.0
15884276122197464902,2,2.0
2126812212442099068,2,4.0
12582150870498721684,2,2.0
13442703949593997107,2,34.0
11446489011241280370,2,2.0
11235790911321638146,2,31.0
831532246012453907,2,9.0
9984404827424486551,2,14.0
11187950335633025986,2,2.0
3409556954892200476,2,4.0
2820193811146208477,2,3.0
936022086404881346,2,6.0
16705965756427371651,2,2.0
7620994407884958086,2,8.0
5337472974317227844,2,3.0
17392381827450328040,2,3.0
14955297392696877140,2,16.0
12830795935580014444,2,3.0
12517026019548060750,2,2.0
6988763907615884712,2,7.0
3157311245185186015,2,8.0
5470927678567366711,2,8.0
5608261476683382422,2,4.0
1844282238033160403,2,9.0
9531210742911350480,2,34.0
2835935833622155376,2,12.0
16273225712903125818,2,9.0
15462004335853920807,2,2.0
953604872380649095,2,3.0
12838339936108453095,2,2.0
11456746483848713920,2,3.0
1449679491465204877,2,2.0
14311069969205253215,2,2.0
14532617707831203463,2,2.0
8956794325145054992,2,26.0
15402559020237692068,2,5.0
10908593877563137217,2,26.0
4280178832501313497,2,2.0
1242081807720961285,2,3.0
18231172023910756270,2,14.0
1009264714461946119,2,2.0
10424817843429195453,2,8.0
4663683174868684830,2,2.0
14187698825576101613,2,2.0
15120234179332531255,2,2.0
14967168646264334190,2,9.0
3900241743146609135,2,5.0
14503946067098531468,2,2.0
14099062076342213323,2,4.0
7851826895985733323,2,6.0
7649239331915841388,2,14.0
15197563421242965135,2,5.0
12375475863143070474,2,5.0
11902167938247712562,2,2.0
5039021968480653688,2,3.0
853415358199134307,2,3.0
1907389783147353367,2,2.0
18224803963729852033,2,2.0
13075305353992773787,2,2.0
11631979354113699324,2,2.0
10807551157653220899,2,2.0
10607029202315000287,2,6.0
3262323379621439292,2,2.0
12396021556864343634,2,23.0
5094852667104592300,2,3.0
12257859090487877656,2,2.0
8685759206809818851,2,5.0
14521204458283434245,2,2.0
17557746105822312513,2,3.0
18036649503844052263,2,30.0
9424447500317061678,2,10.0
1580138872688759177,2,3.0
6372738415953800080,2,13.0
6193548807542163797,2,2.0
3596119632167270747,2,16.0
17419663211465616545,2,3.0
5814374074529066199,2,2.0
12187409817975277753,2,3.0
4688762873267592359,2,3.0
6056013829107712441,2,3.0
16954228323002844711,2,7.0
2626643839758173879,2,6.0
2366715971985996384,2,4.0
5159936144135036963,2,6.0
11689446778805235664,2,13.0
12135715275144178494,2,30.0
18356281879155059811,2,2.0
12782842758830177294,2,11.0
8024901973894679728,2,4.0
5468796756170978913,2,2.0
5015694925818964123,2,4.0
13300305836682789518,2,2.0
8145944682548479160,2,3.0
6754391883802060917,2,28.0
17088268794080791349,2,3.0
8932964371579737729,2,6.0
10282349312695081537,2,4.0
870104062639352287,2,3.0
10594370111619167029,2,6.0
15351276789664851741,2,2.0
2950792690778746622,2,3.0
12400892319531761821,2,11.0
7535262332322875912,2,2.0
4332842959282692336,2,4.0
12123625624476335230,2,3.0
13979316025388440786,2,3.0
6690105104395425956,2,4.0
13322969404533271870,2,2.0
1969106362994811907,2,5.0
7772314609736557940,2,2.0
7040699780873826980,2,2.0
15904821044028281500,2,2.0
1615304944645568092,2,3.0
18289313845604410425,2,6.0
13275677176832129364,2,2.0
12481680711172417977,2,6.0
1197451694766102546,2,5.0
3188546045537472098,2,8.0
2823148685072167190,2,3.0
9259349559820844747,2,19.0
14132081819586834126,2,12.0
7101767888726015866,2,6.0
5242325086441556107,2,7.0
15212232377792802402,2,2.0
16995555080722539296,2,5.0
6257494904650466309,2,2.0
8711658825320790502,2,2.0
10369457894490257334,2,15.0
2716829183729180375,2,7.0
5333037201804261875,2,3.0
8808344034616342594,2,2.0
2232489257580281850,2,6.0
231074791603846938,2,6.0
1982344963989312402,2,3.0
10166379746360333112,2,2.0
5944537890642669161,2,2.0
17979173334874059166,2,2.0
14702875431443008013,2,34.0
8413319031123425325,2,32.0
16488165318760446570,2,4.0
11509764788256961242,2,2.0
11685307010873588265,2,7.0
10349445285078127251,2,3.0
5117441139810895819,2,19.0
16412189975781453460,2,5.0
5905888509423659533,2,11.0
3601806670660049716,2,5.0
4354374949711601210,2,6.0
15445767679702198754,2,6.0
1279937532684519802,2,2.0
2701818555774497959,2,5.0
381213058616150873,2,9.0
5925895357582076739,2,2.0
11935592526951570218,2,2.0
11685231697617552408,2,4.0
14487608330388745205,2,3.0
16356657676596686083,2,36.0
3478663868283822389,2,5.0
15028634614327286581,2,6.0
3755403396910040245,2,3.0
7568964335398110670,2,2.0
12953709939396831974,2,2.0
6812883344085853541,2,2.0
1996489023995504742,2,13.0
10998956470014945481,2,5.0
5879029679376093581,2,17.0
14039227604529936945,2,16.0
17526137046198050260,2,2.0
540215314757900331,2,4.0
13299484044450051999,2,12.0
707767689709605845,2,4.0
4695686807870472,2,2.0
14724164401293808764,2,2.0
13054923149519947868,2,33.0
12107031784434050101,2,4.0
5564618263521262618,2,39.0
503114322958762452,2,17.0
3917222240948622787,2,2.0
10684840076634676985,2,2.0
18061379589940518246,2,14.0
1916264905128410924,2,3.0
870335235428291211,2,2.0
6146643832753309589,2,2.0
5400090152454313897,2,2.0
2618313323989695097,2,21.0
18172483614791400525,2,27.0
8582387882968085313,2,2.0
12819747065444046222,2,5.0
5462624982650254115,2,10.0
14755778865891340073,2,6.0
13923677595912749959,2,2.0
10666999404309065446,2,8.0
3792566772126864160,2,4.0
3169019767306119925,2,36.0
9604253116363161375,2,2.0
17096354523211648961,2,2.0
5139932534233318318,2,38.0
6847259898052212706,2,3.0
5533028807412702836,2,2.0
7520403518041558757,2,2.0
17315046805535476636,2,5.0
2088598650872654697,2,2.0
276356121633477006,2,35.0
7756277052765538461,2,12.0
17418985372145872512,2,2.0
1268288041964653831,2,2.0
1269889102683494792,2,17.0
1618948624691675995,2,2.0
14903063403873114741,2,5.0
8473268468817194100,2,3.0
7146713632389003868,2,2.0
74886468556211101,2,4.0
9381261668149645907,2,2.0
16172029428178500699,2,3.0
5102629806548893583,2,5.0
2471772027150850424,2,3.0
11065310293717530157,2,3.0
10706633274990067741,2,3.0
11976630917869534698,2,33.0
11885117400476670782,2,6.0
202546388084331334,2,2.0
885760416442697572,2,27.0
3059563736973032981,2,3.0
14290901768049229829,2,5.0
16191125199190141041,2,2.0
1099927357973600095,2,18.0
3767169647388035103,2,3.0
12486251807662690354,2,27.0
9869937730548548602,2,2.0
5593215036932604257,2,2.0
841815477558125839,2,2.0
1852373620366147622,2,2.0
5221725891026024226,2,13.0
11236468107008827707,2,2.0
10838005792837118675,2,14.0
3889165709104532548,2,3.0
4875887732200377496,2,2.0
2612274059395420515,2,18.0
1749837379211705586,2,7.0
3176410866563712683,2,22.0
8658602318083238668,2,30.0
12687948291163358607,2,2.0
13494131698015722813,2,5.0
9327121784274041875,2,15.0
16321698133694958961,2,6.0
15628133960357264752,2,4.0
329763645016089738,2,6.0
2730063170318822438,2,39.0
9018106655323522893,2,4.0
7216770233899835608,2,12.0
18078925273668615657,2,2.0
10320942194479808375,2,3.0
15685727838096812888,2,2.0
10767150718894676736,2,7.0
703323844903569084,2,2.0
9524700287101105820,2,10.0
8501418971944419870,2,2.0
1622091892508228732,2,5.0
444192036428727399,2,3.0
10771620739468390853,2,12.0
15150801266139211965,2,2.0
16411793809414938988,2,2.0
13528866854399927250,2,4.0
18439823316884763932,2,4.0
12839646584490767921,2,32.0
15261963042646875265,2,16.0
15439841057854684992,2,2.0
931031562057277390,2,9.0
77721020497063721,2,8.0
5986109817321703472,2,4.0
10704795227671082014,2,13.0
2598019283039271587,2,35.0
13006045357032863577,2,4.0
3391531637169821224,2,4.0
8234342423940230982,2,3.0
10151106063335060371,2,16.0
13773781485556819021,2,2.0
10194782192332577020,2,2.0
13254913636364930310,2,4.0
14660632300706189437,2,4.0
12981669435842513587,2,2.0
1988398420616209920,2,4.0
13583585117821651233,2,2.0
1731672059107309999,2,15.0
12660769480081838446,2,8.0
12573179834169634992,2,4.0
12260452459690941839,2,4.0
6058961655051983713,2,11.0
9554070898982338352,2,2.0
10728991010043446511,2,3.0
1552712995978261776,2,6.0
12551057876956214278,2,12.0
14215711427785903279,2,7.0
592032902342478039,2,4.0
13717572608283899287,2,2.0
4067621178605496459,2,3.0
12466088991207693091,2,3.0
16932848067675703774,2,17.0
8217198509594092484,2,31.0
8924010825364327395,2,4.0
14991156305302042839,2,2.0
5575555221258631940,2,9.0
3690887554532904856,2,2.0
16424295197225439803,2,4.0
7781168125854103443,2,2.0
9756535465073160661,2,2.0
7351723787430363740,2,8.0
11722270654414835763,2,17.0
17609167270277487529,2,3.0
5343001324058221584,2,2.0
6780602227900500327,2,6.0
2412756460473224275,2,2.0
15484643451710246396,2,4.0
2905019056038977269,2,2.0
8552499840920526420,2,2.0
6456906357246496444,2,2.0
5208375741337586934,2,35.0
12536875887194166249,2,6.0
6016609977538239399,2,2.0
14041304231907230323,2,22.0
8864933448619533972,2,2.0
2600135802995814835,2,2.0
9196911952972758767,2,2.0
10901437218105651280,2,4.0
7329806592030437826,2,5.0
1319491314978091315,2,4.0
6944853438532556669,2,3.0
13779545715336855234,2,2.0
7843231462018605780,2,12.0
624822049488103082,2,67.0
12823627181404841115,2,3.0
14756758859041780546,2,4.0
11051110937198466250,2,12.0
14509778153454494069,2,6.0
5397834029639027204,2,2.0
4680307950068673254,2,93.0
2967846375126129917,2,3.0
6162999574929988366,2,7.0
3986686265927528990,2,2.0
12215678152897208686,2,2.0
17587151435209105667,2,3.0
17823534732049805464,2,6.0
11216015000324430150,2,13.0
4817097650384377161,2,26.0
691407346639950451,2,7.0
851381290676042795,2,4.0
10203442494551952736,2,3.0
922684154991346072,2,13.0
2091754492206362775,2,2.0
16774399153682033352,2,18.0
5980745461872260548,2,2.0
15030557603640716227,2,3.0
9187060800033235057,2,8.0
12997208880708291595,2,6.0
17368398154722159944,2,3.0
3458552679222959160,2,4.0
17201028736515815124,2,24.0
10061482331061883290,2,3.0
16272839321785820811,2,3.0
3659538025038853936,2,2.0
12931497574114694640,2,29.0
3722388766740040046,2,2.0
12731315301894055690,2,2.0
13262075665424952124,2,22.0
13041776660730306612,2,3.0
13347790025437111867,2,5.0
6227774505642680993,2,16.0
9989665015075149040,2,3.0
10222802036015321729,2,2.0
16271530741822841656,2,20.0
15839250673519852304,2,2.0
13680533668800868667,2,6.0
7343686409677231216,2,2.0
17172752212501398902,2,8.0
6375000643488118808,2,2.0
8309461955323340332,2,2.0
8704296838089304428,2,34.0
15023067989365920819,2,2.0
6008931826024250401,2,2.0
8596369827201067268,2,2.0
2855661232669804774,2,2.0
13264779551886826734,2,10.0
1079693231720413413,2,4.0
13561520917448854774,2,7.0
10407674512706275476,2,2.0
13735510615712591354,2,11.0
5653577274832784253,2,2.0
6110331485594970654,2,2.0
197212879198407620,2,2.0
11692933021245647190,2,8.0
4283403121009612197,2,4.0
14673368359788811569,2,34.0
15191502118204110512,2,2.0
17318617836821494105,2,2.0
14352322413822992563,2,2.0
7139561624006009114,2,2.0
5053052876603886163,2,3.0
2916714777990095603,2,2.0
4176163345902630422,2,6.0
1130547354909059771,2,4.0
15545073524723000311,2,2.0
6906632644833292251,2,2.0
4593034250090179796,2,2.0
8363113030641218662,2,21.0
11426080880892309035,2,11.0
5986580852478223542,2,3.0
14981824276636948614,2,2.0
1199183631084062859,2,3.0
16264275599035215092,2,2.0
12389656870094108694,2,2.0
16068360806039588364,2,2.0
3130852668332537759,2,3.0
15376440128393516230,2,4.0
2283669109627664733,2,2.0
3893277877051289166,2,3.0
12729211955105115857,2,6.0
2347437251525037787,2,2.0
11159608772678898700,2,2.0
13124158211333806429,2,7.0
12855031015005790914,2,16.0
5536649503115708874,2,4.0
14113632303213196714,2,2.0
3991039636620681280,2,3.0
10652692683804561107,2,2.0
1153299580415558559,2,9.0
7475761445309061545,2,3.0
9683254419034098021,2,10.0
11628304763269068942,2,22.0
14462440361545382270,2,3.0
7040980966352459414,2,3.0
14386922511712790416,2,3.0
14289367250765857004,2,3.0
10854168580583997615,2,3.0
3742950488728834950,2,2.0
12304310568046895537,2,2.0
3503334556197827163,2,21.0
4733103443507319824,2,5.0
6618298693787738532,2,12.0
10651802653054608572,2,2.0
12638023541039781451,2,28.0
563754515265264725,2,3.0
8517807375277369992,2,4.0
14647270689139175497,2,6.0
1688135146297108699,2,2.0
3085609415427391057,2,43.0
14377437435216168546,2,8.0
18367732756637083068,2,104.0
316746880174684226,2,3.0
3070054114905463466,2,9.0
14721071995170619459,2,17.0
14593870262548761889,2,3.0
10939914876921249134,2,12.0
5116997581120516746,2,2.0
13387889159246289747,2,3.0
13744935130513263471,2,3.0
5733832961659549760,2,3.0
10773157846657900755,2,2.0
1083945742518304659,2,2.0
16166271422617804446,2,26.0
15852230753921081928,2,5.0
6361428777666450038,2,14.0
18135950644099104770,2,3.0
12310673768458320305,2,2.0
1426000784454440163,2,2.0
13961326069885467511,2,8.0
11807335911897730735,2,2.0
982715144341304940,2,3.0
11717066156428845910,2,2.0
17240527279145436898,2,9.0
16869622444289923056,2,2.0
16549763043255022368,2,2.0
11691489126187491614,2,10.0
17808769981066160627,2,12.0
1226772563225361096,2,3.0
1709214182120631812,2,5.0
10042885143488788141,2,20.0
10608291710466257707,2,2.0
6095274927396185442,2,5.0
18263283883483826366,2,2.0
12819966821907775303,2,5.0
17209287471467221987,2,2.0
3329977112856721075,2,9.0
17417004066460082680,2,3.0
10547748147524191782,2,8.0
16440501507998052616,2,5.0
12735090843031792249,2,21.0
276231130773837140,2,3.0
12349527187749155189,2,3.0
8106163685733612141,2,9.0
10840755317926433396,2,2.0
7625903080023429425,2,5.0
17681806087133555590,2,6.0
11064990147147941853,2,5.0
7407263755288329393,2,3.0
4934895173102005555,2,2.0
1438720599564045231,2,8.0
6179826892257312953,2,4.0
3006661411961550584,2,4.0
7788643794882194513,2,30.0
12243055101751585105,2,6.0
18221297635534745393,2,5.0
621437503294373148,2,4.0
16871808695797308215,2,3.0
3138932650935324927,2,3.0
9164512396554580237,2,6.0
17568120673811288650,2,6.0
5419875657074665600,2,4.0
12723836866994810511,2,5.0
3477186043109761495,2,9.0
5046342000270543008,2,2.0
6607616263883165590,2,5.0
4270410175558878936,2,36.0
3923109238533271123,2,2.0
14912226409657663179,2,42.0
3976632164192192092,2,2.0
3994324464460087923,2,10.0
6725800982950590206,2,9.0
12982848903413847568,2,4.0
12130257025420897433,2,13.0
3227469769537253131,2,3.0
17444668211422525527,2,4.0
7921454780747040483,2,3.0
9442882773287075093,2,19.0
9049258584407978295,2,14.0
4011460349809491371,2,13.0
8295973789687572481,2,3.0
17919695469125511335,2,2.0
7937138809675506140,2,2.0
12303719075935479552,2,20.0
5157931467011163432,2,2.0
4140344524629910758,2,7.0
5043921003243534856,2,2.0
9612431808345303589,2,3.0
9022955441075435636,2,3.0
12397938173070166184,2,3.0
17668890674833757100,2,2.0
2194852880730021993,2,6.0
11668567495739006383,2,3.0
3717266260938153679,2,2.0
16903243975557582033,2,2.0
14730749427579883093,2,33.0
2498764914488395647,2,9.0
18442791767710538575,2,4.0
8173734315752186222,2,2.0
4304944293920508338,2,4.0
3510388641451153721,2,4.0
6558726505801413029,2,48.0
6102303895124135279,2,9.0
267048472938155640,2,2.0
17538713295149630099,2,12.0
12141695241909641505,2,3.0
12901095800658411949,2,35.0
6087544893451552122,2,2.0
5856361915569558520,2,3.0
3050455594251856926,2,3.0
4110182512901089245,2,4.0
14756452804819239888,2,5.0
15510402217789311078,2,3.0
2688667625762783268,2,4.0
2394905518669221992,2,4.0
14179954913252011255,2,5.0
15813746017220394734,2,3.0
2042048328878109915,2,2.0
13791560045167062488,2,5.0
7146186109882877688,2,6.0
18384648331769113157,2,2.0
482443729522701349,2,6.0
17076474309507151658,2,2.0
4418724805638839458,2,3.0
6098041533731864932,2,3.0
5731777748586496397,2,6.0
15172853677193898960,2,2.0
11891384231023925284,2,34.0
8221629631390497127,2,6.0
3075616321693405041,2,3.0
12987562647107938090,2,3.0
7534280528409035382,2,5.0
2978146750749901565,2,4.0
11867656524302816006,2,2.0
12574434969722984918,2,2.0
7728184593501031101,2,3.0
7157065804815012246,2,4.0
17394773466395799436,2,38.0
13421560987063246892,2,2.0
915045288430406858,2,9.0
12368942463923293898,2,2.0
9570675172029637126,2,13.0
3374320992281230665,2,2.0
16431166131629725624,2,2.0
13241307868198779310,2,2.0
8410767740966655128,2,30.0
3095901009736348015,2,14.0
8108986464242028046,2,2.0
9672051768433257466,2,5.0
11340742735711270534,2,2.0
13710813078443319538,2,2.0
13012600448068574624,2,2.0
11381809416161534824,2,4.0
10808831479865928263,2,2.0
13826637073209081642,2,2.0
8470179625958883280,2,5.0
1415420537114013891,2,4.0
15564719408762397425,2,2.0
4057967304011180745,2,3.0
14848909703414481546,2,3.0
5857009078268337542,2,13.0
12572625843350092345,2,3.0
17743609954512168754,2,7.0
9680622146711379281,2,3.0
2197095845117307166,2,20.0
1732050987869269890,2,3.0
3608541783643645192,2,3.0
5473632559874616817,2,2.0
7865273348388093221,2,35.0
9831377169721041065,2,2.0
6983691615793551328,2,7.0
5429927609214186358,2,3.0
17156203599833527618,2,2.0
801094805436350784,2,34.0
10720812638695507076,2,2.0
1696147455490519870,2,15.0
11243555854237444091,2,5.0
11852834996836030650,2,8.0
14477380465318426016,2,2.0
772169855946754286,2,11.0
12555795698706432979,2,2.0
14808639202357059999,2,2.0
16508539925875221625,2,32.0
14589996855322351233,2,4.0
11726232662277556356,2,3.0
6673464123862622386,2,20.0
8701608052044585806,2,2.0
12256727532106551905,2,3.0
16417020301636259047,2,4.0
2701254009114947774,2,2.0
15221636187757266974,2,15.0
14535314152705165462,2,2.0
8630260187670545281,2,22.0
2666504104821398352,2,5.0
9706100340594108248,2,27.0
11454845425745353273,2,4.0
13359703813230945208,2,17.0
14785626134563509165,2,3.0
14576638637011106311,2,38.0
3291737061547233102,2,8.0
6838060595295843711,2,2.0
10363976134410707378,2,2.0
8234854825655952635,2,2.0
9671959481664872639,2,5.0
11790716482433029625,2,5.0
16867596112647620871,2,3.0
14421261504935747012,2,4.0
17277140528987763668,2,2.0
11576605713347444285,2,2.0
1818720254933361239,2,2.0
3149595727257204688,2,7.0
8880616932043023459,2,9.0
2016553319904167676,2,6.0
14588693961458802294,2,2.0
16929128396706420703,2,9.0
7877250779408339011,2,4.0
12438284673164260238,2,5.0
18297309200288363638,2,2.0
13346510908324004896,2,2.0
14076101380333130448,2,4.0
9463621457235675174,2,2.0
11510569364261046795,2,5.0
14591358930928759933,2,4.0
14622500792989897439,2,35.0
3397978219711556290,2,4.0
1078058412409413146,2,33.0
16555011559807717179,2,3.0
10445559372372045135,2,16.0
16187690755536411681,2,2.0
12244122228003232801,2,2.0
7744585080481707416,2,3.0
3854469574466374884,2,2.0
9642071394070323369,2,3.0
15927227457730353650,2,3.0
7969478685001641856,2,56.0
6940935071905155502,2,3.0
12490931711343003228,2,4.0
3328646221017607734,2,7.0
1730374830168838933,2,2.0
7645158954584158839,2,6.0
16655759277170604478,2,3.0
5200653247312572394,2,2.0
1651773793053157570,2,3.0
10198696353979050904,2,28.0
5761390623440271333,2,2.0
5685315536812072411,2,3.0
15560974945943192900,2,2.0
7640857561863886322,2,30.0
17013968459020667892,2,5.0
4590255172302665063,2,2.0
4978806985846848929,2,2.0
9036164119104076629,2,8.0
3706657502752624862,2,9.0
7606298876231929222,2,4.0
8483027705534600411,2,2.0
13466400557554980588,2,3.0
15592307094349990942,2,3.0
3179601526120209453,2,2.0
15143991273763447447,2,5.0
350642753492881315,2,7.0
14398982343059254828,2,37.0
5461446095455531556,2,4.0
18122508604723172470,2,2.0
16170493715330084505,2,4.0
11890596538832278857,2,4.0
4683477564957972611,2,32.0
15138824905985154706,2,2.0
7649536198808415140,2,8.0
8204908740711264932,2,13.0
1920159634027221772,2,29.0
10286213294084587152,2,2.0
7626783515116636117,2,4.0
16901860226927008250,2,3.0
16879141258512655737,2,7.0
17873815615552373287,2,7.0
15249103582696668051,2,3.0
3750748586416702753,2,6.0
4029121652448516704,2,2.0
4327455695458880317,2,4.0
14195569192620593662,2,2.0
14119218811598610728,2,2.0
16915480784017564150,2,2.0
3789541857272217095,2,3.0
4361409116789248579,2,3.0
15145170720099411950,2,5.0
4853427953913602526,2,2.0
11771424031614126505,2,15.0
8749634182490478998,2,3.0
13892302630064734278,2,3.0
14013013705279639143,2,3.0
16226431041365943193,2,2.0
15231071070341654453,2,2.0
8819118587980986991,2,2.0
3282933609729643434,2,2.0
9072307303938647517,2,2.0
16719546828987243386,2,2.0
9635859113388172536,2,9.0
50381517620793752,2,3.0
15626051800493502779,2,11.0
12651358827720594616,2,2.0
15797168042380399495,2,3.0
12854114747587098391,2,2.0
5441355549259876531,2,9.0
6856739618392374842,2,3.0
16522982279707469090,2,2.0
2526448532583871848,2,5.0
12002926610143522221,2,11.0
3673011791801624441,2,4.0
11370664668432075153,2,4.0
17634226160362344912,2,11.0
7206588421905589437,2,2.0
1296651094542870837,2,2.0
3709901746116965788,2,2.0
8815595287940347958,2,4.0
12922586852215986230,2,2.0
17710456611251350443,2,4.0
7814907244332247787,2,2.0
14570817236572429609,2,27.0
8466843101098016265,2,3.0
5752076314267439994,2,3.0
11395876353441051399,2,2.0
12044156813899633312,2,7.0
7047048045853288112,2,3.0
7573140974420275708,2,3.0
2392181675989524053,2,10.0
11872040107928825695,2,5.0
12833981226577662182,2,3.0
2161551534469337495,2,9.0
3488711199392983809,2,2.0
7135513562188052544,2,2.0
6807410509782529360,2,9.0
1661248792321043440,2,4.0
9828971358067993493,2,3.0
17803937605062433041,2,2.0
14549194576539062899,2,3.0
7082323537931742725,2,4.0
14101545545026612581,2,4.0
11955355059385090823,2,5.0
4240000853642405336,2,2.0
18433964577891216136,2,2.0
5355765899375825853,2,2.0
11180089317148942725,2,14.0
3997116310837333593,2,27.0
12266124888753065022,2,36.0
12272352000869092780,2,10.0
4227761295347262493,2,2.0
5146538394819247982,2,3.0
17316788084519756545,2,2.0
6152677532761844606,2,2.0
7816262583720030249,2,2.0
4644599459214468601,2,2.0
14279167640363165201,2,3.0
17038898142435202562,2,3.0
8338001586668573061,2,7.0
6755516764945730073,2,9.0
16897858939008939776,2,2.0
12164200599216345726,2,35.0
6451114908927184340,2,3.0
17149240975993064359,2,2.0
17872515799646637119,2,3.0
10059714527629398853,2,2.0
16490953466315697907,2,30.0
3748262480437737780,2,5.0
6397763436106817927,2,6.0
15901882318407795300,2,2.0
6630647498559931756,2,23.0
13602201607324210010,2,7.0
6544994975227073050,2,6.0
8923064177584343704,2,3.0
3837663482106492092,2,2.0
1598511332117634607,2,12.0
5697853487476785501,2,3.0
16988796359929546520,2,5.0
1018730286376864027,2,4.0
5388853859532122251,2,4.0
8442287013887051572,2,3.0
4635767674494245892,2,6.0
3969244538681795898,2,5.0
8044441482402004878,2,2.0
6824506140393078696,2,41.0
5086625550579990730,2,6.0
18410327789423793640,2,2.0
17413110258606784533,2,7.0
18124555086075232300,2,2.0
2803166157939190558,2,4.0
8009966774343812797,2,2.0
7318819332371976899,2,2.0
4926536887229762684,2,11.0
5625078504455270642,2,2.0
11416839155828024997,2,5.0
1789340495096147120,2,2.0
2970284618817669625,2,2.0
11454946128088265780,2,3.0
1372700232856783813,2,2.0
13509669422167979999,2,2.0
1990066712183333389,2,6.0
15880556345212556815,2,2.0
6473466619272511597,2,2.0
12548550930590648472,2,2.0
15628060184002821258,2,5.0
13821377253654351971,2,9.0
14584839810784530317,2,7.0
15560461891865699553,2,2.0
1574216483007030656,2,4.0
4522034413554403057,2,6.0
2127852335409039447,2,4.0
863628593559926388,2,36.0
1584127468444836461,2,3.0
15553881033559824539,2,2.0
1875937682523032410,2,4.0
17070364483993780416,2,20.0
12334034727914518857,2,3.0
7477890916757389835,2,2.0
15010316593192533272,2,3.0
11253855180344339293,2,13.0
1218969233611027582,2,38.0
3543721373862082108,2,33.0
16572753193858042447,2,4.0
14986441874297664995,2,9.0
8366928300441605250,2,2.0
10242413273330417300,2,8.0
7905855442075689923,2,4.0
15483311158496287451,2,5.0
10867415054644876673,2,2.0
4006564105710349864,2,2.0
17486929744262176227,2,37.0
13399729486416969438,2,4.0
3965915067903529260,2,3.0
15131483047762597239,2,12.0
698378216982647002,2,2.0
9991204444629839433,2,14.0
6302922521962831180,2,2.0
16181253980196980467,2,48.0
11474566637436712014,2,2.0
3080724418011639805,2,4.0
15569971662032528288,2,4.0
8674958942402265088,2,3.0
7345232173697315183,2,2.0
1709857638568907086,2,3.0
14541084697538586580,2,3.0
11565741552513932875,2,8.0
1772185680998197028,2,4.0
6611354934972282978,2,2.0
1062082151236384931,2,2.0
10683275660163821859,2,2.0
18254925805640156743,2,23.0
4967701975688834224,2,2.0
2053502039348992563,2,2.0
13430230161445902182,2,7.0
14759367777793850153,2,2.0
6861391013653078613,2,2.0
15932840843659907896,2,3.0
16792127720595787374,2,37.0
15026488152146728124,2,7.0
11085577571251572958,2,2.0
17955928905239425879,2,5.0
14009087929474638146,2,2.0
4529703277893357432,2,3.0
8950000544187469404,2,2.0
14649880650701463758,2,3.0
13504418818595336200,2,9.0
7286296576120470566,2,2.0
14152165863845549439,2,5.0
13237220003227469937,2,10.0
8234974946281766264,2,3.0
14610070877480400552,2,34.0
3524599732229852066,2,16.0
2886501093429218397,2,2.0
10264120288503419423,2,2.0
16051510532283317251,2,4.0
7212242048065079688,2,8.0
8897424803309565632,2,6.0
6818796606991930200,2,5.0
7981290841891606097,2,2.0
16988908349645137289,2,2.0
10251505198132993189,2,7.0
4180458060538279422,2,13.0
15272634810670953821,2,13.0
1963651809320537351,2,3.0
18366885742948346133,2,37.0
5925297323465149790,2,2.0
9197398243386915888,2,2.0
9927506597668828819,2,3.0
10712342114157071652,2,31.0
10832146332810830469,2,15.0
14928487006190571144,2,4.0
12703991606849857647,2,3.0
4310795156218435742,2,5.0
8537163967074035161,2,4.0
13444100169365243930,2,2.0
773409871983739552,2,2.0
9778529666508472687,2,2.0
16383658069301252595,2,11.0
11675382024327720534,2,10.0
15769407495436216095,2,2.0
6897305627664339308,2,3.0
11920752801790583981,2,3.0
930324313665047695,2,2.0
83867501107174109,2,5.0
13328175791536539473,2,2.0
6939081410325715643,2,2.0
11832875262190803565,2,4.0
8025336442095623285,2,3.0
7345613656094981427,2,2.0
11105015020168913230,2,6.0
13236173188815214084,2,2.0
945183952984806660,2,5.0
8825888569033266256,2,2.0
9967428920353987545,2,15.0
2010404858542069878,2,2.0
2230367523093535904,2,2.0
4374841465771037304,2,9.0
11488394753116134287,2,27.0
245824017906520638,2,7.0
5783972705873156587,2,4.0
9413397631748707812,2,4.0
1396162941786731892,2,3.0
4365581966258133864,2,3.0
1685932388358079807,2,2.0
14949685616184863392,2,14.0
4514940470057855335,2,4.0
512817166074661235,2,5.0
11239700300385550060,2,15.0
3596137965393515528,2,32.0
9706504563055730458,2,4.0
753836564471088029,2,37.0
17192400079357167372,2,2.0
2459604954369881,2,2.0
447272142974851248,2,2.0
311269757813198470,2,2.0
15968904355654366232,2,2.0
2433068300519538065,2,13.0
11940320313718835438,2,2.0
2033611342278314632,2,2.0
14391737264484175974,2,35.0
13094986974090446080,2,3.0
13889812160977314462,2,7.0
735369010771693820,2,3.0
13313876237084552718,2,3.0
13669999936388769785,2,6.0
9875500601840382260,2,8.0
4421376459136250704,2,6.0
5228996002415698774,2,2.0
8725926069787660372,2,11.0
6415211626724571040,2,3.0
15519088670842766940,2,3.0
1475618122269047740,2,4.0
5006358239497704599,2,3.0
3826900748725797450,2,3.0
7101264361428833984,2,4.0
1721253783862793397,2,2.0
4271166680423741595,2,3.0
14889964862771011538,2,12.0
3599788449673947906,2,5.0
3931597352089873671,2,32.0
7573911368059902017,2,2.0
16304837239858059471,2,2.0
10740135601902819459,2,32.0
13286777315708858496,2,6.0
9877479578213545145,2,14.0
5258809485035542451,2,2.0
583988641199922653,2,2.0
9893714616426093146,2,35.0
11685436555309282270,2,32.0
15128168844797225137,2,4.0
8439264066418680138,2,7.0
15462915017607796443,2,2.0
17487033831240042758,2,11.0
7710184981652616769,2,7.0
17356797750125212489,2,22.0
17555200685881863419,2,5.0
10463456024035738607,2,2.0
8373270919632266755,2,3.0
5988673998168828041,2,16.0
583175806829283937,2,3.0
10629193854195943865,2,2.0
10496870398132027700,2,3.0
14212429025914156139,2,6.0
8748387205582795745,2,2.0
3944448884737386068,2,4.0
8204066125845440405,2,2.0
2553909655206078998,2,12.0
11130813217435178891,2,2.0
13529031924964585655,2,4.0
17616122161509395696,2,3.0
14873596834131739651,2,11.0
7342463939554234094,2,3.0
15962400052706808954,2,6.0
12118794405767301952,2,2.0
3681870963177084462,2,31.0
5483524657682583020,2,2.0
12833734696047414499,2,5.0
2931607839746518977,2,2.0
10352942717331351293,2,12.0
3309601022890963026,2,9.0
17124072374078468374,2,2.0
13816186871882828979,2,2.0
5315571636360429458,2,2.0
16408531455529976617,2,9.0
13320144097236889499,2,2.0
16066915026028861198,2,6.0
6807335600401875803,2,10.0
12284292213349639679,2,2.0
13322892695331385211,2,5.0
7185563274121626409,2,5.0
7998667010218413220,2,4.0
4893065927752785694,2,3.0
16228277061298336260,2,2.0
4245111072936383807,2,13.0
3765038285027801326,2,5.0
14660686927205652883,2,9.0
3962147551713640297,2,2.0
17123140786922110960,2,4.0
7647877100067507538,2,3.0
934348787908015394,2,3.0
9063551184680439922,2,5.0
4087838053276120641,2,20.0
6217119415255670452,2,4.0
9593463254504696460,2,3.0
12451030084320445861,2,27.0
17216266575512576813,2,4.0
14024762079426527524,2,2.0
11501361443565327069,2,2.0
14615672886423735314,2,3.0
16702615577900248996,2,3.0
2417450249253837671,2,2.0
3794188551839668860,2,3.0
2450652891921790673,2,3.0
2514071123504189730,2,5.0
12324106917690772922,2,3.0
3647146889060500799,2,2.0
13958947831732729974,2,3.0
9850948054551800589,2,7.0
9345806794007553626,2,11.0
2565321478218950927,2,20.0
258354980357572722,2,8.0
12175303869894087752,2,2.0
2541260200228063742,2,2.0
15078959564501743389,2,2.0
7759601288245683363,2,3.0
13434537482992910685,2,3.0
14589208388147353246,2,4.0
4112103801964981804,2,3.0
10648689932376800888,2,5.0
16791061028449595915,2,3.0
16411516315508652571,2,2.0
2335551579167841045,2,2.0
11654125945752462736,2,2.0
13865664284826319310,2,2.0
4740341466034207421,2,4.0
6560551287174456312,2,2.0
2349371578869417464,2,2.0
12352744178552591736,2,10.0
13872958968440100498,2,4.0
11218564414286572690,2,3.0
9321884555030801663,2,2.0
13460278044833808068,2,5.0
6752389542045189694,2,96.0
12123091712693245506,2,4.0
3278758700573164020,2,4.0
9013387909989247378,2,16.0
10878806663602119780,2,6.0
10674820307821829418,2,12.0
11240494246664873783,2,4.0
16867265209190630276,2,28.0
1237666152476160906,2,5.0
10527794419782759271,2,14.0
7411089961418848658,2,8.0
13957079838334780074,2,7.0
5246343504404453277,2,3.0
1741849018991812455,2,3.0
14118600487153700309,2,2.0
14696470714681266991,2,6.0
11384733355769588576,2,6.0
3674558899815687108,2,2.0
2860187165443227148,2,5.0
7387252638902989076,2,30.0
15720651628809937168,2,3.0
17372186766046031761,2,6.0
16167027955500595122,2,19.0
2504626606383072951,2,10.0
3644894952439312698,2,4.0
18152145292268536136,2,2.0
16188966807355725426,2,2.0
9388844049495449215,2,5.0
1796318194556249571,2,4.0
9574695364518893459,2,28.0
13541580653772840039,2,3.0
83248538493490613,2,2.0
14316811707532749230,2,31.0
3195174925009360762,2,2.0
13223801347621992632,2,4.0
17726842268098155759,2,3.0
4413664084136417234,2,3.0
15686499035221768189,2,2.0
2997231572610817343,2,2.0
15743911486247106095,2,8.0
8358230470439204948,2,9.0
12368118001555087040,2,12.0
6167195268243317273,2,3.0
17359577467246260855,2,36.0
389212885632431449,2,4.0
10215762382662506843,2,33.0
18144131233720595187,2,4.0
15660687205498224291,2,8.0
7926180863847993930,2,36.0
13682573402423578042,2,4.0
15308616201841607568,2,2.0
8885057899587214328,2,2.0
9176513870492106785,2,12.0
11224410062484091379,2,9.0
14770645532385259196,2,4.0
5846107163777371734,2,5.0
10367917921366552785,2,3.0
11909035525196289412,2,2.0
11886029515767379275,2,2.0
5041776993503967232,2,2.0
12354074293653942251,2,2.0
10661885676563801074,2,2.0
5774595534712117242,2,3.0
1627734774680695232,2,2.0
239771673779382679,2,2.0
15020103911541134429,2,2.0
5004384330640444879,2,17.0
3995943636986487125,2,2.0
17385153112805664700,2,22.0
3280063651154126141,2,2.0
15963309225749010145,2,23.0
14579985641936220709,2,5.0
10551691102911924005,2,2.0
7150949987998838327,2,3.0
622855959918088252,2,3.0
10747649449824887559,2,4.0
13222778113234975761,2,4.0
7372639144948118354,2,2.0
467758058043282622,2,6.0
12701103768734049259,2,13.0
13590559888905699029,2,2.0
10427225485237368784,2,33.0
2485539533037288120,2,2.0
3486710830582133171,2,4.0
2376084564251776211,2,2.0
4074990278273860144,2,27.0
12148656514679586892,2,2.0
12339124653748944067,2,6.0
17304242589577471763,2,5.0
10264687150096952297,2,7.0
3874196611102628232,2,10.0
2190459520852310964,2,2.0
1505566208235890517,2,5.0
13569004687321789766,2,2.0
17563296379828595819,2,3.0
34986828958593626,2,5.0
13861647054867778311,2,4.0
4960998017984717847,2,3.0
9475444646817388625,2,5.0
8986800179848301923,2,13.0
5138681584197631698,2,3.0
15583466589047829606,2,2.0
3463543950482973207,2,13.0
16688438879943614359,2,3.0
10814399467547581586,2,4.0
2893399241224001309,2,8.0
11954147925749926076,2,5.0
4765292549711827189,2,11.0
7996303884296767879,2,24.0
10225725375303667528,2,34.0
4454099860998513805,2,2.0
11919326790928807714,2,2.0
11096443887441914466,2,36.0
4052748608705947115,2,9.0
13944932925639403069,2,16.0
12105959775331639077,2,2.0
13968335691400631973,2,3.0
6266254816458890719,2,2.0
8429287145710553674,2,30.0
16667769632115311227,2,3.0
8182898564649758791,2,3.0
5377168716378691239,2,2.0
2474933527221766843,2,5.0
1820680634341032670,2,23.0
8177978338074691226,2,13.0
14857600577712815485,2,4.0
16431131401641258857,2,5.0
11680860657559799400,2,2.0
734383676994207507,2,2.0
9899400934583506827,2,30.0
254063046706896337,2,4.0
15145351937957467185,2,6.0
10776780126618673296,2,12.0
14014302299727821780,2,12.0
4794476660833851791,2,2.0
9676016799678363986,2,2.0
4268658220769889101,2,2.0
971748058991759064,2,3.0
15141336886789900992,2,3.0
9701478687632554896,2,2.0
10358240913203788047,2,34.0
5987428499053848743,2,5.0
8834198514788721155,2,2.0
15511049173015599472,2,2.0
1696659432553161987,2,6.0
18391114814850489449,2,31.0
16205492597631665557,2,3.0
1171815218901724565,2,19.0
4898503044561189162,2,2.0
1357844896241453217,2,11.0
520599936450189494,2,2.0
7171228940829103653,2,4.0
4234051618983727089,2,2.0
11916782121874094507,2,5.0
15401694551325324955,2,2.0
15539911436276897815,2,4.0
5018275206688841161,2,5.0
11063475633425928530,2,2.0
726085780799251160,2,2.0
9065058663165930211,2,2.0
2415092110626914954,2,5.0
12699551910950206475,2,3.0
14029361735150939342,2,9.0
16664139597170330603,2,2.0
7869423517829404495,2,16.0
999605814479881336,2,17.0
10326185874060149855,2,3.0
269698207092203252,2,13.0
12452507057419187954,2,2.0
12630409648526970326,2,16.0
16920112352571866793,2,2.0
14253862176792418888,2,3.0
10667515068976639806,2,2.0
17524232256798128721,2,2.0
4280058413888099221,2,4.0
17468579322800745864,2,5.0
8268497977080261847,2,2.0
12954725389012477207,2,6.0
7825878706668727303,2,5.0
11021630392274197997,2,3.0
15045189033816791384,2,8.0
14729962826400284308,2,3.0
12782781295204536813,2,3.0
5288626322908487799,2,2.0
2950306744387766945,2,2.0
6518901974881671397,2,2.0
6423661958203651171,2,16.0
4458151147441299806,2,6.0
9179168238805356989,2,8.0
14270962986017468668,2,4.0
7496717903411074622,2,19.0
5837365039896204703,2,11.0
15274656827672643098,2,6.0
16259075472489675261,2,2.0
17578938838040907539,2,17.0
9075709198355403490,2,16.0
3206250264645442765,2,2.0
7551379478607854304,2,11.0
8111479564346093989,2,2.0
83848601247152200,2,2.0
15682527309629495329,2,3.0
5956702839012176459,2,2.0
5276158851153610783,2,3.0
1643287654901904774,2,2.0
9828744528272264143,2,3.0
13443741136466774344,2,14.0
13968466994390536926,2,4.0
232295327227690770,2,32.0
10387271688973728116,2,8.0
6741635503205186464,2,2.0
13427779581064421342,2,2.0
12246116981353697513,2,2.0
2007667658480384721,2,8.0
251666436729849106,2,35.0
13888063154335055012,2,2.0
10740823466717889179,2,4.0
2484611769761841815,2,13.0
16379001494494431373,2,2.0
3719720027113085083,2,2.0
7020713558044305852,2,6.0
16864769088494001584,2,2.0
12080530465767140971,2,2.0
1776223921699013989,2,31.0
4057180335785657625,2,2.0
11214010882766574181,2,5.0
11367172625501552677,2,4.0
2235265021355667392,2,33.0
12568088910447552945,2,16.0
2880537499857169960,2,2.0
371498885264210576,2,15.0
14117759622431675731,2,6.0
14490882589544953832,2,3.0
7617014165382064144,2,4.0
13968097860915705383,2,12.0
17223384921843959416,2,2.0
2676723272843550549,2,2.0
2678209697372104750,2,2.0
1665656798055177633,2,16.0
8952050590657453846,2,18.0
6164247454920009763,2,2.0
11891897293090653172,2,4.0
11717182382287098579,2,34.0
3727857763049266647,2,4.0
7727301305898522818,2,8.0
10618996227923707208,2,2.0
10195101889842375622,2,2.0
18117259444524915626,2,3.0
11460427871448904118,2,30.0
18324199587305924454,2,4.0
537302348962812876,2,2.0
207222368372952060,2,32.0
8099421094829369875,2,4.0
3925145881024809946,2,3.0
16844620317384013632,2,3.0
6354520570449783554,2,2.0
17189493325388018327,2,2.0
4362315346977876607,2,3.0
7216219784601423654,2,2.0
694865856764504517,2,7.0
17364399963321181173,2,2.0
14320504177854306058,2,40.0
16857415542639415028,2,3.0
15604761636057789298,2,2.0
11801270384177958895,2,4.0
16681557310410224985,2,4.0
13786899550513747702,2,2.0
16153495569405664891,2,4.0
7441652990004117070,2,3.0
17984119411925069630,2,2.0
15408954905208634247,2,2.0
5035201354220276292,2,2.0
14498213597418615586,2,7.0
7150410056874375263,2,2.0
10129189840885316935,2,2.0
7441210257636281560,2,3.0
2502023852412245183,2,4.0
6242278655978688100,2,2.0
11351812681701475577,2,6.0
3289023006651243927,2,34.0
994399081355050660,2,3.0
11024249793488607151,2,4.0
8946155520009394863,2,2.0
9323525911844489649,2,3.0
9621756271976733894,2,9.0
13345473326441797566,2,2.0
13613478880717543302,2,3.0
7617541163676826918,2,3.0
9469011195712812671,2,7.0
3851312534732767847,2,2.0
458863438888369109,2,2.0
1664616868483592139,2,17.0
192614472761143463,2,3.0
1560525316982009720,2,2.0
642088507354887413,2,2.0
9227634449035297120,2,3.0
7449913166837815373,2,36.0
10034778041188571986,2,3.0
12025508620783920886,2,3.0
18394618287237894957,2,5.0
530886470065511647,2,3.0
4336625323351855199,2,2.0
8306231274281639454,2,7.0
1821510648662470190,2,80.0
15953676522129708377,2,5.0
7718344464674147631,2,3.0
7283204017978169259,2,7.0
1187550868633965069,2,2.0
6876885288920094688,2,3.0
11881567450246731038,2,12.0
6621994007279307645,2,5.0
3205579926407869719,2,2.0
11332153489991725194,2,2.0
8872793214996581163,2,6.0
13613477296524485067,2,2.0
4088215381047936058,2,10.0
17483338859348524362,2,5.0
2491321786733900326,2,9.0
12779569903849829176,2,13.0
13732340166479839940,2,3.0
15841162549462001692,2,3.0
15121624672809081628,2,3.0
18200725418059368151,2,12.0
5295717377216437196,2,3.0
3541490134565702241,2,3.0
13752555169832131525,2,2.0
9984180064956606669,2,4.0
2408530381796305508,2,23.0
8857134571109818945,2,4.0
12097048957481025627,2,19.0
15962412742107799351,2,22.0
9001003840960775932,2,4.0
10505211620993866524,2,34.0
8401242159768584143,2,8.0
7722766647135163304,2,2.0
15808941595560336070,2,2.0
3735354771764357304,2,28.0
1177639227346945255,2,2.0
4257340611720714731,2,5.0
5611193118423962349,2,4.0
18046715874449810666,2,4.0
12588781864099787775,2,10.0
17727823605025991480,2,2.0
17237151607595531182,2,3.0
9967938456405587222,2,36.0
6402651938277366673,2,2.0
764282907028932999,2,9.0
2377326968442714496,2,2.0
7156314199008389502,2,2.0
12372975276132764643,2,2.0
4695380778731107583,2,3.0
17168609331827236447,2,5.0
6115876069762732647,2,2.0
7980268331694779870,2,2.0
7252339776156463352,2,10.0
12716192278965479179,2,2.0
14717301863577486589,2,2.0
11624594901018412022,2,5.0
7537927899491505064,2,2.0
851815752741845884,2,13.0
11388816263351031461,2,2.0
250103376773921343,2,3.0
3979277546390163718,2,20.0
17719701004962921608,2,5.0
194930321191534604,2,29.0
15081184806355929233,2,3.0
16960549963465798386,2,5.0
5452910626550161633,2,6.0
5449261629736389103,2,3.0
11150860470622179452,2,17.0
11159410432790355120,2,3.0
10612746338070783718,2,13.0
16025752233585203998,2,4.0
9440748105646385802,2,3.0
14300571794068581570,2,13.0
9455264213808829802,2,5.0
1469537619368774669,2,4.0
4869995265116958148,2,3.0
13176960911525572825,2,13.0
1164715978336263251,2,3.0
14711472108302259682,2,10.0
10764438258803431546,2,20.0
9849569828820333217,2,2.0
715039758076892115,2,13.0
8623672364829427265,2,15.0
2225065129836164648,2,2.0
1222738185554758527,2,3.0
8133152600637259199,2,13.0
6345269092548800010,2,12.0
17461693699260173948,2,6.0
3065571827271479366,2,2.0
12941987429683991908,2,2.0
3047002798030423958,2,2.0
1796719587087845671,2,32.0
8608463349900339728,2,3.0
88514645237698235,2,2.0
10351035795227745172,2,2.0
16297798562964142869,2,4.0
4492533442067771223,2,4.0
12689414020049872268,2,20.0
10126229108586823367,2,3.0
9663010650728877519,2,6.0
4163383290830345394,2,2.0
4660129030915986301,2,9.0
5898138363459325941,2,9.0
15606664262775023439,2,2.0
5780123265944672440,2,2.0
16700856759305079429,2,30.0
9532484747687484944,2,7.0
1123588037382642100,2,2.0
10592820258045768782,2,6.0
16337024312510210219,2,2.0
6498641267909798107,2,2.0
2167040615528119427,2,2.0
13247414659688551664,2,2.0
378846237522457555,2,5.0
3996414445608971490,2,2.0
1622736905987892356,2,2.0
1530814214802038316,2,2.0
7348985895398222615,2,4.0
10451377077413849741,2,9.0
17744278918694189916,2,2.0
8987400263737392671,2,5.0
2989059067719977879,2,31.0
13286145866508054436,2,3.0
1208938199991818648,2,13.0
11592471084805793785,2,4.0
7778874182348391483,2,2.0
17778347657235758275,2,7.0
4817597030900635716,2,2.0
15000431521381275311,2,8.0
17194606060318182133,2,4.0
661998618350476957,2,2.0
506029836283148007,2,3.0
11906904265594244294,2,2.0
14965432913038548371,2,6.0
16300724893842387921,2,2.0
16115050105880423332,2,2.0
528392284856719624,2,2.0
7377948824334504957,2,2.0
9880782135731491674,2,2.0
10003865787828675445,2,15.0
12622285289886941638,2,6.0
9688471799807408497,2,2.0
6989684864069763277,2,2.0
9234205642292067527,2,3.0
4074500943003498275,2,21.0
668890797855965990,2,25.0
2906951915428813883,2,2.0
5838160950950918707,2,2.0
11708875456043591366,2,13.0
17980195599574763815,2,7.0
4356529636364870337,2,3.0
10303593965853595309,2,3.0
17642747119128285579,2,8.0
11628725505962833045,2,5.0
11101207276043002025,2,2.0
13012616519962996962,2,3.0
6601192245344846894,2,3.0
14124472302677509109,2,5.0
3303439995124368144,2,3.0
1939411664554845784,2,8.0
15703430089462580702,2,2.0
6651745154313149590,2,7.0
7702071685436814267,2,15.0
3965060915541017194,2,5.0
14298139496204807733,2,3.0
15956367986401161461,2,2.0
8877345739997753892,2,2.0
10880809156748131671,2,3.0
13915897924981208775,2,2.0
8456445493158241339,2,2.0
9724923064473965277,2,2.0
1198763546678657906,2,3.0
5054316365214956977,2,4.0
9202329578939100936,2,3.0
10291169096170867027,2,34.0
1093535579300397092,2,2.0
453557084285544763,2,5.0
8421857930454526909,2,24.0
541653347801169898,2,11.0
5329048758488239297,2,2.0
4525796472750270234,2,32.0
11002801980654146246,2,15.0
7578383078324195354,2,5.0
15057367068567152814,2,2.0
17315412267399095985,2,2.0
17462085281409127044,2,2.0
2786172750405584373,2,2.0
6707854099158969171,2,2.0
2022196720913382847,2,32.0
8972335320954818470,2,51.0
14666419215427882752,2,2.0
14957293727693218913,2,2.0
7368724317614685951,2,2.0
4067813414820051530,2,2.0
17577360843850886342,2,5.0
3660394365271672995,2,4.0
10881946928403264381,2,4.0
1115842457087512140,2,2.0
11810517606084623750,2,24.0
5012371382956848391,2,12.0
16900357118660153709,2,18.0
10270791273032827932,2,3.0
17817180727537085972,2,2.0
18400808326835000984,2,6.0
6119033542785951427,2,2.0
8241359231457863327,2,2.0
2944377738915554658,2,8.0
12394558829554505987,2,3.0
545460778370289427,2,2.0
11294599463879384181,2,2.0
15495423284065217319,2,2.0
9177224372257881829,2,4.0
7054735947057104780,2,3.0
13520667903065104504,2,6.0
5756533788635817000,2,5.0
14315651947764752849,2,34.0
11753726018619286848,2,104.0
16222691097042511684,2,18.0
7394658821102350750,2,13.0
7701739797498953931,2,26.0
12676340035615393790,2,5.0
13380907411365404080,2,5.0
4542009777959730931,2,3.0
17071474321183976804,2,4.0
16091124449055858774,2,3.0
10592220695163002355,2,2.0
13976275240086536940,2,2.0
17802358521316780303,2,2.0
5794378926687538758,2,6.0
7411206313818734100,2,2.0
682781508133252120,2,4.0
2366333298026860570,2,3.0
3038924227025919496,2,2.0
16854243397648670199,2,3.0
1121227543475797519,2,2.0
15041802918081319860,2,29.0
13122979599128672910,2,29.0
12272177072788612454,2,8.0
6844676985625225961,2,2.0
1053870289936800640,2,2.0
17201775445277711717,2,23.0
7071925025796709429,2,5.0
6788318292182908947,2,33.0
13982944476375480019,2,25.0
11048527341807242039,2,2.0
3768857718813304520,2,2.0
14375695159858146916,2,4.0
15784755933733550116,2,2.0
2084085444289584721,2,3.0
13541622910860706796,2,8.0
14618801064401157663,2,10.0
1283648466565014954,2,35.0
1824950495992624462,2,2.0
284750723052102323,2,2.0
11977379540118137121,2,2.0
8178844608971686425,2,4.0
13105154806160237442,2,2.0
13446791873151573672,2,16.0
2007440403552562660,2,3.0
4286234627882933229,2,4.0
13508331271528294747,2,4.0
4059027099185804088,2,27.0
9485904480423770931,2,2.0
6147880982105169795,2,2.0
11671259018377266534,2,10.0
8140144521751378938,2,2.0
9351954183115214880,2,14.0
5023579091855962679,2,26.0
15786736193409232892,2,2.0
1249041566770970392,2,2.0
966400680892947877,2,10.0
18247994013839446295,2,3.0
16401267179585515478,2,3.0
15421551905228321064,2,10.0
13984070959850823781,2,34.0
16428562437879941135,2,36.0
14098445566356105146,2,37.0
10165642566936644168,2,2.0
12336434553818562957,2,2.0
334345734418079104,2,2.0
15418586860269393777,2,2.0
11428617306920071107,2,2.0
10128099757489403722,2,2.0
17596492731455827270,2,3.0
11466286727394292575,2,3.0
10105838583189030525,2,2.0
10345761842496287390,2,6.0
16061703102293649686,2,2.0
9378290927720802767,2,3.0
12973831575279415376,2,5.0
4729769127425363978,2,4.0
6442739713082356772,2,2.0
4453032010441293248,2,2.0
10164050760333161091,2,14.0
11965265044955317271,2,3.0
3786224729358681404,2,2.0
12150320124904936677,2,2.0
7182618976369985507,2,2.0
8134644492179695340,2,33.0
11099750287245593091,2,9.0
993533122431318269,2,5.0
7324947091634941503,2,3.0
8641048020322787021,2,2.0
662393145554471527,2,7.0
4364844312861859963,2,8.0
3178074930176100235,2,6.0
16282772256881068096,2,2.0
11464495626300872773,2,28.0
2614542433644096582,2,6.0
8963845518263580697,2,8.0
595651192380291483,2,2.0
18298363552847294607,2,11.0
8011843676876482334,2,4.0
12871191032720083083,2,3.0
15154954482220315079,2,6.0
4632673658026162240,2,11.0
17632209255417860921,2,12.0
3084385374482184327,2,4.0
743878507339211800,2,8.0
13639640014046404300,2,5.0
532281653980229023,2,3.0
12446569243104502057,2,2.0
13678203230007568470,2,5.0
2673329846661549837,2,35.0
9996245319350593544,2,2.0
1197314056661574610,2,9.0
4575891662875569570,2,7.0
9331423628440896039,2,8.0
5522298550019054981,2,3.0
16498741732982508573,2,2.0
8091752126889263551,2,2.0
6518355284858621723,2,3.0
14466939267738126598,2,8.0
4344311671587883774,2,3.0
16878259550353321795,2,5.0
10231294019282313097,2,54.0
16165565098987927506,2,8.0
5380765330246877382,2,2.0
589759824731180155,2,2.0
2026279171222205706,2,3.0
1069693079363609419,2,73.0
12028604373144450753,2,24.0
2148628026136808693,2,2.0
4299409979501261889,2,2.0
9190988007929884944,2,5.0
5122495163767047626,2,3.0
16407660136128611547,2,4.0
9276635572923378463,2,2.0
6393995382490126666,2,10.0
175503510924470315,2,3.0
14248861852790010228,2,3.0
12821732555953353122,2,4.0
13041991579094904895,2,7.0
1014912619754629814,2,2.0
3619425627317210963,2,4.0
6167930018927496907,2,2.0
1152817188349978148,2,7.0
1811453237968701743,2,3.0
3503721647956522642,2,34.0
4056381774581620432,2,2.0
6663101336152619295,2,2.0
12424328410653912766,2,3.0
15909549729879633916,2,6.0
397535783027482410,2,7.0
3318555977149884939,2,2.0
14577413062474526169,2,2.0
1429848617001899585,2,3.0
10228974950748698119,2,2.0
17090561223704076031,2,6.0
11970434922669263907,2,5.0
5576056512997436755,2,8.0
4176340406531590157,2,4.0
1910892174333764113,2,85.0
17734022138430078487,2,20.0
5761187402085271655,2,8.0
15616264052893909856,2,5.0
5624288766074251285,2,13.0
11085785954655793534,2,2.0
11939288774344568903,2,7.0
7720701406739448216,2,3.0
17292614984380718912,2,4.0
7973887209044528099,2,26.0
16386870818240287147,2,10.0
9721453495002922225,2,5.0
2791396453047166406,2,2.0
17501858595501294071,2,3.0
13009742718167586261,2,2.0
13138591322293198980,2,16.0
4283800327824748440,2,5.0
12300594816257641782,2,6.0
3625341731359917509,2,5.0
6290459415912095870,2,2.0
3963784208956657306,2,2.0
821286798841791013,2,4.0
7887269675886491325,2,3.0
9425328814724504957,2,2.0
11176649924454070790,2,5.0
13818045366452170955,2,2.0
14180207808708079814,2,3.0
14896757108295554420,2,9.0
3776213000917004794,2,87.0
1126734695214184565,2,3.0
9585513042034147651,2,6.0
18034442493569917408,2,9.0
14201456923010776805,2,2.0
7737267800565236162,2,8.0
16636107563837066834,2,5.0
13686867319816675898,2,8.0
16305870417911804142,2,6.0
5688444817139245232,2,6.0
12996617722648802942,2,7.0
11535661781006770743,2,2.0
10398017474360679338,2,2.0
17957390816717821600,2,2.0
1428037110760154560,2,7.0
10316733253846170246,2,6.0
8526491222025116940,2,78.0
17247906918182131472,2,2.0
477456958577727642,2,4.0
3782018499543615954,2,7.0
12197724281601434352,2,2.0
16718213195074521415,2,35.0
17172099738584920544,2,2.0
7407082127748511964,2,3.0
15883202495308643535,2,2.0
11278677523476773038,2,3.0
16720606136686471516,2,2.0
4300736810225812456,2,7.0
4257282335551370249,2,5.0
13926768919645599570,2,18.0
4791683353429339463,2,2.0
2123110006150899308,2,3.0
17295069583938089982,2,2.0
16855286216935614806,2,34.0
5569590894734527745,2,2.0
5285476176463329393,2,2.0
15368118941404104215,2,5.0
14052394608070870680,2,8.0
285496166964282220,2,2.0
13320999469841645851,2,2.0
342166313712367766,2,3.0
8550937355308569327,2,2.0
9174813218521664966,2,31.0
16306796424379935441,2,4.0
4393692171079901211,2,4.0
4233003593874541461,2,7.0
545965149242060899,2,4.0
17819099522723190643,2,2.0
14352806633464034559,2,2.0
14143447284726514254,2,16.0
11076247450399925355,2,3.0
10952406707680949896,2,4.0
18245343429167667514,2,15.0
288767721724928988,2,10.0
5309480084578412568,2,2.0
11010168570766389218,2,2.0
12881091210607899870,2,2.0
10890666987087169841,2,2.0
15141000670649775353,2,3.0
14803335820072311375,2,5.0
14088718515138278513,2,16.0
9802562251861741018,2,14.0
5973739609355473696,2,6.0
7245354568675939194,2,5.0
10483381167583674600,2,5.0
4435850611072950481,2,14.0
14284501820030185304,2,3.0
5060940079096865495,2,6.0
1316324248286779448,2,3.0
2083638254771412625,2,3.0
963016808247811996,2,5.0
1091244626314690161,2,2.0
800088359206489510,2,13.0
11135915450732294443,2,2.0
9139474389536075092,2,3.0
14300883345267301314,2,2.0
10049073573564829044,2,3.0
1904411215184067963,2,4.0
3414049073594200590,2,22.0
7267205383655080676,2,3.0
9671708032721456705,2,40.0
3715630595868772380,2,2.0
8065100059402506912,2,2.0
2656012062306541293,2,3.0
10946726300602875128,2,2.0
2716075243089660776,2,5.0
16831111450538033899,2,3.0
9712870537390599695,2,2.0
17898582378332769180,2,2.0
10311034009945062454,2,4.0
10473993607746101691,2,2.0
881491775789769619,2,3.0
17701161571211321517,2,11.0
11546945206926560622,2,5.0
6264064327450425119,2,2.0
6938456420459738168,2,2.0
9692389170776923284,2,2.0
890235185107061946,2,7.0
17224085290030661039,2,3.0
6193351771114024203,2,31.0
183758391709686921,2,4.0
10310858927718820753,2,11.0
12297808315690674787,2,3.0
13295610886228415762,2,10.0
14098086331627762439,2,5.0
17901170349263985844,2,6.0
9925216744917728880,2,10.0
9739279645008242024,2,2.0
10905506005926428299,2,3.0
16550850290278540672,2,13.0
4450349802698872464,2,35.0
10823873066631377908,2,2.0
3231793015847901960,2,2.0
9605245083552458218,2,2.0
3737620495918983331,2,3.0
4282628755732180983,2,3.0
10040083237146372728,2,4.0
18100006097315196897,2,5.0
14218072093249356610,2,2.0
10591660935127201590,2,6.0
5876088152537079897,2,3.0
1950584742917677016,2,2.0
12950766033139791901,2,2.0
2791767984354173983,2,5.0
1573714760813727099,2,11.0
12942537934136196950,2,6.0
5160440562136099173,2,4.0
9744641482452627186,2,2.0
18188485432846572131,2,7.0
10695278762129108449,2,2.0
15395785003185958043,2,5.0
11561179915454419119,2,2.0
16636433494097378118,2,2.0
4247401225140518228,2,20.0
453166152924759366,2,32.0
11921158313713098655,2,24.0
14237139550026636819,2,4.0
3529290179392317155,2,3.0
704718629934104360,2,2.0
16716418753207659712,2,2.0
11566626787660646791,2,2.0
9885620182207613258,2,5.0
4524268857616065098,2,100.0
14427638827617649291,2,2.0
11227807132962030458,2,2.0
10639689377694924667,2,10.0
4382942056438646287,2,4.0
2398923708061489842,2,3.0
2732325422794061298,2,7.0
18150530323883653181,2,16.0
2624814140041786401,2,2.0
11076275683899243931,2,8.0
10395566169516853177,2,2.0
16074030097047033887,2,8.0
8288794173063530802,2,8.0
2055926787088768447,2,5.0
11905619747518716157,2,7.0
10392231183247324019,2,2.0
8805765501330971152,2,2.0
8440945859971176250,2,2.0
12753118904352361911,2,2.0
4448372563781323891,2,3.0
5503984695131937751,2,2.0
6363788654804027751,2,26.0
1006396086619603359,2,6.0
10065035277590086714,2,3.0
6257987769409182450,2,2.0
12880953985432272022,2,5.0
5566847359909030650,2,16.0
14018189947162373192,2,2.0
3715089412102274343,2,2.0
14033348901826423863,2,4.0
12164805094784684759,2,2.0
7726171807756591391,2,2.0
1494277789186210274,2,3.0
1568772713621056865,2,2.0
16000684236416680181,2,4.0
9871495817876369237,2,6.0
1167191744031010660,2,3.0
16537309333898517186,2,33.0
11405331517266409278,2,20.0
17661453373999277365,2,3.0
18038234244860710266,2,2.0
15459132931104101975,2,12.0
6308925135333909440,2,3.0
7939306951094316789,2,2.0
9217194958855197347,2,4.0
7135227684168814708,2,31.0
11214951950681663326,2,3.0
16267110510184066249,2,31.0
15885884131455770015,2,3.0
16861724467781809565,2,11.0
15356351208751405177,2,2.0
17507305741902322027,2,19.0
9285951983985225015,2,4.0
17209900364454676342,2,9.0
4320844620994377856,2,2.0
15572954074401309760,2,15.0
5015044828795043318,2,8.0
519480896370815471,2,4.0
3930307271244227312,2,17.0
3023877709295844578,2,9.0
8784465228629473443,2,2.0
5606557045398423465,2,6.0
12289359840969968810,2,2.0
17492559195037323321,2,24.0
5931846913753243793,2,4.0
11717655945255869837,2,33.0
666840739430756713,2,4.0
1216157227789430437,2,16.0
8932151517829557336,2,2.0
5045448023501638335,2,9.0
5249843871095809390,2,2.0
13133078963828604129,2,3.0
3683694586775652659,2,2.0
13592052085294034201,2,38.0
8037636254368506371,2,15.0
5554597556800866784,2,6.0
12170975934780946641,2,2.0
531992004218380157,2,2.0
4865703171307803223,2,2.0
14882553832242926693,2,2.0
13936087389365780836,2,8.0
7233991380837498240,2,2.0
5903202793813748521,2,2.0
11509911797412638681,2,17.0
8946317869789848532,2,9.0
5105083358823679510,2,2.0
8807602155105474766,2,2.0
13588804691906896786,2,2.0
18258729399563027632,2,6.0
18181303176686476548,2,2.0
4667077588909948817,2,2.0
10292406063853676422,2,2.0
9865550031662573261,2,2.0
11174148846085291831,2,2.0
16538435587520620777,2,11.0
8085797592661678976,2,3.0
6618911353784761660,2,2.0
10301814825671883813,2,11.0
9773194720897599876,2,3.0
14391613267535316205,2,3.0
13575678742099424617,2,12.0
8557768905020176029,2,5.0
7066672758196215537,2,2.0
8942875112083008023,2,2.0
861825588676054001,2,2.0
7068090966313707263,2,2.0
5868757661957837184,2,40.0
17477184470793132862,2,6.0
16644840416619438556,2,2.0
670739814721911590,2,36.0
14768236378621602518,2,3.0
9329036973472359515,2,2.0
1745656852400810541,2,2.0
14693354492526517165,2,2.0
11178605482597751523,2,11.0
12857307794357737001,2,2.0
1239199863959020670,2,3.0
11268223866831004677,2,2.0
4981567458998003522,2,2.0
8441495983296376584,2,2.0
11482387533236103134,2,7.0
1615450351936899386,2,2.0
2346800014973987584,2,3.0
11004224255652775621,2,2.0
5698036533202438000,2,4.0
15195724852185022005,2,3.0
7111066495842708276,2,2.0
15388050066942215701,2,3.0
970801274342110385,2,5.0
8956413144846274204,2,7.0
9224864036712774619,2,34.0
5800016388227605354,2,3.0
10763173886656219459,2,7.0
2772381376348976761,2,6.0
15252286636794984843,2,3.0
8940611397105407592,2,7.0
17270531693082570295,2,2.0
9314237860214855603,2,2.0
11038765524674216609,2,2.0
16287045635433132796,2,11.0
6937875278865091051,2,4.0
7815783078117476648,2,2.0
15985913036644370457,2,4.0
6341973841237921747,2,6.0
5796104154438647008,2,2.0
5861433726711124668,2,9.0
10864708728081641384,2,2.0
10395304686825708069,2,4.0
1454828111254127743,2,3.0
15445947953285057894,2,2.0
5695325538570103424,2,5.0
2287286710114305233,2,4.0
17376729552559744394,2,2.0
43348450277874292,2,2.0
17747200258376503142,2,18.0
4867457477171683336,2,3.0
10301466045520180890,2,3.0
4961648727458689565,2,2.0
6256813561181522780,2,4.0
1170400008315764872,2,2.0
6969740471993971607,2,18.0
2661931906410099254,2,4.0
11486108196319097051,2,2.0
8005756448677763384,2,6.0
13257394231122057765,2,19.0
12323806298441296972,2,4.0
7666213854485973646,2,2.0
5289228035535936171,2,6.0
18223961000030875647,2,2.0
16375691818327557131,2,2.0
1884361249294610632,2,8.0
17536214986627991802,2,2.0
4000393056757884715,2,2.0
17691703373009910823,2,22.0
7873494199397334632,2,3.0
16648156338076116751,2,2.0
8503852896844579010,2,2.0
16546091434977655083,2,2.0
10564498421579775211,2,2.0
16224676531838538629,2,2.0
14192785613550482295,2,13.0
14479348878906386389,2,78.0
18372614064668795726,2,3.0
8543326671650889178,2,5.0
5467297520810494586,2,2.0
13004665975377590257,2,7.0
7615524621319137710,2,19.0
1984520491734297427,2,2.0
1017861033255989422,2,2.0
9090409637550482756,2,3.0
12539591536750319949,2,4.0
11001158447302734593,2,7.0
7119678317251197072,2,3.0
2656693124342028922,2,2.0
14370566726911269105,2,3.0
1796481333165594971,2,7.0
17459055801842564245,2,3.0
16983916518785565863,2,6.0
14116758503572807250,2,2.0
7726153179872721972,2,31.0
6142315614786536936,2,3.0
4367412477175983479,2,4.0
16774680698640485218,2,2.0
2257473232246600810,2,36.0
6633233301749611492,2,2.0
10958245647997230073,2,9.0
4040459710379198357,2,2.0
15467148448791090997,2,4.0
49435862033483305,2,3.0
4599344595374664422,2,2.0
11394253759228568726,2,19.0
2922761548456473296,2,2.0
17265022383841568980,2,6.0
14597628944416076569,2,4.0
6932028196609961669,2,4.0
14507038036307910265,2,10.0
15452787259464248219,2,4.0
10241082892882049938,2,3.0
16257480179028171048,2,4.0
1564255098896322270,2,3.0
9628262348854677286,2,2.0
13024119326296238309,2,2.0
11231414798709515924,2,2.0
11647626711132614626,2,3.0
5956056159181235175,2,3.0
12252717311342191451,2,2.0
18284819146622785512,2,2.0
12515078479063967065,2,3.0
116691845064276656,2,8.0
2028552032948108785,2,10.0
6710068016192816414,2,11.0
10229039001721654996,2,3.0
7622573885394850731,2,3.0
15823591514597429981,2,2.0
3667877588754968420,2,7.0
17701296623225394137,2,6.0
11030551176626191468,2,8.0
2794728822979310260,2,27.0
11364587001261471758,2,2.0
3510600299376031490,2,2.0
3697495245995714023,2,8.0
12688836579035370983,2,3.0
793472772974001095,2,8.0
6912576920456445316,2,12.0
16136018816189854025,2,34.0
17512971822117632423,2,7.0
16197087751144743334,2,2.0
5902602807517283901,2,2.0
12597527209663305242,2,2.0
1804205773640821617,2,3.0
6559706223693572773,2,3.0
16418368162199298189,2,16.0
16802917901722926752,2,2.0
14313861775349679714,2,2.0
9168450535018270239,2,4.0
6104402321906953273,2,3.0
388414232680384441,2,35.0
18046986796378438897,2,2.0
12675262854365529732,2,38.0
15251466052604511367,2,2.0
16750903609458910264,2,13.0
2489565518080166641,2,8.0
16221148414990977021,2,4.0
10585046945281471173,2,7.0
7478612003756776980,2,6.0
10477838626775237285,2,34.0
15671069146979008304,2,4.0
11117709617225508036,2,3.0
7654733581096240651,2,12.0
6575560442496374433,2,7.0
13219643469396988047,2,8.0
4498404917844785968,2,2.0
8947478172371213240,2,2.0
1144637057642179843,2,30.0
12688540593874483593,2,12.0
13766312971589278726,2,3.0
10531621189606810930,2,36.0
18395690749900796910,2,7.0
10045210126821005228,2,4.0
3993231138228492794,2,2.0
7467824549060771442,2,2.0
8245833770218659086,2,2.0
14352904236807856859,2,13.0
3918028796829309654,2,4.0
6486178526842555311,2,2.0
10330324538960189645,2,7.0
4943105326071113091,2,2.0
2270798155096488500,2,5.0
15916993030710370821,2,2.0
10943549689473226565,2,10.0
1028781457582548772,2,2.0
3376238406700454202,2,7.0
6371150570187309251,2,3.0
8339511223957096959,2,2.0
15359366498476919785,2,5.0
14211118950518407978,2,2.0
5391351244007483086,2,6.0
14796736210263437380,2,2.0
1456188309630302834,2,6.0
16747207454796977746,2,5.0
1920921791082967967,2,9.0
13339663868484203793,2,2.0
8070769032070174742,2,2.0
8988101301902491736,2,5.0
11923663892819714091,2,8.0
7924459024223066303,2,4.0
17620052936363766119,2,31.0
17676240075568700956,2,3.0
4664073313384899434,2,3.0
4801933440211680748,2,7.0
15848165876118823755,2,2.0
1560897922572170592,2,6.0
9242610671720623512,2,9.0
3144279367701131698,2,39.0
2414660399563542838,2,7.0
6287727922598138720,2,57.0
99806472779063089,2,29.0
12429783257008991566,2,8.0
9427736648334079746,2,2.0
358831585910407324,2,2.0
13900624692956167435,2,4.0
2995080911905789302,2,2.0
7615181132798955330,2,2.0
6981798317995799486,2,40.0
18390503888285475437,2,6.0
3969459059367989442,2,2.0
3884121469996829976,2,7.0
9181886911878257709,2,29.0
16153762719742271882,2,4.0
3301307310547998567,2,2.0
17002720850437864381,2,8.0
8253023554907274897,2,6.0
6192954737498918084,2,3.0
4448099996886344349,2,3.0
15585521696828054322,2,3.0
40312505843657728,2,2.0
9191454126138403575,2,2.0
7529354901798938328,2,4.0
366997042764843092,2,29.0
1222371952445896530,2,2.0
5502909725738216768,2,2.0
17697110126163399505,2,2.0
2739255775623648510,2,2.0
15878202582471943419,2,2.0
2564101535226624726,2,5.0
10279061608517230686,2,34.0
5031332549072346705,2,2.0
17520487051620131415,2,33.0
7088519321496082180,2,11.0
6296152361950089796,2,3.0
4532094968439924536,2,3.0
13213722304602452926,2,11.0
9700440607768238445,2,7.0
18053902817757657253,2,2.0
8774672739157084855,2,32.0
15506701384070405579,2,2.0
17998439073116214567,2,4.0
7651061752972015084,2,3.0
3640807582310257133,2,30.0
17146761862333401051,2,3.0
4082967691341612110,2,2.0
118426328231949996,2,5.0
15673103098444710936,2,3.0
4731978006044811336,2,5.0
17069084690948742319,2,3.0
3277734097413052693,2,3.0
13972450749245527056,2,2.0
16443622747142864988,2,2.0
1162581213919168095,2,30.0
17327220465221015112,2,3.0
6063736607853986548,2,15.0
10924750123445493788,2,14.0
6497805522855755355,2,2.0
9830009335985697374,2,69.0
1206148438801372529,2,3.0
2115935824993596963,2,6.0
6975640160223754240,2,2.0
9799282552050831993,2,2.0
12019510264521107074,2,2.0
14564617458643244395,2,2.0
13084302465609410610,2,5.0
2658275128299246289,2,2.0
10170805339913191036,2,5.0
11651782920703444852,2,2.0
7187361298243927612,2,3.0
16379433639036611971,2,9.0
13904137828957645564,2,3.0
3154480167235866228,2,2.0
18445026147122061292,2,31.0
3794021796350235406,2,2.0
6406864586718530474,2,6.0
15809042979568396686,2,2.0
16578880357347174385,2,5.0
8618066732134063354,2,7.0
12879223804511757843,2,3.0
13171150413947513957,2,2.0
8399720666403131172,2,2.0
6645592257426762600,2,15.0
4160151044837786945,2,10.0
1086462350953378644,2,92.0
12743459006873468390,2,2.0
3881257017566249218,2,2.0
32623922226509591,2,5.0
3733790866969724134,2,2.0
9608709111310140054,2,5.0
16493781134404403803,2,4.0
3610333023225842564,2,6.0
8593198092129175602,2,2.0
5953074835687573648,2,4.0
1876436215751422582,2,3.0
14567777477465496430,2,2.0
814194587353871123,2,15.0
5493218189326656010,2,2.0
15914494330663171180,2,6.0
840014291821437729,2,31.0
545333803196481523,2,2.0
10376546918929845691,2,93.0
11807758047441894515,2,4.0
8708550310292030420,2,35.0
15129770223396668,2,16.0
272383669941980456,2,7.0
16270421861581056781,2,3.0
8314964349375856221,2,2.0
10451110216563656002,2,6.0
17931405459615820588,2,12.0
10475402689505778328,2,2.0
2653298341566304624,2,88.0
4377091576431582208,2,2.0
1422970005006444631,2,22.0
6290167971007996112,2,3.0
7348340843212538347,2,2.0
14807238345509651896,2,6.0
13928634183716272299,2,5.0
5716516892196262957,2,2.0
6113929437820863679,2,3.0
10629072252575021277,2,3.0
17353004833958535183,2,3.0
11460585196428332434,2,4.0
14623065060558196113,2,3.0
18409808549176223013,2,4.0
1382455285118366850,2,3.0
9447772322605507019,2,33.0
1436932356646174013,2,4.0
14720042782689419372,2,8.0
18278523178991296877,2,5.0
8411021435782542344,2,2.0
15872594777932967143,2,3.0
11104443814834039151,2,4.0
2014894652585671965,2,5.0
13029362500772091356,2,7.0
11468274553236437977,2,5.0
997651608509741524,2,3.0
5690450946995968076,2,14.0
7447716645469996736,2,3.0
17314561677211479712,2,4.0
7498243934083540190,2,3.0
10450439755359077019,2,4.0
3493020506182545165,2,6.0
12163418430299835369,2,5.0
8155277122431206531,2,2.0
4346491916995290804,2,2.0
13195490600757057385,2,2.0
18110438656798141311,2,2.0
14274569951214088649,2,6.0
10361189320305728473,2,2.0
3927712453551985729,2,8.0
3780322448413496200,2,2.0
701947631131698971,2,12.0
5009819436589569377,2,3.0
907441327134641439,2,11.0
4150439729727351512,2,2.0
10639535587266606965,2,2.0
15292576808887889867,2,8.0
9971038367361725704,2,8.0
2758034461847957409,2,2.0
3867446457046005079,2,6.0
467836747290434230,2,4.0
16839781537400242047,2,13.0
2070228487493856584,2,8.0
4384505904014690086,2,6.0
7335677728150303327,2,10.0
6090119437890460863,2,5.0
5552700165117027169,2,2.0
8820867529387753223,2,6.0
11781037326801081768,2,2.0
3271298012614389202,2,2.0
6066942317179168178,2,6.0
822211135287665727,2,3.0
15649300180316321463,2,3.0
5879748476435901245,2,8.0
8209909413760845309,2,7.0
8114050237634978382,2,3.0
7761572129827309869,2,2.0
17054398083569732002,2,3.0
10093386074833194389,2,3.0
11041592806035195331,2,34.0
9710859842770447897,2,4.0
12053718479272946737,2,13.0
14327327683123009916,2,2.0
3461206963011579870,2,3.0
16638585251945012666,2,2.0
2669620536142504374,2,15.0
3089762384309710353,2,34.0
11936578455021678174,2,19.0
5867141695324742858,2,2.0
3652399291145448736,2,2.0
27769159876563784,2,8.0
9890338736481359801,2,2.0
14533901654273587683,2,8.0
3473788372589228278,2,2.0
1703538596588063419,2,2.0
283552813058955880,2,2.0
6769251546975619666,2,2.0
6055462970499387208,2,2.0
15030856154658568218,2,5.0
7351672796488574113,2,6.0
4939284376244249971,2,5.0
12446482203439815710,2,16.0
18323928165752211070,2,5.0
5087050094622101719,2,6.0
16822022657970728604,2,3.0
10901755724730026128,2,2.0
836631448315034099,2,7.0
3678269502515650271,2,2.0
1381791845240244255,2,7.0
6126057312101561532,2,3.0
11348283765044668393,2,5.0
14153717319176675789,2,4.0
12228372050156470946,2,5.0
8966461820628320219,2,2.0
8156183964979166185,2,6.0
14880629864317031002,2,2.0
1732502741945063868,2,4.0
4878532357026482744,2,2.0
13312553826924355673,2,7.0
16685686649603754064,2,2.0
12299221238404374123,2,7.0
2157360626058773141,2,7.0
11511757896636382717,2,9.0
14692029743553895844,2,17.0
1966970504215465908,2,2.0
7005726547327083670,2,3.0
7956143049539278116,2,7.0
2357925368638785791,2,4.0
7931236644329618617,2,3.0
9851095595711074901,2,3.0
13958203411746212575,2,25.0
498646504983982317,2,4.0
7839068185377910865,2,3.0
4245502945950965053,2,6.0
15419832917628642375,2,2.0
2934572386135454771,2,2.0
11710008615635804706,2,2.0
7421616959832239730,2,2.0
14239022477863295838,2,2.0
5251036729791695642,2,5.0
12486002430633818304,2,5.0
16951392853727502767,2,3.0
17629745118645665767,2,2.0
18195408913760697128,2,17.0
12892677124596490943,2,13.0
15191656034477909246,2,4.0
1352611469664018041,2,2.0
16702214256461351255,2,3.0
214972620338222719,2,3.0
14453676251438210699,2,24.0
10623149906536270472,2,2.0
17694215742033699039,2,2.0
5393816641989202218,2,2.0
7911202771334308209,2,4.0
15170281257698464688,2,3.0
17856006723085069061,2,3.0
10646843447733598769,2,4.0
6927529972464171472,2,5.0
4712843117281251391,2,13.0
8466256545819545503,2,4.0
8943809217689205730,2,2.0
13298458592076679259,2,3.0
9143538939375822488,2,4.0
11220868740996638854,2,3.0
9869993460955588099,2,2.0
14721395021413597656,2,8.0
6489665876857836189,2,3.0
9574478865171478628,2,2.0
5653677581059950055,2,5.0
2008319551564985288,2,2.0
601892235089952982,2,2.0
15524049666968563087,2,3.0
11325437700021878410,2,6.0
426582010181149676,2,7.0
17756478453479201348,2,7.0
14140141530217942487,2,17.0
3309787533708843356,2,3.0
4905744346196256561,2,8.0
13093849063129001073,2,3.0
15067647152986418132,2,7.0
2848575886044907945,2,2.0
2641765267419361092,2,25.0
16157637696507709300,2,2.0
9081956373696810859,2,2.0
731865443837369357,2,14.0
9906172140872168333,2,14.0
7169977305293991647,2,2.0
4980425591467938332,2,2.0
13316233144832154736,2,5.0
3035946886699981204,2,2.0
1884002904082329910,2,8.0
400197255209977886,2,2.0
16529945214763104415,2,3.0
3888201909214907307,2,3.0
16369765028950407290,2,2.0
6491233719273788140,2,3.0
6109583513631452945,2,2.0
4710801319688132179,2,9.0
982169815344542020,2,2.0
8309380067345220844,2,10.0
16595689383700976903,2,2.0
9311143363190694933,2,2.0
17460292575454874930,2,31.0
9765483006532892491,2,7.0
8209956312139267618,2,12.0
1157038979705121584,2,2.0
16607733833019640399,2,4.0
6290849903503491920,2,5.0
3119140090854792350,2,3.0
9203501495129111851,2,7.0
17659775903022752390,2,6.0
10471947820335799975,2,8.0
336361230210347582,2,3.0
11999749024254345507,2,23.0
12965879950942835828,2,28.0
13204309205927921872,2,8.0
8945707066921265268,2,8.0
7759275134858392449,2,3.0
4655348140331432058,2,10.0
1899812390720076032,2,4.0
17004106905453072664,2,3.0
17932292092825775029,2,2.0
10203462278235048186,2,4.0
15975444304633260069,2,2.0
9123352952043480638,2,2.0
8434604524030281942,2,2.0
1394056589512977134,2,2.0
3870536658515280712,2,3.0
3802244415429404594,2,2.0
11407305797586967843,2,2.0
7447235815552637122,2,6.0
17954781664742250891,2,8.0
13351914540420817920,2,11.0
18172327742660589386,2,4.0
6821358717688136274,2,2.0
17363505865766012298,2,2.0
1769071549511106497,2,2.0
15074636917145795962,2,2.0
3916316699681168392,2,2.0
13691935439746903493,2,2.0
3722122280935521628,2,54.0
7154308866829172117,2,11.0
15543249253124481423,2,23.0
1148043802429600021,2,2.0
13998974639552326401,2,11.0
11737997379860282648,2,2.0
1986808386675688421,2,5.0
361812114936573085,2,3.0
4399259389575968631,2,3.0
9385762351613217486,2,5.0
7697782996306833831,2,2.0
9092698646532977972,2,2.0
12309225503721713025,2,7.0
18085116540828850126,2,2.0
9739173077169862161,2,3.0
11529308405697212119,2,101.0
14241197754102806494,2,2.0
7635382151698805881,2,24.0
17667665125068861343,2,6.0
2807208233086635494,2,2.0
13840700796904824767,2,4.0
12058391462910514561,2,13.0
11195515025149068741,2,3.0
9420737357181857806,2,6.0
17722412448080058964,2,31.0
1112216496366722520,2,2.0
17667966003041156718,2,6.0
16799708967611092350,2,4.0
18151994593620722104,2,2.0
17701457610743643450,2,10.0
11585100575182765830,2,2.0
14254626314631573086,2,3.0
13381741611703440179,2,12.0
6568505681875682344,2,3.0
6671467717491996538,2,2.0
16676564159303643552,2,3.0
6290474600859386286,2,4.0
8281903384979979740,2,7.0
3703760682449716354,2,2.0
6170932671550196605,2,2.0
5931226634014688811,2,7.0
2590611058771806952,2,12.0
6674225629487576714,2,23.0
5488225902635565135,2,17.0
1990119687184536402,2,2.0
10998834212944824374,2,2.0
14762107315869286987,2,4.0
16095219149867518909,2,3.0
12892363037422822832,2,32.0
14145691646990134083,2,2.0
15336977887190844542,2,2.0
6267341654204134091,2,31.0
8472289423368965258,2,25.0
7819232850605721334,2,2.0
6221658960636492590,2,2.0
1737333560043598311,2,2.0
5576248695650312559,2,17.0
14017244123197912364,2,9.0
16851321220948785963,2,2.0
432509497580823241,2,2.0
1582575580448258486,2,8.0
9073738023401420158,2,4.0
1589980041671436855,2,2.0
15113487185135802925,2,3.0
5388902138501226911,2,2.0
1608731448000676766,2,33.0
1173759017169672613,2,9.0
12290921591816531306,2,4.0
864743817124999304,2,4.0
9733139178932457792,2,2.0
10404921740127035437,2,3.0
9077630309550365895,2,4.0
8287838788857052013,2,3.0
2628481462447591114,2,2.0
2627357543034937186,2,2.0
7627997391665783938,2,2.0
3042420027014013637,2,6.0
5510749439364621833,2,33.0
4435415214320697792,2,12.0
17097197443415478239,2,32.0
5704514171810032681,2,36.0
9547962012560890168,2,2.0
8413972011280743896,2,3.0
4330833385597533332,2,2.0
1602440145656643952,2,4.0
3882688007883394141,2,2.0
2931011620530416246,2,27.0
15608913123024344832,2,4.0
16089942066605885010,2,31.0
8537167944628303051,2,2.0
2891072990614803313,2,3.0
14833313255358900723,2,2.0
3316570270130813176,2,2.0
5576340442433822142,2,3.0
737569864805418457,2,2.0
7191972064382265488,2,3.0
15333457018987254952,2,33.0
7247709061735861348,2,3.0
6795398306384031858,2,2.0
14133633167893672074,2,3.0
6130135235318175226,2,41.0
1604063547686295418,2,2.0
3396581881269262127,2,4.0
15044234030152747533,2,13.0
14204042277409941691,2,5.0
6389537554937706214,2,2.0
11244859003053602404,2,10.0
11085182847911571792,2,2.0
10192926155937607475,2,4.0
6730553282821433764,2,31.0
11697691985933834733,2,9.0
3935852027068964749,2,2.0
10426365212050694674,2,16.0
8819942256503315683,2,2.0
15668514704099372755,2,16.0
13667088927819491510,2,8.0
16743279182495514968,2,2.0
4722716768558110168,2,4.0
11977359280729508800,2,14.0
4474510309170739540,2,2.0
2067475763031320411,2,36.0
6518979829720732353,2,2.0
14646129379090381076,2,5.0
18229101589563455672,2,7.0
15479461485142045777,2,43.0
3167170709032078112,2,2.0
4269935389086843455,2,2.0
13942652740066132207,2,33.0
17949537098622298408,2,2.0
5886846550712807749,2,2.0
66839834178125278,2,3.0
16977938073477228915,2,10.0
9981770816299792569,2,30.0
11103645724202251945,2,3.0
1196331536567504883,2,6.0
13387987829045362871,2,3.0
7885429486306448495,2,3.0
1625099171354447390,2,8.0
819816091905738338,2,13.0
17436596229508273849,2,34.0
12137422096602844209,2,8.0
10350578952828996192,2,4.0
16068225409290979326,2,2.0
3414780958825193280,2,5.0
13781454931930977182,2,7.0
176742620774101064,2,25.0
13961593752240063842,2,2.0
8118611386520419327,2,2.0
8139222365877725890,2,9.0
14633610139745812344,2,31.0
5415514529736718684,2,2.0
13773515673295373692,2,3.0
8932479244546988909,2,2.0
16570685299032641882,2,2.0
1739910874167963983,2,28.0
1865217423178558920,2,4.0
11726549620294378214,2,6.0
16242772731743838247,2,2.0
1239746755873184855,2,5.0
18115066414003552085,2,4.0
8579410374438412517,2,3.0
8505660229466623666,2,4.0
3075958489290202146,2,7.0
3934625547754730985,2,2.0
8417302724992762024,2,7.0
11497432222719752817,2,9.0
4112472581448910668,2,2.0
1067460513810315898,2,2.0
1337105186366553729,2,4.0
13705917328197071378,2,4.0
2957067648191870737,2,16.0
9224649954548214137,2,2.0
9564432680090311792,2,2.0
4753342748886179652,2,2.0
15757627519792521952,2,3.0
6806903777415686203,2,2.0
17236281022646884320,2,41.0
17723228866355658999,2,3.0
6264788761788823073,2,2.0
14559067761818556183,2,6.0
5449235584477840038,2,7.0
7135224426619164991,2,2.0
395369559103005399,2,3.0
10750221801792320724,2,2.0
323800192614763989,2,11.0
1583604613031047342,2,21.0
4934915783371443389,2,13.0
5417288383130431383,2,8.0
12964559610550524106,2,4.0
13057125999365297627,2,4.0
7907548810331153490,2,4.0
14967439577111411328,2,5.0
5200059627380271431,2,6.0
15571365299883161682,2,5.0
18375393585709512061,2,2.0
2697975577944989390,2,15.0
5240645013872137154,2,3.0
8507893689048830866,2,3.0
10850151317072921423,2,2.0
17222306566524372712,2,2.0
10243452393735657419,2,5.0
11414451747267017452,2,2.0
10450311126505647270,2,17.0
1038669668371221983,2,37.0
12250525641142807880,2,12.0
15573282403192252679,2,7.0
3239670873049742710,2,33.0
1452551874903476917,2,2.0
9301350910152865022,2,23.0
9082302173287786541,2,2.0
2021327808211781438,2,3.0
10814539809527241803,2,6.0
12047352376473891969,2,4.0
9577711032442835177,2,4.0
16813613166197457840,2,2.0
11526403827387874891,2,2.0
8660183203898843265,2,3.0
5606236450959621379,2,2.0
6975018715641483163,2,13.0
4317647254330760282,2,6.0
5864029603685635992,2,6.0
2350076058982145237,2,13.0
16865395554254247525,2,6.0
5258099327550415756,2,6.0
2388840113476034032,2,2.0
14411637037684865834,2,7.0
8477972404842006944,2,4.0
4199464575363199057,2,7.0
7853245109420072074,2,3.0
2385833797335313857,2,10.0
11742803723259661094,2,20.0
686980307646081268,2,6.0
14703560420618976111,2,2.0
2375332147679870691,2,18.0
14678685444694012891,2,2.0
6780620232727728086,2,3.0
2170367083499694662,2,6.0
4296966264949525750,2,11.0
8144345373773010145,2,2.0
2521522189320718300,2,2.0
18213219477449060062,2,2.0
1046675154179815722,2,6.0
10730190493685535831,2,7.0
17234684088505379118,2,3.0
14882142623112747724,2,3.0
11281438092406022976,2,26.0
15798124120573480920,2,2.0
7823745839539131215,2,4.0
13851515494612847654,2,2.0
13062104988754248920,2,12.0
14350974499046929195,2,2.0
2402331701245118273,2,6.0
5438647201190292546,2,2.0
1717051156855718762,2,67.0
1365676642490123696,2,3.0
15151897073769208930,2,5.0
16188076688426721606,2,3.0
7691460432829920651,2,3.0
65880502659349523,2,5.0
5164427297527304134,2,2.0
17911642662939250862,2,3.0
14649108915691445146,2,2.0
9653399969602255855,2,29.0
16614111309988357928,2,2.0
11566736042639020716,2,7.0
7379750885735258733,2,9.0
6581183400339835743,2,9.0
1478575507657614423,2,3.0
1082768461519952651,2,4.0
10081358081521749751,2,2.0
2195801779827837987,2,9.0
12937149139891636495,2,6.0
27168863676330363,2,5.0
6266214575566149629,2,2.0
6674841801942297706,2,31.0
11687423922901099656,2,55.0
3878869232182591893,2,4.0
7478058077251809602,2,4.0
13479281992771422200,2,5.0
10142452645914962282,2,35.0
5312389696137007641,2,2.0
13254034750592606778,2,5.0
3788573259966019099,2,3.0
6592779234771822353,2,3.0
16194813329541208301,2,3.0
6638071722766327818,2,3.0
17252267775013430646,2,37.0
7261309982682526340,2,2.0
10445320554656569700,2,15.0
18324929856254130421,2,3.0
8579615113986194352,2,6.0
13781254280088472092,2,5.0
17068609879773671141,2,7.0
12386323754022520755,2,2.0
6574732504773503888,2,17.0
4111094148238456571,2,7.0
16286765490240873603,2,2.0
1017258992590080329,2,56.0
8664134955292929091,2,4.0
3243415459854041382,2,6.0
1095019580853941919,2,2.0
12607486176899024836,2,2.0
13933561325894753113,2,2.0
6642743754123233883,2,3.0
15452529585101289474,2,33.0
4590795429984518581,2,6.0
6040686574474868335,2,5.0
10209651976654892552,2,2.0
805931098928533487,2,17.0
13842828645642835740,2,7.0
2511836733710595658,2,2.0
2717835749879237302,2,9.0
17018381272194076542,2,2.0
10659941564692374162,2,5.0
112868523670549550,2,15.0
14484084803893709498,2,4.0
17759061160108533085,2,4.0
2153725840667341491,2,4.0
7125745770563414830,2,3.0
15378778325766960768,2,4.0
10620072478998024857,2,6.0
4252171166433982192,2,23.0
8872763215576857988,2,5.0
14407287219157064667,2,4.0
10620145017600508834,2,4.0
14178557411269148232,2,2.0
8653192593290500533,2,9.0
12503108278650885762,2,12.0
11916019447209377878,2,7.0
17730467425504458644,2,46.0
13900784191591625637,2,3.0
4183322536908636421,2,2.0
15549718864378850508,2,34.0
14358052055435838250,2,3.0
6617225631827526201,2,2.0
12640162981699915901,2,30.0
4779799122284082049,2,2.0
4977815669166209691,2,2.0
3733821187181650539,2,2.0
11776718001702453443,2,3.0
13713477672368324000,2,2.0
9523494191911692984,2,3.0
6472733493993039876,2,2.0
10235240391336662438,2,10.0
7159630922181504268,2,2.0
17208146138361237125,2,7.0
3994231461694561871,2,3.0
16317413041645344216,2,4.0
14585734904732454089,2,8.0
17799055410012990523,2,5.0
16353646162870501149,2,6.0
2668338980714344762,2,5.0
8732607767686312907,2,2.0
10162571299064475127,2,9.0
18399519298490490583,2,3.0
6423808497090607864,2,36.0
4759307052390487505,2,2.0
18000820484877325318,2,2.0
13936345878758478595,2,4.0
3583961145186875599,2,2.0
5703043545270741438,2,4.0
10096773324252745421,2,3.0
11728534029098682282,2,10.0
10583097037767297261,2,2.0
3214712390061468287,2,10.0
12955019269092307199,2,3.0
9200345242154150033,2,2.0
16661977480215182488,2,7.0
4187243820304371676,2,8.0
8577105803932329700,2,2.0
847946322007948471,2,2.0
4483696525607024728,2,4.0
5469414500425948657,2,3.0
4211257503626459641,2,2.0
5352707405473693239,2,3.0
16011187561568006423,2,5.0
3957111671493573223,2,7.0
15222694859534259461,2,10.0
6277266400581558488,2,3.0
9634060427721981188,2,13.0
12014192573900002033,2,16.0
8288262359202973835,2,2.0
14082617160489181915,2,4.0
17319815680859111523,2,3.0
1722216782904972025,2,2.0
15565727253460960104,2,2.0
14040408058844042824,2,15.0
6112499695624686939,2,3.0
18301627596204571559,2,2.0
17759529973791758131,2,2.0
3105941859270766220,2,2.0
11076501743067493396,2,2.0
6977422629906426014,2,7.0
4923947705496082014,2,2.0
9000256605472257101,2,2.0
11066569744738414691,2,4.0
12121459859977110040,2,6.0
1710545875215370007,2,48.0
13380544725360186514,2,10.0
5360581439713576634,2,3.0
16777390478923430672,2,3.0
17337537589107144641,2,2.0
18423736196715749589,2,15.0
6740919280031529757,2,4.0
16917045854183479075,2,3.0
10377379144281177877,2,4.0
5710434587285084066,2,18.0
5864775249939319840,2,18.0
15566755492626671132,2,2.0
15610486221299696589,2,2.0
12210558889263163801,2,15.0
2177561243241171060,2,19.0
5312648903785720445,2,2.0
10608852971692197711,2,20.0
11557915873054984173,2,2.0
18358635437380570672,2,32.0
15651475082755515477,2,2.0
3959134599740036927,2,7.0
9655297190403691349,2,3.0
14881931359237325599,2,2.0
5342160902050208949,2,3.0
17528866008320267509,2,3.0
15235274660642829960,2,2.0
14775295704727613997,2,7.0
3635255144891415194,2,2.0
4898421359530641179,2,31.0
9758838564133647596,2,4.0
10558442688740730669,2,2.0
8790695861483206746,2,3.0
14418017066549412288,2,18.0
18115746634418578333,2,39.0
3011082854173833496,2,6.0
11524427738152389895,2,4.0
7768308333762775348,2,4.0
17080589838508799831,2,2.0
13339602698949634382,2,2.0
455137054522602826,2,3.0
7870322951480862809,2,2.0
8399891092021148191,2,2.0
3351247768968137108,2,3.0
11530982712017929095,2,2.0
13297243821958204762,2,7.0
3375405789795841656,2,7.0
898862450920125521,2,3.0
4630572373338460543,2,2.0
2182455045898365983,2,5.0
8127935002955795948,2,4.0
5383432267658891327,2,3.0
3382843512415635785,2,4.0
12300778497203714887,2,4.0
4038397752238691525,2,6.0
3572809619856645879,2,2.0
16709402645414077361,2,3.0
570722174098362448,2,9.0
10847854822841823303,2,8.0
15850480779284036136,2,2.0
14389250814823386938,2,3.0
1611472590090716763,2,2.0
796181551732195536,2,3.0
18098458963303116053,2,7.0
13559885290006001838,2,3.0
7254520773585041966,2,6.0
4600271913992115566,2,3.0
11422892537971657023,2,43.0
5553139277877051827,2,2.0
2835578940784211538,2,4.0
5592332774556012341,2,3.0
12462371768137663708,2,2.0
17850331468793891673,2,7.0
8389767987076533144,2,6.0
7215098738589330074,2,10.0
7375608316852319351,2,2.0
16721688744344885939,2,2.0
9471770441901327356,2,3.0
6237286673189079108,2,38.0
2225253687035543222,2,3.0
1949424175902848208,2,45.0
15117283970645601992,2,2.0
16097612067298284896,2,3.0
14563427964388378993,2,4.0
16926285941572586888,2,3.0
12137545019037669797,2,2.0
2738112907014609555,2,23.0
5888894566711368998,2,4.0
3889092078976256631,2,2.0
9035093076001046422,2,35.0
7309959128131457006,2,4.0
16440881805515195728,2,2.0
4936485112119071605,2,37.0
16797251560963734451,2,3.0
9819985435151042380,2,4.0
16835157572927566463,2,35.0
667258036067224196,2,8.0
7104944951200895109,2,9.0
11814600423932056555,2,2.0
8914052853744835061,2,4.0
4327799477777682751,2,6.0
1234450685259522629,2,2.0
7211830637105057800,2,2.0
1270182974646917288,2,2.0
9018160070830045059,2,4.0
14714216423428317834,2,45.0
4298686657799356823,2,3.0
10788069931134649616,2,2.0
5340962193764091871,2,3.0
685078907080696017,2,4.0
7403465501495139119,2,3.0
1113464364235992592,2,4.0
483255138418407782,2,2.0
3145184641329590984,2,3.0
4293807412680060248,2,9.0
5681014031805493347,2,7.0
17469856170474368305,2,2.0
9682449123257254494,2,2.0
8655060523368548738,2,87.0
9557297622570084079,2,2.0
642024628026385909,2,2.0
9685094453680346434,2,2.0
10959935233320000046,2,6.0
10495324904569017600,2,6.0
4892233959682619066,2,6.0
11422029224443842107,2,16.0
12309542724570333320,2,10.0
11566750629310431770,2,2.0
18419628609966241476,2,11.0
2882836623371050713,2,2.0
10162597637047058801,2,3.0
17924966052047919060,2,19.0
1899282484726194896,2,9.0
18255171560826886274,2,35.0
6649044765596768845,2,24.0
2495284040282598244,2,3.0
5592362633495077973,2,2.0
16474423764592644232,2,3.0
7498121833908521952,2,7.0
13096614342829806562,2,4.0
2794341987033288417,2,2.0
11716251517516581494,2,2.0
14934332033905285665,2,6.0
10077980674847838062,2,9.0
15501365459688951743,2,32.0
12028131454267875591,2,3.0
9714587193623320592,2,5.0
696544753187525371,2,35.0
15568508523466035456,2,5.0
6352184208087488207,2,8.0
9683987053309341850,2,2.0
1819446644405118093,2,2.0
13769107443011391788,2,3.0
4079187989750611381,2,2.0
6319382661529386723,2,5.0
11850798160956315837,2,4.0
3395092921863078270,2,17.0
9493319283075552877,2,3.0
11294120665748022078,2,25.0
12116863256288967945,2,10.0
11651228723948967896,2,2.0
1874184637963348558,2,4.0
8045399629078192666,2,4.0
5251727762976742736,2,4.0
14939691575447942679,2,4.0
13854639325397886802,2,6.0
3709021761571376521,2,2.0
189774396257111784,2,7.0
7289783918487454094,2,3.0
15392844669841645733,2,6.0
17243365731754535334,2,3.0
9122520771525096715,2,8.0
10735120751473020146,2,3.0
16082965480496728490,2,2.0
13859686978860778757,2,32.0
16449210725710969482,2,2.0
79683265169665864,2,13.0
3482023154376321652,2,4.0
4474998998935440653,2,2.0
11376052321296255047,2,2.0
6645478784283451684,2,33.0
3705711993760799921,2,5.0
17800260337258972178,2,2.0
4631967712962436493,2,5.0
14920120987581450820,2,45.0
2421321446926224452,2,13.0
6709671026801000222,2,2.0
14829024096048730895,2,3.0
11088724338747982990,2,3.0
2263224060412557931,2,2.0
16276577209752988335,2,3.0
3445615189860776417,2,7.0
7104488780272948820,2,3.0
18220960402545260287,2,3.0
16966639722442223274,2,2.0
14350820875271020028,2,2.0
6044863425187300971,2,5.0
3077235344017710515,2,12.0
6678329799897388584,2,14.0
15536253781803630023,2,3.0
4547186861340490127,2,3.0
17091984880456336559,2,2.0
18407179782519774325,2,3.0
8493831696187207974,2,3.0
8825877992199721496,2,6.0
2057764665905857147,2,10.0
13362370143566284125,2,3.0
11882855718538755037,2,13.0
1103579057502426459,2,3.0
9245471846911455739,2,4.0
2873348308960203197,2,26.0
14776494094779955875,2,4.0
10363445884001462727,2,16.0
12223172362087537561,2,13.0
9272785723677233662,2,12.0
14618957728424579793,2,3.0
5000620969168205851,2,2.0
10843828576417070143,2,2.0
1490875010234761456,2,2.0
14030442650643959415,2,7.0
14897716888387883523,2,3.0
18336724301064950006,2,10.0
13787949994569705846,2,38.0
7890957794086282172,2,12.0
4836411695109076117,2,2.0
7291927215796785362,2,3.0
11516728234613393147,2,2.0
5090140327987420715,2,3.0
9873210648468501373,2,33.0
17190535574943556150,2,9.0
9393741138021040497,2,5.0
4514445018679965451,2,4.0
18000615640291057775,2,2.0
555493912492336245,2,66.0
13841932915312529686,2,6.0
6190711121238074460,2,2.0
8890060199774263124,2,2.0
15904315346446268883,2,3.0
1712856918518734754,2,3.0
7468179706110035576,2,2.0
17596756845879797977,2,2.0
17505741398767440654,2,2.0
4706129667824748600,2,4.0
102463277327477521,2,2.0
9612411178071889985,2,2.0
17188211569115510827,2,2.0
8344812909950889066,2,7.0
2605109149567493654,2,7.0
10359124122096531635,2,2.0
4459981248927213662,2,2.0
4242203280508541764,2,13.0
12022641107198114517,2,4.0
6683355009669309730,2,14.0
15753879384525004209,2,2.0
17026988451709264244,2,12.0
13730107057235609345,2,2.0
3675922538286550573,2,6.0
12931800643358877382,2,29.0
2095208294832330785,2,5.0
18195246704854128987,2,2.0
15169091451616775717,2,3.0
6215526378295022324,2,5.0
1100601274544820191,2,4.0
9609041004238667684,2,2.0
9985877683101989874,2,34.0
2639870648096434627,2,3.0
5986395889958453116,2,4.0
8156703594890721519,2,2.0
18319528439780177832,2,2.0
6965941612048916442,2,6.0
3753848975519349926,2,10.0
13120691703928771151,2,3.0
10649009033565966536,2,2.0
6973438447674981024,2,3.0
3789560980209941930,2,4.0
12418733197591782495,2,2.0
13327452651757170328,2,16.0
13838245595636897072,2,11.0
17829358951089137699,2,5.0
10384148689694823615,2,18.0
7451572143577052224,2,2.0
15180639584979508444,2,6.0
2133660428254663726,2,2.0
14249145507528972588,2,3.0
10426026079952949784,2,2.0
15658242530737632284,2,2.0
14336239577839148021,2,11.0
17196242685557406441,2,2.0
2338011579364924147,2,5.0
10359997848687003439,2,23.0
2133511620528378906,2,3.0
5327283771934851314,2,4.0
573226046397445876,2,2.0
5342011998654110995,2,5.0
3734474243509841660,2,61.0
15986881765144021148,2,17.0
10021574447996541148,2,6.0
582852295294601880,2,3.0
12724711370806977053,2,6.0
12060194894878744494,2,2.0
473376205249278583,2,2.0
1153751807265685370,2,6.0
16773048472143336618,2,2.0
9936736385738291752,2,66.0
6767752696298262330,2,4.0
11020348659616949956,2,34.0
12318491392823158342,2,2.0
17065123730722993361,2,2.0
10132990095701669226,2,20.0
16429110029235242259,2,32.0
9435088818561158953,2,2.0
14545707188270129429,2,8.0
11063680251661110811,2,2.0
18047255880758376690,2,2.0
7681757792217527259,2,65.0
12691172256028008254,2,2.0
7115063782607518693,2,2.0
14185746231888918220,2,4.0
13751079564128900916,2,3.0
6698612322339074692,2,2.0
14302775292356558536,2,8.0
16336423879430668582,2,2.0
16304768454013734901,2,5.0
1140073336535525514,2,5.0
11261671296854854290,2,2.0
3058568316677429780,2,45.0
2362040464293938993,2,2.0
4247336402666616071,2,3.0
5232735778670535650,2,10.0
3738113650988042959,2,3.0
15065293865738536098,2,9.0
9204291431224705417,2,28.0
15854601459354396518,2,5.0
9512824593190629391,2,2.0
13807555466085592851,2,5.0
100707735291211854,2,2.0
1236735808774140145,2,3.0
9416407799540039757,2,3.0
11412123579877656747,2,2.0
2638140031142122170,2,7.0
16271204844568513785,2,3.0
6625711475860782025,2,2.0
6358121556255239870,2,6.0
4243648539517135930,2,9.0
9347567923643011538,2,17.0
12717434801707724757,2,2.0
5944235846470825957,2,3.0
937375191491908996,2,6.0
13225735381549483028,2,6.0
744025665573366574,2,5.0
2689433544703625770,2,7.0
4051799319905796141,2,2.0
2676961919838348362,2,32.0
9381127843759993323,2,45.0
5517229024883314014,2,4.0
14344193474162921520,2,2.0
4681758704487147984,2,15.0
821777010094704947,2,45.0
9782300548916782395,2,21.0
16780012559585355450,2,2.0
7391012662417694856,2,31.0
702874682885770078,2,12.0
12081294560893628465,2,2.0
2569095332081410477,2,3.0
3647349612870585403,2,5.0
16364086778861531236,2,2.0
4393459696485221860,2,34.0
674606123013206368,2,38.0
12312833064620451143,2,2.0
6101583780082881932,2,2.0
138899609948042971,2,2.0
8426175290385362170,2,7.0
16224637702677604831,2,2.0
12180335140548785086,2,7.0
8470182360137900479,2,4.0
7097237929360150038,2,2.0
15413856082374351989,2,98.0
6079268368621577708,2,5.0
14662684359521574935,2,4.0
11776024239202615940,2,40.0
18162144376554541413,2,25.0
7780750449916594912,2,3.0
8899940202532835564,2,3.0
11756471967724715118,2,34.0
13306382823534990263,2,2.0
6625576307541281992,2,5.0
3870472901818345613,2,2.0
5903286184649050513,2,2.0
16196379499681716653,2,9.0
12125412205824348781,2,7.0
13499149771102967875,2,7.0
16514931088104504375,2,35.0
12878507255640964885,2,3.0
13395633188902424480,2,2.0
15742571711347922485,2,6.0
12670701092480937194,2,2.0
10130140512960954454,2,6.0
2048683000967214814,2,2.0
8170974830450592847,2,10.0
10115639672021380170,2,4.0
11831099023436575318,2,32.0
12535309521018319623,2,2.0
9592082707587781791,2,3.0
1872092455048319885,2,15.0
5407028938114392670,2,12.0
18258650369048372140,2,11.0
9319745521055469071,2,2.0
1179132615863540851,2,2.0
15063777884590108646,2,15.0
4831165731805061587,2,5.0
12155685362819883266,2,30.0
18016000469399372458,2,6.0
1972829047148879102,2,3.0
5788633615645743048,2,23.0
17882914316031657423,2,2.0
1230368864660180144,2,3.0
12234443696024080398,2,30.0
14111750671184350829,2,2.0
8430019558468302922,2,2.0
10529144967054486008,2,3.0
2516104950741805541,2,2.0
8156068343424732744,2,5.0
14703860458169947886,2,6.0
1123030897340672692,2,22.0
15695716350406477302,2,8.0
11948788154614133964,2,16.0
912340753979539040,2,2.0
11220026111157368056,2,2.0
12760497223854956243,2,3.0
11847111595212279150,2,13.0
843049875924420008,2,3.0
16140127608917924224,2,5.0
12305376458964020052,2,6.0
12164826908197185267,2,6.0
8102085239996625349,2,2.0
14134134209665724615,2,30.0
13284566850622037289,2,32.0
780705748965042856,2,14.0
17475023750289268047,2,4.0
9389610610698833103,2,2.0
7593451760339682356,2,6.0
8297243353890571276,2,2.0
9355466621229627771,2,2.0
11836763814533310369,2,5.0
5618932821407525773,2,3.0
17598484444841970582,2,18.0
18201332188223871598,2,2.0
13922248430132367109,2,2.0
6112439078887804692,2,3.0
1760687956058076118,2,2.0
15857823052089575736,2,4.0
5997137430605710231,2,2.0
17955284377129172897,2,8.0
419593038301885389,2,3.0
6738047651646534156,2,2.0
7679731376135139750,2,5.0
9600555409286679987,2,2.0
9491082131608132700,2,2.0
12747990423220895438,2,11.0
7817848191525607927,2,5.0
14120473811253225344,2,7.0
1347197819539718119,2,13.0
7426939183667839404,2,31.0
9635797580882682487,2,2.0
7107321479633463352,2,2.0
4873418002811924397,2,9.0
13016096888094443769,2,5.0
2362113408911868898,2,2.0
5074131855325504963,2,11.0
8729908888009745315,2,3.0
11103210963623179384,2,33.0
826791322671935835,2,2.0
5422790100852181489,2,2.0
8312712522901100858,2,3.0
10726550115929913434,2,4.0
256116708740387686,2,4.0
14265173500240137531,2,34.0
10068769059580878534,2,7.0
15246704230580455817,2,22.0
3311795471023443830,2,4.0
9995831256425074528,2,2.0
17738810308758333786,2,3.0
13346680728438377791,2,2.0
13497493501115554009,2,34.0
13474405470431039574,2,5.0
10992840091653357850,2,3.0
56068536574413683,2,16.0
10810526719360899263,2,12.0
7215392371700096091,2,34.0
415705000879566199,2,2.0
13803663857361132907,2,3.0
5700004580810303401,2,4907.0
17741052086141779441,2,6.0
1556730218470583408,2,7.0
13997262389856789321,2,2.0
7075603159369375408,2,7.0
12159741607813036226,2,2.0
1836201919899000014,2,17.0
16534377661460676499,2,12.0
18198438033937595525,2,3.0
197838159165043047,2,4.0
10146311098923334386,2,2.0
169953459512092888,2,31.0
12591973105053857588,2,9.0
8872646756545923756,2,8.0
15257921548068924541,2,8.0
4948492258882952191,2,2.0
9758309880732833007,2,2.0
17779460300607212086,2,4.0
15762968197107251488,2,2.0
3778949237116864973,2,5.0
15351962067461315444,2,7.0
14368591230889155827,2,2.0
13633854350339955600,2,2.0
9547699628354021641,2,4.0
12221164280431435931,2,4.0
5964582080940834694,2,2.0
4883772112375897695,2,5.0
8727231947402156210,2,2.0
17383803450115757079,2,2.0
16245870075130310737,2,7.0
17118783365913950339,2,3.0
11747869652315364279,2,2.0
2867364232886521089,2,3.0
8539533922632905457,2,15.0
10605562064995936686,2,14.0
10610721598411147012,2,2.0
10737396135780208415,2,61.0
14962242586679075262,2,4.0
8943061023661133423,2,2.0
4604691550050075419,2,5.0
17582803672766991673,2,2.0
10771016383310027991,2,2.0
14694478791914562049,2,10.0
9291409189186395752,2,3.0
5091726290620078962,2,2.0
11886831706122691137,2,7.0
9344831412295294711,2,2.0
443984086937393260,2,4.0
9111671412441075989,2,4.0
4353530819196440014,2,2.0
935660782579435983,2,3.0
3796787007386200885,2,7.0
2902971818543622485,2,3.0
18142316817560970287,2,2.0
2498349033991703557,2,2.0
12963279975955277188,2,27.0
17776808237268120366,2,7.0
11238602424303564759,2,3.0
8807130807751703314,2,2.0
8214758890381494027,2,7.0
2757010994066346859,2,2.0
2138517544291564591,2,28.0
18425830053099575273,2,32.0
1817254470063177996,2,32.0
5558629884289741635,2,3.0
15108286286079422114,2,7.0
15180735294144263337,2,2.0
17033104153202010368,2,22.0
9433361904008942325,2,3.0
11963338065729787462,2,2.0
8443440855062817551,2,2.0
11611730855216476082,2,7.0
779060879767991489,2,2.0
15505328996510046498,2,5.0
10651476647259266384,2,36.0
9945932583007017571,2,7.0
5822116526525295552,2,3.0
9377130022385380855,2,5.0
12146585549404688940,2,2.0
13274812538821714483,2,2.0
66748534800838373,2,2.0
10073798361814946831,2,6.0
5045414166152334032,2,2.0
16570802567983485523,2,7.0
901533538428623013,2,16.0
9261613845598200619,2,2.0
13528386628316600570,2,5.0
18289951655265034765,2,4.0
3623512279144408570,2,8.0
6809844599706370690,2,33.0
3292133872977236393,2,2.0
1399287918325612581,2,2.0
8511330756272879534,2,5.0
1635002600652222204,2,2.0
5669571650447455587,2,2.0
11074803288400144163,2,9.0
8254334444043955617,2,2.0
12979882290872969777,2,2.0
17437451363795611388,2,3.0
9354215576635980635,2,2.0
4462941392009269170,2,26.0
14431049628995274167,2,10.0
207571036642246814,2,3.0
12727376445701643262,2,6.0
7023782226029952020,2,3.0
13592229601151342046,2,5.0
1990469989337978906,2,37.0
2023862627549291237,2,4.0
11613968437044999617,2,73.0
1610360629092907892,2,3.0
17029924938382822031,2,2.0
14775520249180692647,2,7.0
1652343489796957882,2,9.0
17549996094646503926,2,2.0
15403708870478207221,2,6.0
1943265816595167729,2,17.0
10736859846617121075,2,2.0
1961927885174234309,2,5.0
14400144764432985245,2,5.0
10444329881763470597,2,5.0
989054892047061169,2,3.0
17749105092278956374,2,2.0
207631127805736228,2,2.0
2359804644239063228,2,3.0
14621329639241171202,2,7.0
17057363864631908946,2,5.0
13274953177331361186,2,20.0
9090707468028561351,2,3.0
5390872613685914123,2,2.0
5235112643249238864,2,13.0
12443651653155636066,2,11.0
16574098717293093712,2,3.0
13436515456300911778,2,3.0
15828091273701170571,2,35.0
6799115481280152409,2,13.0
3240864753163182877,2,2.0
5270877198753325596,2,9.0
7995081778906003489,2,35.0
84745887223273889,2,2.0
3954754982381536128,2,35.0
10898670102631130307,2,3.0
7276889607227705321,2,36.0
11752244434190435207,2,2.0
15294320722389709071,2,3.0
2726581345595959777,2,2.0
13922963784245428776,2,2.0
3418941722578502035,2,3.0
12529449279638686550,2,6.0
18434923858608311574,2,30.0
10486083725789429646,2,2.0
11260569650465386650,2,4.0
16153546203165778865,2,9.0
6599572117585145598,2,20.0
2019785645446596925,2,5.0
2171531972125260747,2,6.0
17174867761069414673,2,5.0
7332841248880182089,2,2.0
6775176477381569585,2,2.0
6313050195922796929,2,4.0
3429828239643752124,2,4.0
3423873631237480310,2,2.0
3698440772989377993,2,13.0
16965430547103110635,2,2.0
12656532520256730642,2,3.0
4172256239852719598,2,10.0
1412929968884896479,2,22.0
12196403959878020628,2,7.0
17382941488006343482,2,2.0
16872254571999956668,2,11.0
16786555420618326802,2,2.0
1143445588093264353,2,2.0
17477070205008687494,2,2.0
816747528795108307,2,2.0
8307439902592439113,2,18.0
4433108112480190806,2,3.0
5099187601403587068,2,4.0
9125805050666325457,2,2.0
3945074468929978918,2,2.0
9822657578111619687,2,4.0
17226368335977844876,2,6.0
3290591263622432469,2,7.0
5022472277205950829,2,2.0
3128868363169282902,2,3.0
1786265415407063420,2,2.0
5898605510047969236,2,5.0
11383964862827882126,2,14.0
4458231818906167144,2,2.0
4590513814636348961,2,29.0
14095697194318879546,2,31.0
17897254405317898036,2,2.0
13168244380048194849,2,4.0
9167652272207797274,2,3.0
4485934198394522863,2,2.0
4073333068449685509,2,2.0
12005897172493344674,2,5.0
8900142175236008274,2,2.0
1124485744360656218,2,5.0
1140961274367561683,2,91.0
8938103817311189282,2,31.0
311953744272800132,2,4.0
3267111974261452343,2,3.0
11543652777634260853,2,3.0
6059756202325772832,2,3.0
9214892886749953352,2,11.0
4429456754337190985,2,2.0
4773887159644253509,2,4.0
10617473149534420476,2,2.0
3404448260969909757,2,6.0
15018384431305183469,2,5.0
17745523953555066915,2,8.0
7584709653963038908,2,2.0
1740659956893645873,2,2.0
3159087843634157553,2,2.0
11704636573767965008,2,4.0
7020765436446647196,2,4.0
6465689522156232513,2,7.0
510523827748675604,2,9.0
10160231822723586188,2,4.0
4464335837429980236,2,2.0
3482044392850094694,2,2.0
2615535366593143271,2,2.0
1979086704980942393,2,3.0
4821007520226497374,2,5.0
18006395327136245942,2,3.0
4153549306596130949,2,2.0
6252850888685842386,2,4.0
17657699823882150656,2,2.0
14174358878678721312,2,2.0
4140422038062496527,2,9.0
4749557236844260537,2,35.0
10550326288167084499,2,3.0
2610392255075068844,2,25.0
14329229673337784513,2,22.0
9787953538902127784,2,9.0
2468979749691835140,2,2.0
2500138528512171969,2,2.0
12906335149772131328,2,6.0
13076358758686531334,2,3.0
277601191932501946,2,3.0
1456009180318263480,2,13.0
12458412544441485046,2,2.0
15986567807135692911,2,3.0
6860559436515008455,2,3.0
15177265550930784422,2,2.0
16744732683916523208,2,3.0
7910564419217295717,2,69.0
9266680626004131430,2,2.0
162971126739037518,2,6.0
9164480561019522652,2,3.0
6144858200928947766,2,2.0
911366124948088130,2,3.0
5259373363588538073,2,2.0
8469175556318215724,2,23.0
90372055274905748,2,3.0
1337020645722815766,2,9.0
12980858391363692798,2,2.0
15435297789402818552,2,3.0
7244738624906989724,2,3.0
12266860745473638590,2,2.0
6192383304698179032,2,3.0
17850856978539242520,2,6.0
8221081815240618047,2,3.0
556821476936079553,2,3.0
10686629327642134222,2,32.0
12259697661916279853,2,3.0
15707005209361551454,2,7.0
6660829590467724213,2,37.0
9168989802550873625,2,2.0
13106453102049463857,2,2.0
1901633944043036149,2,5.0
13760341435767033812,2,3.0
8982831423493159447,2,2.0
6185401732375596732,2,2.0
18148929602638728077,2,9.0
8638685766169935543,2,2.0
12581536473221227877,2,2.0
12343478706452825703,2,2.0
12755238789837619318,2,4.0
3630712295952152559,2,2.0
16458939041058740446,2,2.0
3674334620757403747,2,2.0
8373538024332294532,2,2.0
6434515071453695053,2,2.0
9336207044315810248,2,3.0
2885424037614663588,2,2.0
1058855946719767054,2,3.0
11990038042865868895,2,38.0
65310553358712342,2,13.0
6876555631957827657,2,2.0
3957824694957428395,2,19.0
14708846380552545735,2,2.0
14583587113358464090,2,8.0
17304984919690532584,2,2.0
1606995740215082654,2,11.0
7946455739264771817,2,11.0
15350004204674337127,2,8.0
11045521338861304541,2,2.0
12668983704030760916,2,5.0
17221982419183262780,2,1227.0
13313488808767414911,2,2.0
7528966584351087315,2,4.0
1414095255674925337,2,13.0
9711339815871418433,2,2.0
8284575862347899437,2,4.0
2418155906166574040,2,9.0
10841769836614461047,2,2.0
18440572787161080680,2,6.0
7533615269105983968,2,4.0
17259385625529629605,2,3.0
18090352024391955401,2,4.0
7452560460800264739,2,3.0
15593933160068525463,2,2.0
7962025925833579580,2,5.0
7273111030653950142,2,10.0
3820548568587434968,2,19.0
1372870794653885546,2,9.0
951926161616244651,2,3.0
9331472277546813661,2,30.0
14487384258391797381,2,2.0
12319341705549491420,2,2.0
1324834677201208074,2,2.0
12251895891010412779,2,7.0
11218112527179850445,2,2.0
12776762632331415046,2,2.0
14350482647821316548,2,2.0
5821718814106942499,2,3.0
10626167111748590508,2,2.0
10665843480186360987,2,3.0
4241272707063455847,2,2.0
8077418197593823149,2,10.0
9194254960378883564,2,4.0
12050524808488572567,2,2.0
17307100487563538005,2,2.0
762099841709574724,2,3.0
2896399311359965891,2,2.0
15072554437107139788,2,2.0
10138799606993706847,2,2.0
15640207391450603846,2,2.0
16196655123225648222,2,2.0
17405858212220724167,2,10.0
6805401378645709256,2,2.0
1323127889623340378,2,11.0
3880778489563087390,2,3.0
6207118439713006929,2,3.0
1237247745310040049,2,2.0
18372129821384033667,2,2.0
16277998351211584323,2,14.0
11424327781128525924,2,3.0
3082496147379087555,2,3.0
8011790638739853969,2,2.0
3425204043809528429,2,6.0
1741014020601947899,2,5.0
5486292887959548010,2,3.0
790511767594857671,2,2.0
11067657994392493164,2,17.0
1949837326797264633,2,27.0
5325236976722511943,2,13.0
16366187884504779178,2,2.0
8739960023946567943,2,11.0
12080080626457601746,2,2.0
8905461602340207050,2,15.0
2415520003400228165,2,2.0
6746559831590773348,2,4.0
8180361013463247549,2,43.0
14649270762742924391,2,2.0
10011635713749827598,2,2.0
2363335288613935883,2,2.0
1001241519912337865,2,2.0
7438488426631102557,2,3.0
6298773430143262746,2,2.0
6553781707940843836,2,3.0
17681364113538717650,2,2.0
15684832950745255690,2,5.0
12498832934613992008,2,2.0
13859643272817589103,2,2.0
4412200446132355442,2,9.0
7230885313043987018,2,6.0
1091281259213055071,2,9.0
7282015734637323251,2,3.0
9442298594038219095,2,7.0
4079368095020079253,2,9.0
15851253300823596490,2,3.0
4332493243505561605,2,2.0
80938250416872634,2,2.0
11161408044591593111,2,18.0
14369511545330487737,2,2.0
17749626294203062164,2,2.0
4304373680944515568,2,11.0
6569065529581557282,2,4.0
17357268776448340098,2,2.0
8867439496882614083,2,2.0
5551078440047535080,2,2.0
12547116664179542741,2,3.0
8530768144260285844,2,2.0
13637067281660377275,2,32.0
18164526953968395840,2,5.0
8746986291039636826,2,3.0
14612238762550682602,2,6.0
10962513704186937201,2,2.0
6836343703347339328,2,17.0
14161674494868595950,2,4.0
8117757692621931970,2,4.0
16671803257672719173,2,5.0
6072186193130985275,2,5.0
15793327672360627415,2,33.0
6361300289022692734,2,38.0
12912358246653318089,2,3.0
901161863610804894,2,8.0
8287002463433303599,2,4.0
15915130664459396231,2,6.0
13331137777005725101,2,5.0
6032439461712526344,2,17.0
1595640554814970857,2,3.0
17082018646146799905,2,5.0
7551868967697277520,2,2.0
15582802208053083420,2,4.0
16096406543721288591,2,2.0
1083770933676608221,2,5.0
6010224169429673776,2,6.0
15385398996745314585,2,3.0
17250083486858839656,2,4.0
9316677315407184730,2,3.0
10910005378992493457,2,9.0
12180798351711094961,2,12.0
11852045498037562495,2,3.0
8398712071553344694,2,19.0
7779500514180059075,2,5.0
4327536554290755086,2,2.0
18242979898892221711,2,3.0
4126021828348260892,2,14.0
9800347934874890477,2,41.0
13489569558874723229,2,2.0
5699312606597541860,2,2.0
17671452932075117528,2,7.0
13939566650450274922,2,2.0
1286421709932978624,2,4.0
5576441463128711539,2,3.0
13259453450060254001,2,2.0
13906427240655631390,2,2.0
2150447082868507928,2,2.0
450385155960843367,2,4.0
8458618113001129502,2,10.0
8969734659909482965,2,6.0
8639877701126674348,2,2.0
11418620186893629034,2,3.0
1651901369341952790,2,2.0
16530856259718329986,2,10.0
12782397384770540765,2,7.0
10089770333993258114,2,4.0
3077051552411506746,2,2.0
2952166104869474070,2,4.0
2890591574139022711,2,6.0
5807751623576427681,2,41.0
9681938837507683635,2,2.0
4220125784642058255,2,2.0
10689332288737498040,2,8.0
1011613075817549254,2,2.0
5383669374863503595,2,2.0
8028824158712196253,2,34.0
7878771525469326546,2,2.0
15209338700719421556,2,34.0
1607701162354588341,2,5.0
10838957062092386424,2,2.0
3809431452570345376,2,3.0
3052402602879208640,2,2.0
10244232781875152955,2,3.0
16890139932132799460,2,5.0
16437282820258314310,2,4.0
3856777101464944473,2,5.0
9222567334636681553,2,15.0
4269511886618183118,2,3.0
11735162735103759819,2,2.0
12542086933092466338,2,2.0
12368602837876177264,2,19.0
7615433356327820057,2,2.0
5993890954110735176,2,25.0
14538497126868490027,2,12.0
9382911973227252559,2,7.0
18024868672539775440,2,7.0
5611969652886492619,2,8.0
7575255368901981262,2,2.0
9751728375716254455,2,5.0
1808808887870164952,2,2.0
12438788839699247393,2,2.0
6672046577635472083,2,5.0
13222644365953966178,2,12.0
10407064227629613670,2,2.0
2822612475996566300,2,3.0
6735614150551666153,2,22.0
151860552130296855,2,2.0
6458935732836207081,2,2.0
591047530060839483,2,5.0
11079239206891933552,2,8.0
15444809060844314938,2,5.0
15455121132745212035,2,6.0
1844128708474695158,2,4.0
13462453677982650098,2,5.0
291059840217933337,2,2.0
3180701694617275500,2,2.0
15277014457341948284,2,2.0
7449713710106414003,2,3.0
12153200508042037205,2,6.0
7336862988968183076,2,4.0
13762160369352891145,2,11.0
4464393751615190707,2,2.0
12795312864133362334,2,4.0
15214000287124338356,2,2.0
5362983057729803427,2,5.0
10572136798514408571,2,2.0
7769280175595994133,2,4.0
6014750568832969814,2,2.0
4368020433528489280,2,10.0
17316266545010841942,2,28.0
485130281389711414,2,3.0
15044334972063276549,2,6.0
2690027979301361465,2,3.0
9252421273922301240,2,3.0
17007627597624778388,2,2.0
17600237539393348690,2,33.0
5603281740013718404,2,3.0
11063291616041019264,2,3.0
65767159599065854,2,2.0
4907427245665902011,2,2.0
2210859087834056227,2,14.0
10128462550023705759,2,2.0
6511652887413681891,2,8.0
10792225652890950021,2,28.0
6642414303380137469,2,4.0
8718494648601570972,2,2.0
16081090742753246712,2,7.0
11882160337769278820,2,2.0
11487578459422107900,2,29.0
5590620859759587123,2,6.0
10700487593021966539,2,2.0
7637114520744112547,2,36.0
16473397839663014585,2,3.0
16331949437779103800,2,4.0
9609940772478872498,2,17.0
18372563905337928956,2,2.0
15348427101514221962,2,4.0
16968339108472438545,2,2.0
7317589967163567173,2,2.0
17617791020571483045,2,2.0
581296341700420337,2,10.0
9634470959693665524,2,2.0
17468342330415018395,2,3.0
1756077725527936613,2,14.0
1160111895810773519,2,5.0
9195411407067897189,2,2.0
1414864960269850404,2,3.0
5719896951553975766,2,14.0
952840866639093425,2,2.0
7257843634486135061,2,8.0
2025047152285606353,2,2.0
3278862434333312464,2,4.0
7774304233818144110,2,2.0
5307736928038865907,2,2.0
12199633297056217670,2,3.0
14591126290900894310,2,5.0
5771873773869953394,2,9.0
5138934977789903097,2,3.0
12602059943570246267,2,3.0
10431464283375097698,2,13.0
9698948985415328803,2,3.0
3605096074620975444,2,8.0
4192285007018769594,2,3.0
1134739402457610781,2,31.0
16802309889279198074,2,22.0
4567045435167901990,2,9.0
13344605261156219095,2,3.0
1629864948797968622,2,37.0
8781548588408013533,2,2.0
3218890023812953627,2,4.0
6438696570291970693,2,15.0
2532853267220097661,2,15.0
465283618938311508,2,3.0
3463411649454009298,2,5.0
7419260074740740924,2,39.0
10910176599325210010,2,2.0
6404034617983873113,2,4.0
15236467674708983031,2,2.0
10823785261266024902,2,15.0
5960539942913183431,2,3.0
6719531837405850629,2,5.0
14197450023357022351,2,2.0
9978595510724738513,2,35.0
797144809035722759,2,3.0
12165775626397777630,2,3.0
15741227542588889270,2,32.0
18235129079845458464,2,4.0
17049240840912006784,2,2.0
12164009888862356839,2,2.0
16504872021864847254,2,2.0
2632385478275966391,2,2.0
6355162924594926861,2,2.0
13045024874263451148,2,2.0
7955913754927962897,2,14.0
5543046291492251225,2,3.0
18089271441305821468,2,2.0
17240887256763114002,2,2.0
7668502599917866584,2,36.0
11251362931444901377,2,17.0
4881911714488994563,2,39.0
16325259595014068587,2,4.0
1666992506686719209,2,4.0
14145872571809034777,2,2.0
2944854389476389947,2,34.0
4535622733863521759,2,4.0
7239555216049230385,2,2.0
8037522545532413663,2,4.0
13790778412721248724,2,15.0
7117138137465634440,2,2.0
387986755742811062,2,3.0
2116846205731118919,2,9.0
1614342270732788210,2,3.0
1446561296099331739,2,11.0
2633471554907065350,2,3.0
15931979151325576270,2,4.0
3805295410178345548,2,4.0
1898896567035888013,2,3.0
11962405007334489126,2,10.0
8531031087738152947,2,2.0
9363178580770426545,2,2.0
17747259409887928486,2,10.0
10616594694630282244,2,4.0
4429937716353986309,2,4.0
1752429385870084365,2,15.0
10299293816130926848,2,2.0
16384223246296449744,2,2.0
8265328849288900327,2,8.0
6405122556745970149,2,8.0
12565567573329340599,2,4.0
11763100511306865755,2,2.0
2933885443265235590,2,12.0
15528088265537851740,2,29.0
7698770261383499908,2,2.0
15088930432098516188,2,2.0
16569774567321996756,2,2.0
18340194463702915230,2,3.0
6706782455237679800,2,4.0
12459914779744153230,2,2.0
7253122531295484102,2,2.0
5061385824047241264,2,2.0
10602285911412998687,2,5.0
9106197734993182162,2,26.0
7123151165086537617,2,8.0
9662632225502286397,2,22.0
4732371260257994643,2,4.0
9675087634096243316,2,2.0
15305032665745324424,2,11.0
8067685231725850287,2,12.0
5130362110772216645,2,4.0
2994647524569639444,2,5.0
2559897448632854797,2,3.0
15746916982834403988,2,5.0
4687143284871129707,2,2.0
613174357291212000,2,11.0
9794851505325964200,2,7.0
14829011001876155096,2,2.0
17225983180250076323,2,2.0
7716701728801996888,2,3.0
5909765917209706126,2,4.0
10332603465935912145,2,3.0
2939456150211002896,2,37.0
13421985352014876310,2,3.0
5385812132951782136,2,2.0
4171097834079627334,2,7.0
2056198163220317160,2,4.0
5139570532527046879,2,2.0
8576547587089457556,2,5.0
8382594906251182950,2,2.0
9991796116501763290,2,7.0
16735374766224702197,2,3.0
2874378067906276999,2,26.0
5750729423487391268,2,9.0
17057434640394558577,2,2.0
15697947889137443568,2,2.0
17027356548387668227,2,29.0
17810069924338462141,2,2.0
2510063696835303720,2,2.0
5948956315258701704,2,6.0
12263375304540824376,2,4.0
15949006795106416012,2,10.0
11581650052076659055,2,15.0
1122520249747004110,2,5.0
7657745105948655137,2,4.0
6585842874665288762,2,4.0
17351187869196794417,2,6.0
4432055544044567864,2,3.0
2593355938121694564,2,17.0
12288650208085683945,2,3.0
5584946868512989717,2,7.0
17752534349530723072,2,14.0
17548859604120066990,2,4.0
12172982530950967195,2,30.0
4225513431571291259,2,25.0
14244935845371952501,2,4.0
18399034255531248615,2,12.0
17872370907004481457,2,2.0
10857232729575795799,2,3.0
9914320720802709396,2,3.0
14008615273239387183,2,5.0
10110131954871876636,2,2.0
294071640234784717,2,16.0
10530146245863109125,2,3.0
10598359360336805093,2,10.0
16125317731215649507,2,3.0
14932932231244105217,2,26.0
10309471052338947397,2,8.0
2737756291193199389,2,2.0
10184713932054594210,2,2.0
5711809637587546264,2,3.0
12814549388774482617,2,4.0
1902988075086494240,2,12.0
1991029669240982560,2,2.0
11376792908109710474,2,3.0
632772945871530775,2,2.0
8771322649876620480,2,2.0
5983073058367947010,2,47.0
6791187661994541051,2,2.0
13205195537326294206,2,4.0
9688629189686895793,2,9.0
8412662496002566832,2,12.0
8312673447694326892,2,2.0
14098254200807636243,2,3.0
2662127878648331487,2,3.0
264264368171961562,2,9.0
6065187063731183346,2,2.0
6290180767695357359,2,2.0
6875265513841070283,2,2.0
15993143791835485675,2,3.0
11927838270845224987,2,22.0
10367653696468305023,2,4.0
12340282399458030256,2,2.0
16382019465572687108,2,4.0
13482876266111444961,2,2.0
4725198876354909550,2,3.0
15816992329940240521,2,2.0
12859794311329905003,2,2.0
16166930157470629121,2,2.0
7566631480772655805,2,2.0
14914421966641677840,2,2.0
7520752419206359304,2,5.0
11823328369318961291,2,2.0
1858880879093223252,2,2.0
9529976365307077562,2,5.0
13572352594180521544,2,5.0
9636243442229964105,2,80.0
3521067356751253543,2,14.0
3747480120873076531,2,2.0
10968851078880566680,2,4.0
16236356842443255359,2,2.0
8133823758595877446,2,3.0
10108244594645801975,2,6.0
731619770245912285,2,8.0
14688726275316554072,2,2.0
13890133383035208412,2,4.0
9642165924393625940,2,2.0
2847453617749755686,2,2.0
16465111626477553508,2,22.0
9902691328918319186,2,2.0
10684218518408392977,2,2.0
183583678594503200,2,2.0
18393181658177883761,2,4.0
4449161274913844596,2,3.0
12193422111127413780,2,8.0
8488087112274185850,2,20.0
16231582379465765281,2,4.0
9470419786705228489,2,2.0
17541700616534122503,2,2.0
14098774909771785941,2,2.0
15134322023082130284,2,5.0
4837930189985144736,2,6.0
17435682874719184033,2,608.0
2572869468549135741,2,7.0
7185510100009693754,2,2.0
5638170039111194231,2,4.0
6635700163068272503,2,2.0
17286648635750405691,2,2.0
11474999515625265082,2,2.0
11707509326300576738,2,7.0
15480174392834001897,2,2.0
10900413284326039697,2,2.0
10349998262334247006,2,31.0
6600714358056784567,2,4.0
12609018850967234431,2,5.0
8329349531860960946,2,2.0
8381807457097424042,2,4.0
15050241563997028855,2,2.0
3692762379673585483,2,2.0
10553610539048230942,2,9.0
4405034380708875570,2,2.0
11777228683214732401,2,2.0
16240850372093254090,2,2.0
4034649014520076779,2,2.0
3203789249061954665,2,15.0
14480013890610243220,2,9.0
1351110577419308485,2,2.0
16686951436314148153,2,6.0
13754827297224114832,2,2.0
15914496521271338002,2,3.0
10556334118997735974,2,6.0
10885513325756763661,2,2.0
8053031242877984684,2,5.0
322254880992001108,2,6.0
13224521088067166524,2,3.0
8476594236849428105,2,5.0
11756282335806918112,2,2.0
234720648677395651,2,4.0
2315433019517123903,2,4.0
16100162501587886041,2,5.0
17432101458007380510,2,5.0
9200165433890263881,2,2.0
14137296666479641334,2,3.0
17233600271467818521,2,5.0
6291345168814223554,2,3.0
10525677657424359094,2,4.0
6729834391524631037,2,29.0
18047359268425701654,2,34.0
14312421087749659287,2,5.0
2843986681383109200,2,2.0
5372106559901103721,2,6.0
5383177147053298980,2,2.0
11674625540545667832,2,2.0
16476718282574803768,2,2.0
9574665940087375322,2,3.0
12247545745490924315,2,18.0
9173742555201374569,2,2.0
13716127984180855907,2,4.0
5129642493320159598,2,11.0
9765132358118773484,2,5.0
4163773718440290045,2,6.0
9654678371540955585,2,2.0
18373078813747498600,2,2.0
4648736524716890292,2,5.0
14299213511802761869,2,5.0
17615827003589106498,2,3.0
11289663064614996998,2,2.0
8764128407854808572,2,8.0
14709683040224586720,2,32.0
761039660493555391,2,6.0
6657716579999945360,2,5.0
4408963459246367981,2,3.0
15027585113793395583,2,3.0
15888016479205334475,2,8.0
14319436541546430684,2,3.0
1063671280908702046,2,2.0
8531856633799757055,2,2.0
10628496599293729687,2,2.0
5569986014904290946,2,5.0
10044075563908997765,2,2.0
6341989996727483627,2,2.0
3464944239030856965,2,37.0
6218387188620224234,2,4.0
3629142413125218891,2,2.0
14457447758396586601,2,6.0
11940918588278805050,2,6.0
13006745578100143084,2,2.0
8823327737959421259,2,11.0
7963597878143750317,2,2.0
419685209814990204,2,2.0
15050865053466358948,2,2.0
12038704628053986643,2,17.0
14177877500496593631,2,15.0
8980851165506429995,2,4.0
17302335685931371234,2,3.0
16647574712327205759,2,3.0
16620020460966038221,2,11.0
15682312943120678529,2,2.0
5076003711842828007,2,5.0
3875356735460072968,2,2.0
8816255288136631220,2,3.0
5671853646494975606,2,6.0
11400328576741585357,2,4.0
6259268533469720514,2,2.0
11157851053622526999,2,15.0
10315445397796453206,2,2.0
568135676257426339,2,7.0
8434460926058756367,2,15.0
6529754698175212119,2,4.0
17650600026579180333,2,4.0
4237408015908593103,2,7.0
5562243023627929518,2,4.0
8734244884168837907,2,3.0
14387710855279282323,2,2.0
12637307429731020910,2,2.0
3222459572466494198,2,4.0
2702981803499222291,2,2.0
16825942665455339589,2,39.0
4108307366220260298,2,8.0
9126739367292600255,2,5.0
8959631087053364085,2,2.0
11683170224391580672,2,24.0
103186094190579262,2,4.0
5479567347598250439,2,2.0
3984984578221043966,2,2.0
6053356295934594855,2,2.0
10632649884978382526,2,14.0
7549517935390759268,2,2.0
4221779833083496555,2,19.0
6441987955639352165,2,3.0
12436449722978898637,2,2.0
12105200219241001257,2,3.0
15994330778635238261,2,4.0
11024145532488941520,2,36.0
17717435326807850378,2,2.0
11501944567566341359,2,14.0
13584893780708729936,2,2.0
3036731402107862618,2,8.0
9622022203135839719,2,2.0
2783022658428331582,2,5.0
10333838421731647193,2,2.0
13063624147078332805,2,29.0
17971615838920985756,2,3.0
6740044894386775467,2,2.0
1224965881760245036,2,2.0
8584293417418996229,2,5.0
11188672049729586085,2,28.0
4018834157768286064,2,18.0
5198668153029494299,2,2.0
14777063190602284492,2,3.0
8847511226868900751,2,6.0
12020390109914005220,2,11.0
6533977378808128756,2,2.0
16600130826300192571,2,9.0
7531012344029890545,2,36.0
185469420345425344,2,2.0
2428009408534217287,2,3.0
12747556941874690756,2,2.0
17691501261741466096,2,10.0
14367213321321655282,2,3.0
15226817908787509299,2,2.0
13765814982857460208,2,2.0
15073074301279299185,2,36.0
11303965817734767064,2,3.0
17034917029479423906,2,4.0
5290463843275778827,2,2.0
7057607899557003846,2,17.0
720673631316535494,2,2.0
13039949715073120488,2,2.0
567194021964048144,2,2.0
3102273403564522533,2,2.0
10736453119489830154,2,14.0
15152515029570407837,2,3.0
322142259797959734,2,37.0
7956337183892343892,2,6.0
12884468620357402946,2,5.0
8514807502940325029,2,2.0
7132820881386292677,2,9.0
11786828858937444281,2,2.0
10602883879244931539,2,2.0
13736433450136379974,2,4.0
10214368196892401833,2,3.0
1525375346639080026,2,2.0
13499349592911276817,2,2.0
6327357274970637620,2,2.0
11893479633955975876,2,11.0
15299354348753400288,2,4.0
8252204535819589719,2,2.0
14464187292205531940,2,26.0
6219323116036149003,2,2.0
5758586715865968674,2,2.0
15301959974851006843,2,2.0
10263810324814899747,2,4.0
11416872516606806965,2,3.0
3102517192005424979,2,2.0
7632744769194879446,2,2.0
7939108197508070815,2,2.0
5113320783620994,2,2.0
5614587554439790502,2,5.0
7006115404243625180,2,6.0
15882367106257678886,2,15.0
1973089278068461653,2,2.0
3603238710160761830,2,13.0
3108462024496334696,2,24.0
456357000173300141,2,2.0
13984400275325483870,2,2.0
14981713905396327314,2,2.0
4130179341462345633,2,7.0
9090483677141325588,2,2.0
7608749725248233332,2,5.0
16498632853105171790,2,2.0
15939498397472180302,2,3.0
1334509480128518440,2,2.0
6807888344362946903,2,4.0
9427542734123646586,2,28.0
8168062023313947778,2,11.0
9706046968692568923,2,2.0
3422191018571202979,2,14.0
8171820241283067489,2,2.0
12437256783542246801,2,7.0
17571173135406373033,2,2.0
5798461256088982387,2,2.0
10005329078806940765,2,32.0
18113116581320140958,2,9.0
9470110206926449561,2,2.0
5602271581580162386,2,3.0
1194060719623241482,2,4.0
4144338216079541058,2,3.0
5463942475731709076,2,2.0
15052184389548337930,2,7.0
9840230862426456537,2,4.0
5279825932196404806,2,12.0
17330480409185613791,2,7.0
6297619006199498588,2,6.0
15069506636508500539,2,9.0
1503994152633640097,2,4.0
9973987550092020885,2,2.0
17844062935894301897,2,2.0
10532390177003934363,2,5.0
7599283986661070070,2,2.0
14314517366094970507,2,6.0
9578245612542700149,2,3.0
17218388477301187829,2,5.0
8919124918923162617,2,2.0
17268164773120990659,2,4.0
14430665291410806851,2,3.0
10277308311038714866,2,4.0
9768616646083393125,2,13.0
6680731777792120327,2,7.0
6251989453660860287,2,2.0
919360741597294979,2,2.0
3098895218317352519,2,6.0
5836002911084406169,2,7.0
4953745240712070368,2,2.0
3201892118020165464,2,2.0
5500344886021508604,2,5.0
4071893625411599759,2,2.0
15316438774381566232,2,6.0
18041563379814517330,2,4.0
12460479331425522552,2,4.0
1398502294502744936,2,2.0
7156591340538948465,2,9.0
17888326738299932909,2,5.0
2883426021308300942,2,7.0
6768226908411571591,2,3.0
2696291034492334760,2,2.0
14536348101912704446,2,2.0
8671944413209626463,2,2.0
3300640794318252971,2,8.0
8555923657293929417,2,2.0
663195582907317851,2,10.0
13942107055125920418,2,86.0
1258750526477502801,2,7.0
50092137224668543,2,6.0
5018883920659727322,2,25.0
16114329724109844266,2,2.0
7778282160790922305,2,2.0
4740008380334745249,2,26.0
6565715861701148935,2,3.0
2511589282808752124,2,2.0
17085404659928472126,2,3.0
7494426174036063633,2,13.0
1778506107331550983,2,2.0
8017926752050765248,2,27.0
8927842292717040890,2,36.0
9062468046627425693,2,9.0
7446585940913028017,2,3.0
1951606029792053126,2,2.0
4393521170261865867,2,33.0
17447086155896592703,2,6.0
3947866686580460746,2,25.0
10883057420321148163,2,2.0
8652936585729272627,2,2.0
12771194102211658287,2,6.0
5391527351584227781,2,2.0
18294009287723173485,2,16.0
8867556512707956627,2,3.0
16545809197555689605,2,2.0
14076567898336420791,2,2.0
4646878068259360255,2,4.0
8950526933753086155,2,6.0
3044032922925811688,2,2.0
6570965336483950871,2,39.0
15359747473085521703,2,2.0
14670276977278438717,2,2.0
14269318550628130237,2,2.0
5578132029622133979,2,4.0
10229921170238302045,2,4.0
11234202699970801127,2,5.0
17619105142400051492,2,3.0
8944105783549357168,2,29.0
12832868446484440793,2,2.0
12241081773072897133,2,38.0
12829573112162357960,2,23.0
13263110215581740374,2,3.0
1565684860004662637,2,3.0
15228961137752813526,2,2.0
11654378758437367018,2,3.0
5583107391433393236,2,4.0
11553132263617348064,2,5.0
16020026536554606989,2,10.0
17287276046431264323,2,2.0
13940729146478435112,2,2.0
15995354337647295680,2,5.0
4875714621232291204,2,2.0
2352397939837252497,2,27.0
3666495689427915171,2,6.0
13835258701807578251,2,3.0
2866880547932661220,2,6.0
11687428135397071621,2,11.0
7451018140477212761,2,38.0
4726700005440839354,2,5.0
10176372230530579075,2,15.0
9286321092170968333,2,57.0
6294203125322474613,2,2.0
8483776084505197430,2,2.0
6291357400092229606,2,3.0
9112461439376111693,2,2.0
9183864361329711505,2,8.0
14642903646135368309,2,2.0
12752177363014363464,2,7.0
7678576109355112929,2,32.0
7648884221366352752,2,2.0
1473110623643282782,2,2.0
14810644663167134242,2,6.0
12042431681393755250,2,2.0
1183223223570894148,2,2.0
204774640278827901,2,4.0
11327417235981619154,2,3.0
7298470965093334386,2,5.0
9570412973152854680,2,2.0
12700000592934708703,2,2.0
8519196633479248241,2,16.0
15907439897471311112,2,9.0
2352522830128800617,2,9.0
15145212786742549947,2,6.0
2237430709434281406,2,3.0
4237052042282420736,2,16.0
3643315372406541388,2,2.0
479126985492541445,2,3.0
3848385548880179048,2,2.0
5671150374332721094,2,3.0
8106200670621229391,2,2.0
9971893256671932361,2,8.0
5974169945987742696,2,3.0
7456099902046600527,2,2.0
13644479940254873841,2,2.0
13616172824575755668,2,11.0
14047490464188300052,2,7.0
17473897896451253562,2,35.0
9708429977336067542,2,3.0
13818378605537023846,2,3.0
12094516353691202589,2,10.0
10106612646340450302,2,3.0
7610543105239570271,2,3.0
12452851861318295891,2,5.0
240738658043582774,2,8.0
15427269677910492438,2,21.0
14756642448339374781,2,2.0
12036235409816412523,2,3.0
14760594672882887768,2,3.0
5673085486096143742,2,30.0
13327244300041537318,2,5.0
10350152598122402441,2,4.0
10491485617929363450,2,2.0
15285117054656841198,2,6.0
14733331130492953360,2,2.0
2859865511192706565,2,2.0
16777323726316061518,2,2.0
13331964177197761720,2,34.0
8215807706804135835,2,5.0
10424281683399277802,2,3.0
17777359370215713560,2,3.0
14055778378462209696,2,8.0
10498707486009484824,2,2.0
17921738312779651719,2,4.0
4439836039890600001,2,2.0
420723562143107129,2,2.0
9094840817636613630,2,3.0
2404960750282977616,2,5.0
15641994970961936174,2,4.0
4976270411649645357,2,11.0
516480812633541649,2,4.0
8297615034857094538,2,2.0
750811076513453796,2,33.0
473706011632917938,2,54.0
9842368543583880477,2,12.0
5395559640549987437,2,7.0
8769977439260212962,2,2.0
3816564218470756452,2,5.0
12738245406954337910,2,2.0
11516198191564399520,2,2.0
6870985851629630159,2,2.0
4196620330312451097,2,6.0
15777730360406676446,2,3.0
17884907178073082841,2,2.0
15034053172167383906,2,12.0
2248631774671250723,2,4.0
5835170225164241546,2,11.0
16602857633303634467,2,3.0
16458076766657869948,2,2.0
8112974713119166802,2,2.0
5749709885676531872,2,5.0
5514783088594283342,2,2.0
14122130244774641671,2,5.0
2043952180628724544,2,2.0
16470622745280206673,2,5.0
3407059477929278065,2,3.0
13320903451701599044,2,2.0
10904724168043049256,2,8.0
5378180146959020316,2,3.0
8108350026567249223,2,8.0
15835994509187112053,2,14.0
10991086301039390267,2,29.0
5545000746671639359,2,3.0
14741576224197190190,2,7.0
1958058982203021817,2,3.0
16023068896211241796,2,5.0
10067849030038194100,2,2.0
3024490211350027597,2,2.0
14321186007324354474,2,42.0
18432146554228598223,2,2.0
12252109329357015215,2,4.0
10639067860028624741,2,6.0
9619219813486087001,2,3.0
670380402985154325,2,43.0
9434901450249939636,2,2.0
8319983938921702168,2,3.0
11594647007400057622,2,2.0
8511493494299174465,2,4.0
10710659720252040366,2,5.0
7200730155568088805,2,2.0
11670726574287743311,2,2.0
18318271610787368898,2,11.0
6730943309786620996,2,10.0
15536390379421933489,2,2.0
8243459113353106543,2,24.0
15079248595328044610,2,26.0
12468404853482519425,2,3.0
16530968761388694528,2,10.0
10191809227657772906,2,2.0
14126371214946845143,2,2.0
8249899810673493396,2,35.0
7641945886326950530,2,5.0
11661329114922570862,2,2.0
2524496249637637273,2,2.0
2929324609942127946,2,2.0
15818979595724519841,2,8.0
1297605101067928382,2,6.0
12489996775389696064,2,10.0
6714231640319772786,2,11.0
12760569324979880765,2,6.0
11960340889135645342,2,8.0
7255351221012179039,2,35.0
3199650864913642645,2,3.0
972010000276082369,2,6.0
5507160307095259189,2,2.0
5125606029531053644,2,2.0
6820971968779832772,2,39.0
3950406289638792377,2,4.0
5264483494080515640,2,2.0
8032993171352796524,2,6.0
12178439258310525166,2,3.0
10352920860810101488,2,2.0
6098461615760852974,2,2.0
14103627275546757362,2,4.0
16162963266733678084,2,3.0
7315608058428532683,2,2.0
1538214795386262477,2,15.0
11437711950773404948,2,21.0
10101038071317583890,2,4.0
7938880065752131528,2,2.0
13001396602064641602,2,8.0
2064707591668334442,2,8.0
5683859270319077081,2,8.0
267830564776204549,2,7.0
5481315444204049102,2,2.0
11310592460847613985,2,3.0
7216236458150895846,2,2.0
5655171022719194421,2,2.0
15094079265400400327,2,2.0
4782945259004511393,2,2.0
17945752563647851586,2,3.0
6554790860058945515,2,9.0
12619408227360042533,2,2.0
12346287345391521596,2,2.0
7493051354224477272,2,4.0
2931760844544760665,2,2.0
11343986429965859570,2,3.0
4875686562488863965,2,10.0
11041118265157702717,2,28.0
184577398087611849,2,27.0
11892316892406331557,2,9.0
1221397999309983355,2,4.0
13027210877918879261,2,2.0
8638278794429322398,2,4.0
10123411363148497497,2,3.0
2641171209830115380,2,4.0
10938633266661494369,2,2.0
12042760155780455375,2,3.0
13454189627537347146,2,32.0
16300788304542173887,2,7.0
7122636370515976498,2,2.0
775513013203550745,2,3.0
2091761151131976884,2,2.0
8881801988491361075,2,3.0
11655283801338292803,2,6.0
18008969331572112545,2,2.0
8513753435035598205,2,6.0
7454320787845105065,2,2.0
9089071451261525932,2,3.0
1236375952923738606,2,2.0
13421357142247493986,2,2.0
16768215365436822097,2,3.0
4311552592265163255,2,2.0
4431450343873944885,2,3.0
5572787257644176524,2,3.0
18149625888210605823,2,15.0
12331207501422888960,2,2.0
2301082255303953332,2,2.0
10687953796700242222,2,2.0
6646079385529919377,2,3.0
8827088198988945566,2,2.0
9691362945979564157,2,4.0
10194683443481037877,2,3.0
9662209350092215338,2,28.0
11828026921333175172,2,4.0
3389812419814497786,2,3.0
8668773742906622691,2,5.0
6561305535273849652,2,2.0
2337259483470530770,2,2.0
10625856239641694189,2,5.0
3809368534243766279,2,4.0
9784556356836595346,2,4.0
9683128917688015119,2,38.0
5736839131580420410,2,2.0
13176591975230910375,2,3.0
18042775611192229866,2,3.0
1918307484461478347,2,3.0
7366630629736099767,2,11.0
14753554940769434577,2,11.0
4304863476434402479,2,17.0
1527044998638163530,2,2.0
4886970172790424168,2,3.0
4698316261743143639,2,2.0
3334978749641589483,2,3.0
8862476681110397512,2,4.0
14140698553901363781,2,3.0
16335813222632656739,2,4.0
15775744357930326183,2,2.0
8361166031831265765,2,33.0
18216587445485696355,2,14.0
11345431852935966417,2,2.0
16781329069826416693,2,5.0
1989793997836520130,2,7.0
8981100728540881779,2,10.0
15052758683306665872,2,9.0
15950646763729439866,2,2.0
4564266024988313804,2,7.0
7618003249679593963,2,3.0
12179588347185071626,2,4.0
10270957513096727220,2,84.0
9263007091305522555,2,3.0
13812180469866053030,2,2.0
7287821604117161705,2,5.0
13377071371216819656,2,2.0
9221054101525425798,2,12.0
11965065143460403962,2,9.0
3700215918488548375,2,4.0
6679576034535458774,2,5.0
1182234753775297073,2,2.0
1905434515883920767,2,12.0
2122953904397490397,2,2.0
16305176319309724494,2,2.0
14802082140753768084,2,2.0
13105696908912479865,2,18.0
5552704069161656218,2,7.0
6429939094228355214,2,7.0
16062832892399401164,2,2.0
4995494625860357588,2,2.0
9411723598484632008,2,2.0
3899704626940626243,2,2.0
18155186328746739827,2,12.0
2922568055911219107,2,3.0
10748635094001235371,2,18.0
2668417692492145751,2,2.0
12871174876254676301,2,32.0
16522912163619090133,2,14.0
606495411928885480,2,5.0
6844574400525467163,2,5.0
12392555728604030387,2,34.0
2347626689033273333,2,14.0
3475495430055494738,2,3.0
8365383844968328058,2,5.0
15851245621973530199,2,3.0
9922379358262115373,2,2.0
7464894106520341666,2,2.0
17478322516081825748,2,4.0
12748095696811663365,2,2.0
11618490599816697636,2,10.0
5699356621993581980,2,3.0
8683575372203297402,2,5.0
12462346395759490149,2,3.0
7884341450814852136,2,75.0
6177027425260481005,2,2.0
16012632301775715230,2,2.0
12160640710033772510,2,2.0
215722514109187223,2,55.0
11927763868581981774,2,2.0
16833491026161639743,2,25.0
2932646795903971113,2,9.0
2198040390092158746,2,9.0
8455640703852721485,2,7.0
11723206162054813938,2,2.0
5730811417873442183,2,15.0
11714719866312376547,2,2.0
18177588165637367790,2,16.0
1854839821597914834,2,2.0
17989937274386098348,2,3.0
15622583784392906569,2,2.0
6214108729122930115,2,4.0
12750977016220426411,2,5.0
14040479959190833960,2,2.0
1459404085872394790,2,6.0
14516591354912847653,2,13.0
12891215679192209554,2,2.0
15304677448677724213,2,4.0
14415416811276601168,2,4.0
3824494415785375136,2,6.0
4424225740624827816,2,2.0
15078821241234769730,2,2.0
152663574327422759,2,37.0
11210686967333963889,2,2.0
4066525560666065687,2,2.0
13140264072752093947,2,3.0
10247198390161589117,2,3.0
7203063578839949704,2,3.0
137275743759070259,2,3.0
12676275892163328525,2,17.0
4317558305647696441,2,34.0
11371679240362752941,2,4.0
6490978165519613419,2,2.0
10223063834969309132,2,9.0
10218667871453989581,2,10.0
544851502089020116,2,3.0
17767767998889472154,2,36.0
12285067874729332991,2,2.0
5547716150946687129,2,2.0
8729742328842837935,2,2.0
8371373539455287982,2,4.0
4553035387057817083,2,5.0
7792474210114279043,2,6.0
13536325539634206047,2,2.0
13073582169743206869,2,9.0
12841171407509961986,2,2.0
17074456387765278136,2,2.0
3985352754028448068,2,35.0
6065154286733498320,2,2.0
17986155870240624034,2,4.0
16666679102322853941,2,3.0
16917378517707363350,2,23.0
17849572699529149482,2,5.0
17569910715040511339,2,11.0
6595561361158332166,2,2.0
10539692648063434114,2,5.0
6614954590183249192,2,14.0
8455217306623033718,2,10.0
17862721327572034326,2,19.0
5553044097214158048,2,5.0
3296937435272631608,2,31.0
2918364391937184243,2,2.0
927907787690742149,2,4.0
9908984152874191407,2,6.0
10306439144377085665,2,2.0
1856211584947441395,2,4.0
609236338205936503,2,7.0
2786933343124407512,2,2.0
8295109357293156040,2,5.0
13578517011229077763,2,3.0
9188416431520227328,2,2.0
13297425486817878643,2,2.0
11602743013673229480,2,2.0
12776749911493424937,2,10.0
1625085327677507087,2,13.0
4868573481315890791,2,5.0
854660075314562237,2,2.0
5717708779036244383,2,3.0
857843449957054378,2,7.0
1061747360079832570,2,2.0
10995859529057674717,2,6.0
12266274803988264388,2,33.0
2024599604955546692,2,18.0
6027578475181607915,2,2.0
2036175672258856859,2,2.0
13184000858205399340,3,681.0
947712297480019138,2,2.0
4145441806874315473,2,2.0
9502903629943393408,2,2.0
15336974057826861211,2,4.0
10350635219229590718,2,2.0
15400436605273003150,2,4.0
501928977100752549,2,8.0
2363519690836882142,2,2.0
462606689705985578,2,5.0
1052454298296184533,2,5.0
14549647162969997749,2,3.0
7356197378717109073,2,34.0
18178466047537861222,2,3.0
3367094037953206305,2,4.0
18082691480639359903,2,9.0
13233512083239846913,2,6.0
9934770491618121509,2,2.0
8054933175781597206,2,2.0
1668190270746184977,2,7.0
15314145714218119732,2,5.0
8658862393691926422,2,2.0
13690843990885479126,2,6.0
12156278741121615022,2,2.0
17240425366632676522,2,31.0
1951582872846927666,2,4.0
16252648653787303651,2,28.0
12859683125235144595,2,28.0
1280803988070415250,2,2.0
1964150908975942883,2,2.0
11979939035611463555,2,2.0
9558071300371709913,2,3.0
6409824127203307782,2,10.0
6076531505180155609,2,2.0
17037726548418400617,2,17.0
6636164095827842722,2,2.0
16667641229069310743,2,3.0
17097223235760214718,2,2.0
2371891525993586281,2,2.0
4151341434564139899,2,2.0
11297414306884534308,2,2.0
10221943298063836705,2,49.0
10271230497280175796,2,16.0
13224368346474143280,2,3.0
13544444771902866055,2,33.0
3373322341600186091,2,26.0
1742170719947788597,2,3.0
2856220895303078355,2,4.0
4527215047685823057,2,2.0
7383677877003945770,2,2.0
18230804278214605041,2,11.0
3745014236798601760,2,5.0
2503617094847087296,2,5.0
2421301441726090135,2,2.0
16786086785028320606,2,3.0
1266392918489426956,2,9.0
11969585167147324407,2,18.0
3152606959183786444,2,2.0
5810148413110207905,2,2.0
5911625458983900469,2,2.0
4169614191962466203,2,2.0
11491559297474767390,2,2.0
16605390954272716792,2,3.0
5945295623321019262,2,12.0
12960005383241637101,2,4.0
5147165406227437382,2,37.0
9553807513195218193,2,2.0
4270500469836422775,2,9.0
387644754010313539,2,2.0
11312941254530904544,2,36.0
10483328495865757734,2,2.0
6278758658774178783,2,21.0
7203047775418333536,2,3.0
11925978521835706851,2,7.0
13068681337008134921,2,5.0
12583670862190773327,2,5.0
1962726344430560383,2,2.0
16535191113150482666,2,34.0
1387283392152378092,2,2.0
12651432003081996075,2,7.0
8851491452615974624,2,34.0
15282205210504502702,2,2.0
16724294889545804982,2,11.0
811502209585802343,2,3.0
12903120309126671982,2,2.0
6228040509468829035,2,5.0
6297611525855761177,2,6.0
2701890043503888020,2,2.0
139025165158579293,2,2.0
5709789919071917497,2,3.0
16516918389642677480,2,3.0
13541010602711423546,2,2.0
6859436707953137498,2,3.0
7810217775392057739,2,3.0
10108700258224950005,2,5.0
4362629189359838864,2,2.0
10566795571886447780,2,10.0
2614060131965767507,2,2.0
12693825009840322756,2,4.0
17449188655245162239,2,3.0
17751532633124146909,2,35.0
8211206133246735114,2,2.0
2637096689447109799,2,3.0
16143552820821629412,2,2.0
2764694428632370244,2,2.0
6657864436072795135,2,2.0
1577803224412262516,2,9.0
9541491046801296124,2,10.0
2422386811000117517,2,2.0
7535174217094902392,2,2.0
12042854595647119466,2,2.0
14297932724100104023,2,3.0
373236306922353615,2,7.0
6823829603541777162,2,5.0
6139243676237140621,2,5.0
12920375487546282681,2,2.0
6090435135901814213,2,3.0
12354365635406699546,2,2.0
12765827501807482738,2,37.0
3079662215835951099,2,36.0
7900812623637945498,2,2.0
16011433318389814233,2,7.0
16718488959309306015,2,17.0
10806961200878655815,2,2.0
14349411180332866048,2,3.0
11917352324579988148,2,2.0
9234003111742236692,2,11.0
3189570226793876945,2,2.0
604489488679193876,2,2.0
8231121208076806239,2,2.0
3452362290805456727,2,5.0
7181425561388958729,2,2.0
1275855211399456767,2,2.0
14057687862885067139,2,2.0
12873082706775677359,2,3.0
9683618804994355039,2,3.0
4893862426396312167,2,5.0
7342269588613577523,2,2.0
8398376141985991240,2,3.0
2350446006933446292,2,2.0
2514224056354591399,2,2.0
10892650853456002680,2,3.0
3067384363308046578,2,3.0
9537857850049905791,2,3.0
15713746505734887761,2,9.0
4835700707929398785,2,5.0
13841319067521483947,2,5.0
14517635882313018750,2,3.0
4758800839121706478,2,17.0
4167067577739676463,2,2.0
3732913622447739530,2,31.0
16744370679734595902,2,3.0
4109729359077332755,2,3.0
15392356985195123749,2,20.0
8557219666809423548,2,2.0
16135146797825260414,2,2.0
4905422140962206715,2,4.0
1350410417312496103,2,2.0
17651491169560708166,2,2.0
5418683349096380751,2,4.0
11591928604230448750,2,2.0
1375125574389285927,2,2.0
10975326461597854965,2,6.0
15321578454697955428,2,7.0
16109152588715093532,2,28.0
12831524517425304336,2,2.0
1550526491559107006,2,37.0
17726544629657388030,2,6.0
8943509705803443129,2,8.0
15956574436152170072,2,7.0
5835454824747641212,2,2.0
694360028081073954,2,7.0
11169989904018758117,2,2.0
14065592505825566388,2,9.0
2702169221796943989,2,16.0
13162968648958346833,2,3.0
17234669151517560218,2,2.0
14437921187417114489,2,6.0
14639191501597645441,2,4.0
10576747012158421224,2,2.0
13889526492361839942,2,18.0
953673152176121726,2,31.0
5574424873731971664,2,3.0
12222651249554401642,2,12.0
3935152262474533598,2,2.0
5718703981486189670,2,4.0
10613328535798551562,2,2.0
6011711603793714032,2,2.0
14347198460826870427,2,3.0
11058065893597999599,2,16.0
10184512323112247523,2,5.0
17200846101994655079,2,13.0
17012864963288334411,2,2.0
11636183974072290251,2,2.0
9233878125047567211,2,5.0
9219079277509529399,2,2.0
9432492545615004823,2,12.0
5411371203185773727,2,2.0
16501714274219059685,2,15.0
753378089319031378,2,7.0
17279386360744836259,2,22.0
17341380189304308890,2,2.0
17025831939489129264,2,3.0
16805124941967441560,2,2.0
12998738377062557069,2,2.0
2351205113435426963,2,4.0
5593379475270649481,2,3.0
8586549544930710638,2,3.0
7622563947328376860,2,9.0
13890132987133714375,2,5.0
8555247938461662982,2,2.0
8511088943913532324,2,7.0
504648005022682354,2,33.0
18277431803827525331,2,14.0
13480645992304116515,2,4.0
7137280956256412663,2,13.0
17688703367694186642,2,2.0
14871754694564394832,2,2.0
7298176239869742713,2,2.0
7690122195045920929,2,2.0
16198153366646646107,2,2.0
7527915501689151855,2,7.0
4156025382801899523,2,2.0
13815753311918942187,2,3.0
2654052889644748617,2,3.0
7081368645722835845,2,2.0
16431863636652763686,2,2.0
16080889466164244060,2,2.0
11465403033462648623,2,3.0
15523969079257696119,2,2.0
3041202902360664857,2,2.0
15947246511046816174,2,4.0
8395539346378974486,2,2.0
12895005508796115023,2,4.0
2318538839222025442,2,3.0
7967753322249297881,2,3.0
7241998603454680876,2,2.0
17843910774049209389,2,2.0
13605789579253945532,2,2.0
2688925044914132119,2,39.0
17649008968293559188,2,2.0
6573975163600492419,2,2.0
10261272241078910026,2,4.0
10000932010360689329,2,13.0
15637689964421468999,2,2.0
9441128977147394082,2,2.0
16795761558452360250,2,10.0
18282044644791287817,2,2.0
10378026004219972009,2,29.0
11898131815167084474,2,6.0
16430437320706961428,2,13.0
16748725160546627077,2,6.0
5277158582810447136,2,5.0
2930944883447110605,2,3.0
3445441687594257019,2,2.0
5904804415594112945,2,2.0
898588169639089322,2,21.0
1428260429452667678,2,6.0
17462194137107852581,2,4.0
9656749201127976673,2,3.0
16984765439435281421,2,3.0
1672225412395232359,2,2.0
3898503493821557656,2,3.0
8721670698307541592,2,2.0
3279094073477082294,2,2.0
18363817896111397297,2,2.0
646437570360529518,2,4.0
10100179359020517513,2,3.0
15190888100361039305,2,4.0
9579186503685599667,2,6.0
1753494487651655303,2,2.0
7183511790729816792,2,4.0
17426398818532628076,2,8.0
3791513423927443132,2,3.0
9901675497639440984,2,3.0
5482073094541830014,2,23.0
6594412028948281842,2,5.0
2149703017352359315,2,2.0
3031877346125573063,2,5.0
16684465443155788618,2,2.0
4795933782151057145,2,5.0
7871639585958570066,2,2.0
17601737202775338808,2,2.0
14772269015199184139,2,2.0
648137486014350884,2,3.0
10488509154786303967,2,2.0
9156637757628862940,2,21.0
4524546594681978549,2,17.0
5240000935848721730,2,2.0
14921981875418817742,2,16.0
7614152029244387494,2,31.0
2119311607544740895,2,4.0
13208922220298321478,2,3.0
4182338015355077704,2,4.0
15240214096935923557,2,2.0
7738057950006705742,2,2.0
15929527651001970072,2,2.0
9968778143417423587,2,4.0
3171457608889007238,2,7.0
3864495425742859569,2,6.0
13120068259832188727,2,2.0
8367335549338025690,2,3.0
16324412146792118455,2,3.0
5169749434299264203,2,2.0
12900915933923567011,2,2.0
2047981255126267831,2,2.0
3371689019437870387,2,6.0
15250555672975423200,2,2.0
15550620044430980536,2,32.0
13404618464752833307,2,4.0
17666316738414248772,2,4.0
8469220568132246787,2,4.0
3434078393266244099,2,35.0
559698248620389968,2,6.0
8063540849773715076,2,2.0
834501932738132716,2,6.0
7869133336699033495,2,6.0
4377426956824229689,2,12.0
18145594298822702016,2,11.0
18426446347077999800,2,8.0
8411342652275537044,2,23.0
5056857827548801489,2,3.0
488038484403136841,2,9.0
9904488250730420174,2,5.0
786835801075186151,2,3.0
7967257722789143130,2,5.0
17820443574057252010,2,3.0
112958824933057377,2,2.0
7606324946542398399,2,4.0
2630081584744880933,2,5.0
16986712470746443197,2,2.0
15352290108012724611,2,2.0
16448201061198350821,2,2.0
17382564842161160931,2,25.0
6487194616880518175,2,7.0
4676069005220633396,2,3.0
3969503720418524784,2,13.0
11423184392308921527,2,6.0
1866177618233575055,2,2.0
9914656792355742101,2,2.0
14452127834725256719,2,29.0
16301724438027329313,2,4.0
7696772717947140553,2,14.0
12773431091214353675,2,37.0
11745552228030152699,2,7.0
12285814733058714515,2,14.0
2353426069428014350,2,2.0
13248376502406681063,2,26.0
3598843282458875856,2,2.0
3005765217436978770,2,4.0
16372249178222023809,2,33.0
4160262259668676981,2,13.0
11798482904367669049,2,3.0
9562881958579675607,2,2.0
2874666860217773473,2,35.0
12750966411563043725,2,21.0
6847858360142323110,2,2.0
5859820284618141322,2,5.0
17772533708473039437,2,28.0
4646816375182083625,2,8.0
1188192799983572390,2,2.0
2594475906263889907,2,2.0
15823862909198592721,2,8.0
5907969649942924468,2,32.0
3879147167006666962,2,2.0
3330918371984190462,2,2.0
15308665287403462777,2,2.0
16949059126587482124,2,4.0
8078918489444168020,2,5.0
2522143900025126575,2,26.0
9025816122244847035,2,2.0
5759035503907056807,2,7.0
16661169528634707501,2,19.0
15727300657164245815,2,2.0
15936970559636661993,2,2.0
1480951973344018142,2,2.0
16612901986952169691,2,2.0
15447668663138326081,2,3.0
9079656331314197147,2,2.0
8298635188096056528,2,3.0
6113212092600418234,2,9.0
12706369907155083113,2,30.0
6710376348976635705,2,2.0
175460786189719606,2,19.0
14947133326461626442,2,2.0
17260100210526929180,2,3.0
14677353442036847864,2,3.0
16428345398516359016,2,4.0
14633614102452733564,2,4.0
4052484794863793986,2,2.0
8700010236304344630,2,3.0
9282724502115057876,2,7.0
7018939663104373169,2,5.0
6767361661475069344,2,3.0
3609461420219922328,2,2.0
5462815608295989845,2,4.0
15974937727960857528,2,23.0
9411929926134308234,2,2.0
5017703136867398072,2,19.0
13692220878942605653,2,2.0
8405556509100620944,2,2.0
630025875847892412,2,2.0
5175254526325212371,2,4.0
4636173334980129576,2,2.0
13841897556265064063,2,2.0
2172372963328427397,2,3.0
13566955226814773875,2,6.0
11478853421262076814,2,2.0
14362195245632504198,2,11.0
9679787714280382563,2,2.0
10084889845253682497,2,2.0
9661836479787403456,2,3.0
2655039934191983574,2,31.0
9016592846897506994,2,2.0
8083168454155233348,2,34.0
128835476314284779,2,24.0
7465794922945550473,2,8.0
3734810149371370017,2,8.0
408265634370298041,2,2.0
13081093087303529029,2,3.0
8393943234569968204,2,2.0
1747804342111724418,2,7.0
9494373687695350479,2,6.0
9344313456529242661,2,27.0
6404305771978415362,2,16.0
9305123451191420397,2,3.0
8341166018248105675,2,4.0
3558391760726704520,2,2.0
6586502853526766826,2,3.0
11927075418573031168,2,3.0
884631611583510132,2,2.0
12396806216193298619,2,6.0
3184677405146462793,2,6.0
1206729365074811609,2,8.0
3278873214171284787,2,2.0
8673878861942006211,2,2.0
9691830047294514704,2,33.0
9093857092313517346,2,9.0
12514598969919945646,2,14.0
12507669107012120199,2,11.0
17780788073334882411,2,36.0
16525336099533038173,2,7.0
2509253165661102265,2,3.0
1088942715230098137,2,11.0
11418279035806467943,2,8.0
17359313007159660769,2,6.0
10980675259047888813,2,8.0
5662838264831538890,2,2.0
5096223313713415371,2,3.0
14605016776979891008,2,2.0
14755279101829704975,2,3.0
2401009228617150117,2,8.0
6283829682778307987,2,2.0
12460205032087619564,2,3.0
10189273974554249024,2,2.0
17005502685521844043,2,4.0
13320941589026963065,2,5.0
9531955836586848777,2,4.0
14059743175672607008,2,2.0
6217364444974291012,2,9.0
8085794442664828782,2,2.0
3371054282301201217,2,2.0
6398065420161350200,2,2.0
3417437054005261287,2,3.0
1206326762007813906,2,2.0
16782272162755456963,2,15.0
8604661326629104852,2,2.0
915325029395292131,2,2.0
5993969670669846523,2,2.0
18025208819241149575,2,3.0
11774859209769248126,2,2.0
15539630255037201459,2,19.0
3786872986618056382,2,17.0
13236316039043215286,2,8.0
13621866401899191244,2,2.0
2404864129620247431,2,20.0
12827800929143511594,2,8.0
9130501792673134832,2,2.0
7064399015010037055,2,2.0
18046603875547310324,2,2.0
14706420205181019022,2,2.0
13313986745143356674,2,2.0
11692811442454516465,2,2.0
1929497021223545833,2,19.0
17916761498627873699,2,6.0
13477080935704532664,2,2.0
10183519609304108320,2,2.0
16439242559446470970,2,30.0
13970916764119647648,2,3.0
1855444652582887084,2,2.0
15150436770992758246,2,2.0
13191122618180191657,2,3.0
16072442687785030397,2,4.0
6958633843978732731,2,8.0
15284382594316818339,2,2.0
4530173662627171794,2,2.0
15008435236707480586,2,8.0
14056807533379249335,2,3.0
10461775102282740754,2,8.0
6524093668630585627,2,11.0
15157583470526720487,2,3.0
9229943332260319218,2,4.0
4580454971693770477,2,2.0
4727757151166830051,2,7.0
15308050223921547424,2,7.0
8018475136491951547,2,2.0
384839427909737049,2,2.0
18102219930507617328,2,4.0
14736228276014392278,2,3.0
14147212767759386277,2,3.0
1127696229809605176,2,3.0
13609933416961238700,2,5.0
12931004927435913797,2,10.0
6358661932635358859,2,3.0
3166795663760288045,2,8.0
6213674705077575848,2,6.0
6620517980671179120,2,6.0
5323893751178407486,2,38.0
16998549540505129426,2,2.0
4667926368123459228,2,7.0
8013520451074469853,2,3.0
10331244972115116836,2,2.0
1444819347089534628,2,2.0
16889550160832229468,2,3.0
1843930356415319049,2,2.0
5369765575583038761,2,2.0
14953692965231297113,2,5.0
10801268211255924334,2,2.0
6753874715443400908,2,3.0
17715142700976127641,2,3.0
8961778241128941010,2,4.0
272223461748141827,2,11.0
15957321255369347806,2,2.0
12349456564153439676,2,2.0
13918709363387315500,2,2.0
3690333743283615704,2,2.0
4561104186342408408,2,5.0
10884671194156423837,2,3.0
15971402581539360368,2,3.0
14835316285148567023,2,5.0
3639399556411281573,2,3.0
13696671196611755168,2,7.0
14404576894202387003,2,5.0
9740373881426500725,2,4.0
7407805443064727318,2,4.0
17665710082207331573,2,5.0
16777876566961420303,2,2.0
6805522139890332777,2,2.0
15592270827443799483,2,2.0
17991555937790178042,2,10.0
10331864271727769256,2,2.0
12555103657229161385,2,2.0
12269287923875169574,2,2.0
8726383625454404856,2,2.0
7068764653158692696,2,6.0
2911982672939673503,2,3.0
4841041792027102408,2,5.0
15532510775123498848,2,6.0
2139330699341843678,2,5.0
9444572454523164611,2,7.0
16310387290641021031,2,34.0
10059561291187952508,2,8.0
17983481610225290652,2,2.0
12951173836690779873,2,2.0
9281103948120918642,2,3.0
15765009394477013728,2,13.0
2926318042949132314,2,4.0
13941689768039166014,2,2.0
13162213726946044843,2,9.0
4759819827589322575,2,5.0
11008505813980762331,2,3.0
17211747798323935473,2,6.0
13728383465189083570,2,30.0
1316757818135418837,2,3.0
5619127536266774235,2,13.0
4893349623251175852,2,4.0
15691199901541256516,2,2.0
12726621894570777267,2,7.0
7277422760582134756,2,34.0
2048802930483374593,2,19.0
9028914430308749505,2,8.0
14028485743278560561,2,6.0
1709556592223315425,2,9.0
5710975225841016273,2,2.0
13289972242000646574,2,3.0
17830896381416211472,2,3.0
11145315235745948401,2,2.0
14169844849496957199,2,2.0
17117325785691724679,2,2.0
5606119594225108856,2,2.0
2890270089312634170,2,2.0
7068015207306363307,2,9.0
12967777876878107426,2,4.0
13062448945325051565,2,3.0
5908266257393094697,2,55.0
7914108499027689697,2,2.0
10637399728571016539,2,4.0
6946790735300899824,2,5.0
16141445305186880472,2,5.0
3101628314091788108,2,4.0
4841494576152261754,2,8.0
13335370042682157606,2,3.0
7920500363417434897,2,2.0
16869866028362776114,2,2.0
2422393592067543288,2,3.0
11003836722254080615,2,2.0
17794029173176352691,2,8.0
4814788852055368965,2,3.0
4221469537900352689,2,10.0
6273911190819356514,2,2.0
3482571520652463720,2,80.0
3385681425686434058,2,3.0
11873860988518495369,2,4.0
16831713237580202886,2,4.0
9025878333542757067,2,2.0
17904743209557376074,2,2.0
16573842970107422612,2,58.0
11330808686970418216,2,2.0
1341918067304647938,2,7.0
8748455887237866463,2,2.0
12700730807706761949,2,2.0
699657587817634708,2,2.0
4978325219810397508,2,2.0
17113047577616842299,2,5.0
17033676211322657032,2,9.0
475117352554731685,2,2.0
12746054321056078531,2,3.0
15734546586451545425,2,4.0
13710272557926505715,2,3.0
4871949378836305713,2,2.0
15544265213388683357,2,2.0
16246164452287950992,2,6.0
17350325891667253547,2,5.0
1094115954969534838,2,8.0
14065239337493883223,2,16.0
12375371508230914896,2,4.0
2225987793737717770,2,4.0
16059950650242421243,2,10.0
10813741086626595380,2,2.0
2048552987631742384,2,2.0
12749407665546382513,2,8.0
14465770244599175369,2,2.0
8704362725904597624,2,4.0
10953882925738211866,2,3.0
10380788508989907039,2,2.0
9472784624182131199,2,2.0
8325148887157869495,2,6.0
1282114133144502986,2,3.0
12096107405857219141,2,11.0
11194007290251582503,2,2.0
1533510113439271735,2,2.0
15041729324875980966,2,2.0
7558022560662091743,2,3.0
14418960723269531963,2,11.0
11173951560343253828,2,3.0
10599374543526766374,2,2.0
9338679040879189011,2,2.0
5328441841305906546,2,4.0
4249707039828380575,2,10.0
12839969233886573282,2,8.0
4738894782143459432,2,4.0
17577397449726948827,2,9.0
3503083210660447245,2,5.0
16520639753508972890,2,4.0
2066452570225135181,2,5.0
16729090773122305317,2,3.0
6157653240468777924,2,3.0
7347526551663842158,2,5.0
3787119850280650581,2,4.0
1298376700305345169,2,4.0
5391403036341203064,2,3.0
9330546176922116877,2,3.0
9545510210939700450,2,3.0
14006724573065360462,2,5.0
5118969050716630136,2,2.0
4548297953090612155,2,2.0
17303259838002867076,2,3.0
4776972118183382431,2,2.0
4696791028487434545,2,2.0
1368911973113273333,2,2.0
18183453297000670374,2,19.0
16690249981227414340,2,14.0
5938462301860352288,2,2.0
16020515074213591929,2,5.0
14361007280029015651,2,5.0
18216668237453013045,2,3.0
7185159257561034500,2,4.0
7329929103697883874,2,5.0
12267317147405539046,2,4.0
11206214281646763611,2,2.0
7154050134515169187,2,2.0
9491107958401529442,2,3.0
6287245741510994633,2,2.0
13821639272176842923,2,47.0
13604791328293143592,2,2.0
5468629429624195005,2,6.0
16882021502874905062,2,12.0
6085343597181063375,2,2.0
531296818235855790,2,3.0
8287722430877223948,2,3.0
4249076636144367550,2,2.0
17717234681823634404,2,9.0
18195947373948391494,2,3.0
13560457595351848648,2,3.0
16942700737975348992,2,10.0
6273397663483433335,2,6.0
7071929451032328016,2,4.0
12281659941794414977,2,3.0
8658895533298376724,2,3.0
9818452324581538860,2,37.0
3597250000293841310,2,38.0
5368680563567696684,2,33.0
9669883204739374124,2,114.0
16716062889428466614,2,2.0
10270906026914519769,2,5.0
8558778497875098070,2,4.0
13469999405921426023,2,3.0
6249082238327774020,2,9.0
2702192492678965497,2,6.0
1294134729804417702,2,2.0
11054518072938310372,2,2.0
6602074854095466305,2,4.0
15232134859587029652,2,4.0
5112305407829814195,2,2.0
16185110937335761377,2,2.0
16956650003142108243,2,21.0
5965088821243080828,2,4.0
3854455734310454296,2,6.0
18158509100651809705,2,10.0
16473829232256158053,2,3.0
7197402061187652428,2,4.0
4394847188773411282,2,2.0
15621042342388663531,2,2.0
5985816417724944299,2,18.0
1041715384749553031,2,2.0
3896991254891787406,2,3.0
16294342947597679888,2,6.0
15632435584586443335,2,31.0
10407778382495108051,2,6.0
15331361459383738173,2,5.0
2668433895945465349,2,3.0
2155707764729821419,2,3.0
1998097502259367343,2,2.0
11949582465108471075,2,5.0
1047326213451890319,2,2.0
8300546191383144171,2,27.0
17089128707950946612,2,2.0
3186680430391948881,2,2.0
14890674889959912932,2,2.0
3561352810304793328,2,2.0
12320255499354905278,2,3.0
10601684334774902871,2,3.0
7393500081401056853,2,4.0
14721130420130847099,2,18.0
5164794373909342811,2,2.0
3899364648947655973,2,20.0
1577520044307189801,2,8.0
8259007004165916634,2,3.0
7865039881853861601,2,2.0
4894971868967746497,2,3.0
7151124766853457452,2,2.0
7876446261607134515,2,9.0
8447425589740482132,2,2.0
1602082775076847559,2,2.0
14977279918019111594,2,2.0
13272544601284403626,2,2.0
5271883054847313774,2,2.0
14121716797126499009,2,9.0
7905038836845936617,2,3.0
5584968959794427986,2,16.0
14479835898917717351,2,3.0
8031726462332696970,2,3.0
86457657105156308,2,2.0
960987375403479722,2,7.0
4800148628881517334,2,5.0
1279877389764653179,2,4.0
7296998168716628720,2,8.0
9684573120074562293,2,9.0
10433966574832711714,2,2.0
17183311248923267290,2,2.0
15541516596136437525,2,2.0
13934069033976624756,2,2.0
11093661503412396025,2,5.0
15817516232157254693,2,3.0
5145445649088627869,2,5.0
15685873583336443953,2,5.0
6836503269436720804,2,9.0
18216098494521302451,2,3.0
12704838731913666199,2,9.0
18386048379878132893,2,2.0
15969446951933854030,2,3.0
677559420875359096,2,2.0
6013905160063070762,2,3.0
1861452045658175457,2,10.0
3237767029053334504,2,7.0
14078486595553599527,2,19.0
17759664722905127694,2,2.0
17800769831789441611,2,2.0
3847732999653788656,2,4.0
5204111584500925900,2,2.0
1680741735014296970,2,9.0
10870199202612920089,2,3.0
7942897666859732456,2,4.0
6322420481373459559,2,2.0
11432287532461459522,2,13.0
6287609499482610340,2,2.0
17073878222438998646,2,37.0
11532034093427929476,2,2.0
16517628661617845844,2,2.0
9342521106341817667,2,2.0
17255269268248181040,2,4.0
488465082238907142,2,3.0
11228606283428391676,2,2.0
4125655253827248431,2,3.0
2475420964464952773,2,3.0
18397568105797454459,2,3.0
16980870393457237342,2,6.0
9198673003492112504,2,31.0
2601948003714838105,2,5.0
8949003866086919123,2,5.0
14206634042330608841,2,6.0
2379259611123162147,2,6.0
15742876985109360325,2,70.0
611301545844468549,2,2.0
8215035425265016024,2,2.0
16812245743383139545,2,2.0
6395042360100636098,2,52.0
13823222235160551958,2,2.0
8274562838795248023,2,4.0
5933140317086508444,2,2.0
3233352826015586203,2,2.0
10539452795321385173,2,2.0
12531722742852377984,2,2.0
14117706489518941383,2,2.0
10627151994162690712,2,2.0
16251600790285296423,2,2.0
6910417878604880916,2,3.0
973707203487365181,2,2.0
12525096532980086946,2,2.0
2039816457625171879,2,29.0
8614243216013300862,2,2.0
2424592471902887163,2,2.0
16071332449617378840,2,2.0
14259643502323046828,2,3.0
1796812632662552565,2,2.0
9792415344104852192,2,6.0
1274410517051848260,2,12.0
5040004535865306424,2,3.0
18250952164130481746,2,4.0
15580171742945971518,2,2.0
12631526807777996295,2,11.0
4268901954916881359,2,2.0
10436662839781530500,2,2.0
14294046830986319268,2,7.0
365255673706234053,2,3.0
4720794038858531816,2,2.0
6861922392890464057,2,2.0
2457121687422658779,2,3.0
11830016847637376253,2,4.0
13391064294163935190,2,3.0
4895921801713371609,2,7.0
12405212203826074520,2,4.0
12931259222195713390,2,32.0
12909867409593650380,2,5.0
16174841325995091509,2,2.0
10358293926264681880,2,8.0
8544216123581386484,2,2.0
13375304282881378621,2,2.0
15530723391658592348,2,23.0
10902604698606149088,2,6.0
11253899889277762773,2,3.0
13513093513400019491,2,13.0
1383480764036822533,2,2.0
3224053341963200979,2,4.0
13137460020422610508,2,2.0
11757711545657924951,2,6.0
16674410215372417480,2,2.0
6403767991206143694,2,5.0
4255350813553325239,2,4.0
10798394253082620922,2,5.0
6968635103748089884,2,4.0
685952722189494946,2,4.0
5538118173890329596,2,48.0
255596855804337425,2,2.0
5314467204728097153,2,2.0
14875616952168158752,2,8.0
13801470762828306915,2,2.0
1832606120573358321,2,2.0
11228661402791313196,2,2.0
12832176854675132095,2,6.0
18147704448694594985,2,2.0
11243938517349914628,2,2.0
15196506259306183455,2,4.0
2024559045021093789,2,5.0
14452525457779247617,2,4.0
11762191548288382546,2,3.0
17078995176191962545,2,14.0
3387186761888109871,2,2.0
7002948352000252357,2,3.0
11237244061398520025,2,3.0
12764424009944541825,2,6.0
10787167299337518607,2,4.0
17340966295305503604,2,2.0
10865741341055342179,2,2.0
18103138153488462339,2,3.0
9280185573293727205,2,2.0
6347856571693767195,2,2.0
13247646556964777628,2,2.0
6942383377594351657,2,2.0
9747424750535075565,2,2.0
16496438127474430746,2,3.0
2651391499909730573,2,4.0
4167433820821269216,2,7.0
1171016144340582966,2,9.0
12266742994100070250,2,7.0
16496912184571996771,2,2.0
6763716934801756451,2,36.0
15187096605477151882,2,2.0
4317010944489977183,2,8.0
16659599010286284684,2,19.0
13512560539694157454,2,2.0
12369902227199434108,2,4.0
11231087689426738238,2,2.0
10312043893837086180,2,34.0
321204698775738646,2,6.0
13727853767571147294,2,12.0
11227479475121322129,2,2.0
8487002492585723955,2,2.0
122937543059046710,2,4.0
11956659329591645204,2,4.0
11939494179948793841,2,2.0
17764931154539333091,2,9.0
13292893841656101559,2,7.0
9536044127683923269,2,3.0
8410755427714168788,2,2.0
695596649555329694,2,12.0
8544201903979741257,2,4.0
11208889424786752897,2,25.0
11762456506543521710,2,10.0
17181884847859695389,2,5.0
13886246336213629665,2,7.0
6163938273509004481,2,2.0
16258258273424015032,2,56.0
11371808375812391314,2,3.0
18437392296848517327,2,2.0
3201124518866374256,2,7.0
16685532387680484236,2,4.0
16070037834947991820,2,4.0
5625145553166825812,2,18.0
8406891709505922735,2,30.0
4771684212280377477,2,13.0
1186103308729944431,2,4.0
6746650746515749579,2,2.0
17040132966602880970,2,22.0
8005938356868912025,2,2.0
10113957591516100895,2,10.0
13237395568322577599,2,2.0
17154889370619067509,2,32.0
17113097539335937508,2,8.0
10412566181450517414,2,2.0
3296114857234166869,2,3.0
14402169854711666038,2,8.0
8142376852047339837,2,2.0
16678955971006109414,2,4.0
8648572066933826480,2,11.0
12798763192713290223,2,2.0
3818091347654611038,2,2.0
14231617902158737968,2,8.0
447249093233204114,2,14.0
15175054436076922470,2,3.0
15034585147276913605,2,4.0
13140367016815084803,2,3.0
8063957761517344442,2,2.0
17757597799398064085,2,3.0
8804509120949389280,2,3.0
7652082737546526679,2,4.0
582384547147026507,2,6.0
16161610489004095615,2,2.0
11814212348837968044,2,2.0
11722372848974685949,2,9.0
5017370333083687131,2,3.0
13151791402129549612,2,35.0
260280301232210233,2,2.0
3617931912404923025,2,2.0
10837874268406991927,2,3.0
3328969389081676745,2,2.0
1693045139298341140,2,2.0
17456876279726784230,2,2.0
244841048881371547,2,12.0
3180844227623962564,2,3.0
8523780508778491426,2,33.0
8874940255342783827,2,2.0
17300330523954211420,2,2.0
3738905112633707448,2,2.0
12850745825470861193,2,3.0
13958397602475832852,2,10.0
15345113173713671366,2,2.0
15911757155357082467,2,2.0
8100747464781735622,2,2.0
1252534963917342573,2,5.0
3585012867634430027,2,30.0
786771875891355641,2,2.0
15123513353072329879,2,3.0
14981641740738973811,2,3.0
9045363270407000734,2,5.0
9148226777485757723,2,2.0
13575221292280314640,2,2.0
4471663787964697284,2,3.0
6739173407388304151,2,3.0
15462390775717179934,2,2.0
5919494663794330590,2,6.0
11773894375314601249,2,5.0
12590810598530217385,2,9.0
1435742512257244117,2,5.0
17081311083932956097,2,33.0
1592627196377805369,2,17.0
6256522682294132650,2,2.0
15540746295721158885,2,2.0
4509158374032820714,2,2.0
14473303046825509811,2,4.0
13818839253161303210,2,4.0
7014737837782739448,2,2.0
16683996664633593751,2,3.0
5191229325004985155,2,2.0
8441536413617906410,2,34.0
13048184590412190886,2,2.0
2295934050844712041,2,2.0
2368367218751439234,2,6.0
7234488456254481237,2,5.0
7012941108700962852,2,5.0
14124961711646236875,2,2.0
12375887113024110572,2,13.0
10963692958478208843,2,2.0
7204848883474307521,2,5.0
6629424518933390020,2,2.0
10554599595247328344,2,3.0
482964318144837468,2,2.0
13505521281190088428,2,5.0
3092166413064256640,2,3.0
11910299517338478101,2,2.0
742982954549651603,2,4.0
10318763471248565649,2,5.0
129496205745762279,2,5.0
9739479086528417649,2,4.0
17622721592501549603,2,13.0
14914286955464995651,2,2.0
5294988659298764772,2,15.0
11829868645315621349,2,2.0
15970118810591984908,2,2.0
17758346052079994609,2,3.0
8273788740151170288,2,4.0
12632698742876719510,2,32.0
8837441351984667336,2,3.0
8510350727960620569,2,2.0
15332350547392970167,2,2.0
9053290708223914195,2,2.0
15533927167325007941,2,2.0
1781080675008007040,2,2.0
2134005944006164693,2,6.0
1130267583103574187,2,2.0
10333149549905740330,2,29.0
13781173014682636271,2,2.0
8609894962331852964,2,4.0
18402604635939518272,2,2.0
13334764135663225660,2,17.0
553304873126220000,2,4.0
9979671404770785435,2,29.0
4762386050961672587,2,3.0
5609808678101441999,2,24.0
12787047974790816223,2,4.0
11568924127108118606,2,2.0
314965030659265735,2,2.0
10124584831891218148,2,5.0
5722385086218148722,2,3.0
2135040942447480090,2,4.0
17905682362642678773,2,11.0
4291278277504859325,2,2.0
13640206872944867173,2,2.0
10086671378740137764,2,3.0
402996326629505170,2,2.0
526991878314784518,2,7.0
9255436482708148525,2,2.0
15965488048762451977,2,20.0
7262957119519479467,2,5.0
1210931022008075979,2,2.0
13184797394089063422,2,8.0
14943525514423075490,2,19.0
9567067749332630731,2,3.0
11335017048019087479,2,4.0
11172270001607520963,2,12.0
7714443727688595516,2,6.0
13285778540028203247,2,16.0
3082364911287376371,2,2.0
771806717495067599,2,2.0
17666406337881683128,2,2.0
17209433324482417484,2,4.0
9764146488054027622,2,4.0
9353903623660825901,2,2.0
3936969330726645582,2,11.0
8783729607196705152,2,3.0
3489866629252665373,2,2.0
15607773007927534922,2,19.0
1409077933041018028,2,45.0
10415363525028085316,2,2.0
3476251635743309371,2,5.0
13724371632530655897,2,12.0
7237139129489319058,2,2.0
16389419010733735584,2,35.0
5053106952931985488,2,3.0
8430248814841597477,2,3.0
1829871314180820072,2,17.0
4048181062053952008,2,2.0
2044003737360095321,2,4.0
15273940285870432086,2,9.0
17249631782248926216,2,4.0
13304354945001606882,2,9.0
17647654079403589852,2,3.0
2850352142183712660,2,2.0
15512197215612848857,2,16.0
2228723839715716503,2,2.0
16454750851656413382,2,6.0
580052428899362353,2,30.0
897777843358527325,2,3.0
11797949660734493439,2,8.0
1817808216014148855,2,3.0
5976533000477917456,2,4.0
18413911423251874555,2,32.0
5241777807118423916,2,2.0
13981687728022391829,2,2.0
6516100929244497297,2,4.0
10765396489450005215,2,3.0
11287109775219677836,2,35.0
3776630759552175716,2,25.0
2882006648596077757,2,2.0
10537827147864385283,2,3.0
13437840246580427946,2,3.0
8208323473741014652,2,9.0
10909710616086369488,2,5.0
3508427670686742611,2,7.0
10461675259854968363,2,4.0
7846454791637671156,2,5.0
15747369348576103519,2,26.0
3499153274777622748,2,6.0
13216433852792082555,2,3.0
8036320512614299591,2,2.0
4251610575215256139,2,2.0
14335832409402855428,2,14.0
14227022990090970089,2,3.0
13777038322419055897,2,16.0
5989198475010043738,2,36.0
3967525592835044056,2,4.0
12526213036323357806,2,15.0
14817613219598075333,2,18.0
7892915101697718794,2,5.0
4362732477001043207,2,3.0
1138510957076029017,2,4.0
12240498460831939941,2,6.0
14906484455100677127,2,8.0
3521390243098953159,2,33.0
15228596426412866807,2,2.0
9203414766431254940,2,2.0
7387351203620976937,2,3.0
5858872995662587653,2,2.0
1040048530286363059,2,6.0
6032731155087660464,2,79.0
12228727471555609061,2,2.0
10710595689980443424,2,2.0
13397893410516340769,2,12.0
14419533936834449897,2,31.0
7037032479167077733,2,3.0
14164383547034535100,2,2.0
14420580251783800776,2,2.0
5101023609174551982,2,4.0
8956081460124340332,2,31.0
8588019666995596804,2,2.0
7802725158208266519,2,18.0
12908641280782012239,2,2.0
17318691109091330646,2,2.0
5148190621911382961,2,2.0
6095555758855416556,2,18.0
15296131333741270326,2,9.0
5118778537716264490,2,5.0
4155207855923186937,2,5.0
1528408908663105005,2,5.0
14635612654023326987,2,3.0
5527739327049675390,2,36.0
16934448759702837366,2,32.0
3352497714895249612,2,5.0
16384069943475712123,2,7.0
10077413286053922099,2,6.0
11831129982117064414,2,2.0
15141969663238505400,2,33.0
10139246014510421497,2,2.0
3836872535812732670,2,9.0
14950729889279326415,2,8.0
5691811313136969883,2,2.0
8989374521946125026,2,5.0
1014775508603822971,2,2.0
16884667009375574131,2,2.0
10834396258226786186,2,35.0
4361977541000907893,2,2.0
9321437551206031642,2,2.0
17896238308745103893,2,2.0
11353884096815049492,2,3.0
15713654333474639191,2,4.0
2334193321984554005,2,2.0
12254645882287542186,2,5.0
15344486477768204197,2,2.0
9873519536273822111,2,2.0
123391986524274579,2,4.0
825709427271659907,2,2.0
12624589818559347305,2,5.0
7637099501197560346,2,6.0
14049102904613924479,2,2.0
9996096502865278510,2,2.0
15728471630975091874,2,2.0
17783944847374100766,2,5.0
14596288158636815986,2,3.0
4753159285122011659,2,4.0
7424544699265483080,2,22.0
17605563499057373233,2,2.0
8013327969942648281,2,3.0
16335492792509141302,2,22.0
7524004562092294066,2,5.0
7236272342608522288,2,2.0
7083541034106779166,2,3.0
13836304127919330446,2,3.0
1788597903696021996,2,2.0
8656782515009694351,2,2.0
7620293191748473871,2,3.0
7428007086086149891,2,3.0
17215839905040990374,2,2.0
4816444784348339755,2,8.0
2521118726500237934,2,2.0
18084522919890976790,2,7.0
12103323825813628897,2,8.0
18250445520188090413,2,7.0
4345364713386868002,2,3.0
8754062019428569371,2,4.0
10614497801413600461,2,4.0
5168897711175042465,2,3.0
14597243585945632763,2,3.0
14098434504938765365,2,2.0
3895992994726569423,2,2.0
2308199292038437972,2,22.0
2986297334909395156,2,13.0
17347703603439522935,2,3.0
5653598453985865588,2,13.0
3955257766389924022,2,18.0
16145421653938768565,2,36.0
2647241250662876218,2,2.0
642069501253969164,2,33.0
2669715794915064449,2,2.0
7447554753636926259,2,2.0
11142476146893769210,2,3.0
11969962160901039444,2,2.0
2846776500116006707,2,35.0
18254839809610347183,2,22.0
7224058874264267106,2,4.0
8543727508516936365,2,3.0
10629257017213882815,2,2.0
10225305011914975093,2,6.0
16829519434378748929,2,2.0
5950925435234433736,2,5.0
3487617899981955303,2,2.0
10742801002110403794,2,3.0
2356327154194798724,2,12.0
12538816254858356028,2,35.0
16250642721634359056,2,6.0
5059773485425941229,2,9.0
3305847891978429575,2,2.0
1851759824637879983,2,2.0
6303071011539720986,2,6.0
3588405451691086598,2,27.0
3466347870125296091,2,5.0
10707005080617192050,2,16.0
9369656550015031305,2,2.0
3230645296391916466,2,10.0
13560223349048492830,2,3.0
10398176674575929374,2,2.0
13720242508181016284,2,2.0
7311131240470174015,2,4.0
6117827622071610942,2,4.0
15966987134821650142,2,11.0
1799353014762546529,2,7.0
14598737107686924602,2,7.0
4010879828548808346,2,3.0
639006580050930755,2,2.0
1882023228705643702,2,12.0
131085695478063122,2,2.0
10672837086689619877,2,14.0
15279476756503740537,2,2.0
11554773666293865469,2,2.0
2388024630156795549,2,3.0
4873006343401800537,2,4.0
11964465766946859522,2,3.0
14384852734292018607,2,2.0
6080085149519705098,2,4.0
886760691535635035,2,5.0
13413213463268766022,2,11.0
14643825792782684611,2,3.0
7728197916820263344,2,4.0
12258300123518454977,2,7.0
10833184079722691194,2,8.0
240222525419793094,2,4.0
3915203253217965202,2,2.0
16897358615531189740,2,6.0
3959748904986112983,2,34.0
10000070536342032040,2,2.0
12301058755448191433,2,4.0
6335277292437758612,2,2.0
14122674667285132101,2,2.0
15555401049490181094,2,4.0
17705290840142122757,2,6.0
7811040921333977299,2,23.0
12992724372818851244,2,2.0
1413639973600552665,2,2.0
3456237881796210280,2,5.0
13314432143613511859,2,5.0
17909021184501835702,2,10.0
8641324161210055538,2,5.0
502778338240556371,2,3.0
12787087114698600893,2,2.0
7586968771760902404,2,4.0
5772366091814909562,2,6.0
5879149606891234016,2,2.0
13167509996334353941,2,2.0
8477242686542872179,2,2.0
6656224691590274205,2,2.0
6070369536898441998,2,17.0
6120290966877535760,2,2.0
8031415760022948064,2,29.0
6002269889983646830,2,2.0
770209016765758226,2,6.0
447928287532343769,2,9.0
2316135752967228717,2,3.0
4871181123069008266,2,13.0
9658288412740696563,2,3.0
1495497551427460550,2,2.0
3731196540794873130,2,2.0
12805186106912784454,2,6.0
11660747690717041349,2,13.0
16443326531321867686,2,3.0
1699985062479556879,2,34.0
9788844661295397904,2,3.0
11656002549898688912,2,4.0
9818838855216433000,2,3.0
15904267358625551109,2,4.0
12738869664578020665,2,2.0
13505450416763136585,2,3.0
10050954614994013669,2,8.0
5548553829845394968,2,4.0
4014397228972849410,2,29.0
11889631109917961220,2,2.0
13865107532542485665,2,2.0
6971973196134066382,2,5.0
14336031701168298372,2,9.0
751248660068448239,2,8.0
16825988884690763225,2,31.0
3581095673513756071,2,2.0
2684269356053691119,2,3.0
9455026619330703716,2,12.0
8554667031312954753,2,22.0
11415709797977793431,2,14.0
17537578948112405731,2,3.0
14186184285158055596,2,3.0
15607763578183798720,2,8.0
18136730046798543722,2,14.0
2468078963046325268,2,3.0
15515115767921486514,2,2.0
2812734100710487182,2,2.0
4127583028591083593,2,2.0
8616725537289763006,2,8.0
9424976972875080979,2,4.0
15234448947169517247,2,2.0
12645269077031203610,2,2.0
5111607360721429803,2,2.0
16506013504975243292,2,4.0
15436803452049357853,2,3.0
8959129617570102936,2,3.0
3752655811954183966,2,44.0
14712339963436495337,2,6.0
4964034456630644349,2,6.0
10535387200077350653,2,3.0
17792916758275201971,2,31.0
17868208512857806350,2,2.0
8038474432406727440,2,2.0
8119995341134529136,2,2.0
7844218191721299818,2,4.0
16693080333837960012,2,6.0
10218870357108791521,2,20.0
11118758620157148535,2,2.0
18029733545860527401,2,2.0
5816786323226345080,2,9.0
9710891124090764847,2,7.0
16853886402322256498,2,11.0
8092941148060497591,2,3.0
1777160504936716910,2,2.0
1866026345088567579,2,9.0
1812039249847588907,2,26.0
16554707711631248761,2,2.0
14202560076325232029,2,13.0
6592544853426427022,2,2.0
5842698974610736969,2,2.0
11331324901744853018,2,4.0
17432764729466853735,2,34.0
9455744115756033114,2,35.0
15855246430719772404,2,12.0
7578111932468876770,2,3.0
14359777182133702961,2,14.0
14927179084405642058,2,2.0
14597325284892241050,2,2.0
936937750373240327,2,28.0
2400966124103753866,2,5.0
695639017082667787,2,37.0
18418187242975290036,2,2.0
10360710302526971979,2,7.0
1668034455017586321,2,2.0
3105371837240409407,2,6.0
5449746535069596608,2,2.0
19562134050114938,2,3.0
12741205414001827019,2,35.0
11305059267782184827,2,2.0
1566186447688085422,2,7.0
10974347812786622338,2,2.0
5206411873084355352,2,33.0
3772986935801614260,2,3.0
11287791670673525935,2,24.0
14330393955320302689,2,12.0
17733462826853117674,2,4.0
18368304001898832110,2,8.0
6755078832258915729,2,2.0
17075689142356868183,2,9.0
16755686713647198456,2,3.0
9191853890789423779,2,2.0
15630045807490025221,2,6.0
9691925643923093093,2,5.0
17310706194556544874,2,8.0
14124400311907781652,2,8.0
13078332759467232775,2,2.0
12469206203719554461,2,3.0
5056444379713626685,2,3.0
4697996234177984036,2,6.0
15947107949657943772,2,5.0
1851603694498946278,2,2.0
16183988734077205433,2,12.0
12834386111671417589,2,2.0
13239890335695537303,2,3.0
3017196780509899087,2,2.0
13657220124007607442,2,2.0
6376845316055955733,2,2.0
374700862240519470,2,3.0
17850584093816358084,2,4.0
4232216100723016276,2,4.0
7862041656050334010,2,2.0
6062924706251896500,2,2.0
5327883027059928266,2,2.0
7090134801490524686,2,37.0
11278894556464297747,2,2.0
15678921425162564285,2,5.0
16790420798857197546,2,2.0
10926933129504474378,2,14.0
8089559272265361913,2,18.0
18233988184892240085,2,6.0
3525276360919974221,2,3.0
14667346270288337274,2,3.0
7725661855980521432,2,2.0
2756271178250038014,2,2.0
6960325215254560264,2,4.0
6308358865830757862,2,8.0
2428206432497073441,2,4.0
8341933534178263004,2,2.0
4511370949743018367,2,2.0
7427222088853908679,2,16.0
16505268581472555719,2,4.0
6914221927696899784,2,2.0
15174022078728179279,2,3.0
4454841056990831293,2,12.0
155181540629211716,2,40.0
9569677876461735435,2,2.0
15169163521366468551,2,3.0
12366023838013084836,2,2.0
1288855818887420934,2,34.0
11076975595943177762,2,5.0
892719750935960127,2,2.0
5323084600448899480,2,2.0
15557573610302027221,2,2.0
16981209528056349929,2,6.0
949623963735742286,2,2.0
8575799496314491291,2,3.0
5581514303829174923,2,3.0
5602584663739464729,2,10.0
9485629643296733880,2,47.0
5615601431730778863,2,3.0
399163276535467405,2,2.0
14125987668393176241,2,5.0
6219907385469715710,2,2.0
6847298106443681919,2,3.0
8218323647745816770,2,29.0
10830844495521836394,2,6.0
1759283974813960934,2,28.0
11629085724468468352,2,31.0
12336883611064440867,2,9.0
4912337309481389817,2,3.0
12000848354894391394,2,3.0
6206353090707322917,2,6.0
11437929943288684219,2,2.0
1430583433486384515,2,3.0
16264159529178524333,2,9.0
2917352253396002197,2,2.0
17088172756001619048,2,2.0
5059007359509445755,2,2.0
5506595146185528108,2,4.0
2560787976734451863,2,85.0
15134540694640578842,2,4.0
4865560646643475209,2,5.0
10942640884165957737,2,3.0
12810309288026786124,2,3.0
1737388120103249649,2,2.0
4737483776677454766,2,2.0
6145213583591805052,2,2.0
13008051898372716282,2,32.0
5840180585476516771,2,2.0
5588217322470572798,2,3.0
2038027577171068253,2,18.0
3347253739983859891,2,2.0
9304878733347801660,2,23.0
6112620690221351864,2,2.0
18310962236969268806,2,5.0
5494392206066643218,2,2.0
14258402195543140982,2,3.0
12332516929433697277,2,5.0
15566931754859747069,2,4.0
10740810290216084860,2,6.0
9583701658107391147,2,2.0
4683838701836049410,2,6.0
12597361900680048130,2,3.0
11013962589550255376,2,6.0
14109908545593083648,2,8.0
15529264894716611780,2,3.0
4137686092863375872,2,5.0
12922201135825671527,2,9.0
6447093687394325959,2,4.0
17167378082782900932,2,29.0
7390513892800388649,2,26.0
15506823249344850512,2,20.0
14499591442276023395,2,2.0
8648711561406535721,2,6.0
8438568640303913609,2,3.0
15528648426184144278,2,4.0
11195693397399961502,2,2.0
17167038897464274269,2,9.0
5856005635769148515,2,2.0
2742638619561899392,2,4.0
14807416904984517999,2,2.0
1240380279872512981,2,2.0
206606417469439305,2,3.0
13917569384421851822,2,6.0
15631672798164280018,2,11.0
9059053841219485073,2,4.0
18365498172588144169,2,15.0
10601547345798182702,2,6.0
7333915738616354767,2,3.0
17739788130419539541,2,2.0
17590363184137662879,2,2.0
17558482975771891750,2,3.0
8182115658969454196,2,28.0
10878007513654431206,2,2.0
15829734231376861087,2,4.0
12758195907057429766,2,3.0
7829087538893519916,2,3.0
12972065583573080423,2,2.0
1337633136760981222,2,9.0
13429599866130068637,2,2.0
3773399614831384379,2,10.0
5186865484042075811,2,6.0
15455188009949990157,2,3.0
11130387829316699465,2,3.0
6051286300807512942,2,9.0
17057344236313342350,2,2.0
17581150669166217938,2,3.0
5483435106769847551,2,3.0
1114391458287863424,2,4.0
8837977238520402711,2,2.0
324379273431544782,2,2.0
4195624974917177057,2,2.0
8958714707438564571,2,2.0
11069960865185309348,2,4.0
10934353299300067843,2,7.0
1197996729619473279,2,6.0
4625759099107730982,2,2.0
2847218129363514453,2,3.0
1006941650065570156,2,2.0
11689781794448357660,2,4.0
5598756501169497410,2,8.0
6977350524355934019,2,20.0
8422798658622314569,2,32.0
7981139865760520415,2,4.0
4811042788684545946,2,2.0
12765855772262780882,2,6.0
1041272697875335435,2,2.0
10098143112778778094,2,3.0
8841960712855898856,2,2.0
4375629914043944229,2,2.0
14408853407585326620,2,2.0
10015393819717264227,2,5.0
1547697985419081342,2,2.0
12425956017454387783,2,7.0
6830949553441327210,2,3.0
6875584717463858165,2,2.0
14235559727108877698,2,12.0
3154092762925593721,2,2.0
1634730112636546076,2,2.0
5811061701706606412,2,3.0
4618229046722325472,2,2.0
8111198835993677795,2,2.0
16828787850414539127,2,11.0
16371274585034777206,2,6.0
16548227162722376323,2,4.0
10246482215772763469,2,13.0
8202253065910271724,2,3.0
11891949250038843367,2,2.0
9888854212475653800,2,3.0
5388641067105513366,2,33.0
4926186576609848086,2,4.0
8587621971839285104,2,3.0
6841891725973677228,2,33.0
7296592930823730903,2,10.0
1839572946312547231,2,3.0
1044781441845019024,2,2.0
17426387684057844629,2,31.0
2444318049189024628,2,22.0
2190524801205833162,2,11.0
7034039294144292743,2,2.0
3982075433045710356,2,6.0
17337679889200303559,2,3.0
15023818096496665456,2,2.0
9302455433777405029,2,2.0
14747397934829518065,2,2.0
2401772832501819766,2,2.0
11643441666329561353,2,2.0
11084199407324211233,2,33.0
784669152786837936,2,2.0
3011304953522571875,2,2.0
16717354320846710701,2,3.0
15866829718134194815,2,3.0
6236162708463562545,2,2.0
9986889651899732564,2,2.0
10594735338369786210,2,2.0
13788069707033522085,2,2.0
8925309726484889114,2,14.0
2738133614422333299,2,2.0
7342493014076467324,2,3.0
18192811103642072779,2,2.0
11978095625688026115,2,6.0
1558256606543429394,2,2.0
11511008469868618487,2,3.0
8529648670064128301,2,4.0
2747390291400603055,2,2.0
7122735545822225382,2,2.0
15728074949599933817,2,9.0
15714376229371302939,2,3.0
6043327263383129261,2,2.0
8662810294876933380,2,2.0
15967673233055371431,2,7.0
13171878032394277158,2,14.0
5066704658840562483,2,3.0
8329904088554129804,2,5.0
3720370308031563531,2,4.0
12900047694504739394,2,19.0
12497126713976603361,2,2.0
15212239248240518001,2,2.0
3297372697239714021,2,7.0
4268757817944921094,2,3.0
3473646391807953490,2,2.0
10084532946068016024,2,2.0
7374245351531091897,2,9.0
10846275028775485157,2,6.0
1686864238842820555,2,2.0
13224656064416793540,2,13.0
3664622661915733191,2,13.0
2632881462481252624,2,2.0
2413451832653853101,2,5.0
1768500843355307630,2,36.0
10985840708765195139,2,33.0
11389020131070558796,2,33.0
3901282385968696736,2,11.0
9057613823878903691,2,2.0
6673603193754919717,2,4.0
14867651092094127937,2,13.0
13321799312421727769,2,2.0
12848765543027919891,2,2.0
597008922464169353,2,17.0
382422294382592572,2,2.0
2114183746390159798,2,2.0
1490396572533979052,2,5.0
14704711589119435512,2,3.0
13107279260725463799,2,2.0
1920651125470608616,2,28.0
12180193074566698136,2,5.0
57150200299079145,2,2.0
16426118346891384562,2,6.0
7299445467024961461,2,2.0
679267281765296604,2,4.0
12413384052716711457,2,2.0
14875873556325215961,2,3.0
3310546338145146653,2,2.0
15705644206711477945,2,3.0
4796472938486239575,2,3.0
11679139747826353693,2,3.0
12172975306020691563,2,4.0
1671886091134127412,2,4.0
17636217155783821899,2,33.0
5414614998923534042,2,3.0
6374976788386795304,2,28.0
11544568939944441333,2,5.0
4817408695602908709,2,2.0
15336676048621275913,2,13.0
6098246681871589745,2,6.0
15818828347810416308,2,2.0
7823100185554229080,2,3.0
10801684469381331656,2,35.0
18091623822859232782,2,3.0
1712773459653031541,2,3.0
14426206466027211174,2,3.0
9841100896207805051,2,18.0
4609772540994428382,2,3.0
17763584875600174167,2,7.0
4990376422968487795,2,11.0
11510252441195599593,2,2.0
4481736312748649138,2,2.0
7444751390958298645,2,9.0
16546455511298083882,2,2.0
13434479907103028275,2,2.0
12702125773829633649,2,9.0
11402222793616180935,2,3.0
2019557885282109630,2,2.0
13186451220686268917,2,4.0
3348334218317154883,2,4.0
13063331805544216610,2,4.0
4503509493612699285,2,2.0
14252391855743992742,2,8.0
9502644432653652190,2,2.0
10646411911492735155,2,2.0
13391652711771596645,2,10.0
5251149909602886152,2,6.0
7370162830783359392,2,4.0
17777915575943105587,2,5.0
10684687498479960080,2,2.0
3135734001229223064,2,2.0
15121104882174273952,2,2.0
12887754290375751469,2,2.0
829939174157659616,2,3.0
14316074296673770960,2,3.0
17644182289040446518,2,29.0
6510478462055897030,2,5.0
771536440695967229,2,11.0
7224500678460884956,2,5.0
160179209039436163,2,8.0
14992231597924063681,2,33.0
14216581673511182046,2,2.0
8083335476649560195,2,2.0
14843094077232252793,2,4.0
1665649823701176476,2,5.0
18337894687153440855,2,13.0
6037782714998516030,2,15.0
17802683279535345306,2,2.0
2212219556390572249,2,18.0
2562635865929676709,2,3.0
13951095742132653688,2,4.0
11448736856249106194,2,4.0
8451957382695765555,2,2.0
1301148968200755626,2,4.0
8195164561938721389,2,2.0
13479295744268181154,2,4.0
18354858014024999776,2,3.0
7032413883325369319,2,7.0
2683402847726978359,2,7.0
7811647688759573798,2,3.0
9453278812304869562,2,2.0
12191708321482973792,2,4.0
14911890416891422457,2,2.0
3736134993583509955,2,5.0
8839387847484913544,2,2.0
16538347676939164764,2,6.0
8577719711608644228,2,13.0
9934115235919311927,2,2.0
13741266061139203060,2,2.0
11771683162316023742,2,2.0
2267694425896231732,2,5.0
646499176936686831,2,6.0
17963482294645233099,2,2.0
4473890780639054007,2,2.0
14514608747718555161,2,3.0
1734502454690138953,2,3.0
16073459136415364149,2,2.0
9667210245160187995,2,12.0
10939316942267482988,2,2.0
9950513500454911873,2,2.0
11260766570530751563,2,11.0
6360983840145755711,2,6.0
16036461756467869225,2,2.0
18170392864183844901,2,2.0
4763914397355696909,2,8.0
12086812049596159466,2,3.0
1420815780836164968,2,5.0
14179499038866622475,2,5.0
2935397778918833343,2,2.0
6573492699409161663,2,14.0
9082510685081167854,2,4.0
16444289371784884383,2,4.0
15566098044818671493,2,9.0
15026859861773277280,2,2.0
16852838889807066633,2,18.0
11182672676491087729,2,5.0
17109280457271345204,2,30.0
15005000095964216227,2,2.0
4070123420928906491,2,3.0
11560811089400098476,2,19.0
8863840207500287007,2,2.0
2715611295548977110,2,30.0
11622073718097701093,2,2.0
15429396015873325891,2,4.0
6075161327418896003,2,2.0
15738428799057430416,2,5.0
6240422244469495514,2,33.0
15889693265637494744,2,12.0
4242985644303404665,2,2.0
17611989389340963632,2,4.0
2936551325784161618,2,3.0
17300948503901249581,2,3.0
677829909103153281,2,35.0
1416474902021778934,2,4.0
8028230760044775532,2,34.0
5143837785310882591,2,2.0
6792867168146854496,2,3.0
5980436369368712377,2,4.0
15515296795078991504,2,4.0
17490917831895779942,2,4.0
3846363160585746384,2,6.0
14242342887298270136,2,3.0
5572775464306751170,2,2.0
9220511101899298148,2,36.0
8835374020575904178,2,2.0
18408891429096890523,2,3.0
11200670877713188493,2,22.0
11394336396140677191,2,4.0
6134270135217120206,2,4.0
5546714203993953633,2,3.0
7767034977288942494,2,2.0
17375963332661243801,2,4.0
15617906109578769432,2,3.0
8370207872559324801,2,12.0
4945887829589471242,2,4.0
1526609220884693777,2,2.0
834598683421469245,2,7.0
11482292707988357267,2,23.0
6952261013545821144,2,40.0
11881896809758914523,2,2.0
3383763087826471378,2,7.0
3980951087737864561,2,3.0
6247615441458239056,2,3.0
3197940524812112688,2,10.0
15654340603130665358,2,5.0
5630352887112302003,2,2.0
4499761719260736700,2,2.0
13665271866187179011,2,11.0
16127233028763292345,2,3.0
10316029481458742106,2,6.0
18400506379652314688,2,3.0
5906425142210581858,2,5.0
1293063381485687986,2,2.0
9064857959186331126,2,2.0
16095543619617426670,2,2.0
161623498136497533,2,11.0
11801183729975335825,2,10.0
3200173097415926947,2,3.0
4365860318500970588,2,3.0
13790969980988701997,2,16.0
6861045256263503854,2,4.0
6439472282528367409,2,2.0
7704201734660951990,2,12.0
10843526427985680709,2,7.0
3527322065073990789,2,9.0
9953646879922109443,2,7.0
10772174154603024186,2,2.0
16677066567960015234,2,2.0
11965772063829828821,2,2.0
10246802655586985503,2,32.0
7508720444185792259,2,4.0
8909537522179237988,2,5.0
209069378234796651,2,36.0
5113972173988832019,2,4.0
7384751976823271452,2,2.0
4025038105924955260,2,47.0
15276667440030089886,2,3.0
4777710454234801147,2,2.0
16372251760233352006,2,2.0
3761643817105574120,2,2.0
3434920006155713309,2,2.0
3651272348528122486,2,6.0
16070573111454726647,2,4.0
8332068300895019340,2,2.0
6258240572018897704,2,3.0
3604390687020228269,2,3.0
15394083274244816732,2,3.0
1791061290896740085,2,2.0
12428927396902464264,2,15.0
1447548262074072974,2,9.0
11146077406403130058,2,2.0
17018862321412703627,2,9.0
3217780241862729555,2,2.0
10252467245012230570,2,6.0
9198426164766749322,2,2.0
3590023237527265367,2,34.0
2277080884901646921,2,20.0
18229085820617864628,3,149331.0
8926034794208888147,2,2.0
16829928351190065123,2,2.0
16098363590661858323,2,2.0
9147906271272216842,2,3.0
8717801503785211906,2,4.0
10606100190892122696,2,4.0
8258147885874810961,2,10.0
1207097150336733228,2,2.0
943367748742127293,2,4.0
2576944613850243608,2,7.0
7669064446511674531,2,2.0
8751235096066673044,2,3.0
10657264933435579698,2,13.0
18055955782939887855,2,15.0
1556319370831658761,2,5.0
422065699819702901,2,14.0
5848176293220647390,2,3.0
18149489404567866683,2,12.0
5553906873491568856,2,2.0
15854266697774538859,2,2.0
2384507952097471381,2,4.0
11330606999454347886,2,3.0
15397981670108319530,2,2.0
3639113071134635664,2,2.0
1071236189764939908,2,2.0
7490572726105573972,2,55.0
5949429635183477677,2,8.0
9072905067009990158,2,2.0
14904416485838288525,2,38.0
17998083042633444702,2,2.0
10407555674714350351,2,6.0
14249021843903681805,2,3.0
2783228172283534763,2,2.0
12502403934516788593,2,33.0
5439240624439960016,2,2.0
1136385264643392237,2,3.0
7822195075182551350,2,2.0
3624638008488835198,2,7.0
12165674383034872084,2,3.0
6855643701426664452,2,4.0
9579066376395792296,2,2.0
16455116573871030701,2,38.0
5911440568598635426,2,7.0
2677423693756916315,2,3.0
11952152005664848093,2,2.0
8111298254124055901,2,3.0
5959119799773926900,2,2.0
8946038628215736,2,2.0
3259364338653727335,2,2.0
5684432918450716091,2,2.0
2800561283159415509,2,3.0
4204213261131669044,2,5.0
9117922895896384444,2,2.0
8656600031579076539,2,3.0
2478199712676910025,2,2.0
15822319371093636895,2,4.0
5500289884799058817,2,10.0
10111283830082606470,2,4.0
11990299512737129021,2,23.0
14486776650934123837,2,2.0
4005518019563020171,2,66.0
12696431983767396519,2,2.0
14928861199735846046,2,2.0
4474822533522833132,2,3.0
14304725133425989205,2,5.0
16613589483930364535,2,26.0
12521032142717734746,2,2.0
14941378869842035554,2,5.0
4064761604577486379,2,2.0
12652959511914571868,2,2.0
15481538205286867809,2,2.0
10042335139158368158,2,2.0
4583663486300717083,2,2.0
13944291798827080566,2,4.0
13371409633840025824,2,2.0
5144603236626196596,2,2.0
16153526921246510738,2,4.0
12475481287749342641,2,3.0
16915723536921992995,2,3.0
9199992533647651294,2,8.0
17212746201476507796,2,2.0
5051895281722191840,2,5.0
14261025891158669744,2,2.0
2870170612751253014,2,27.0
11775523259703785931,2,2.0
5348805989462305125,2,89.0
12995669241915577092,2,2.0
18081091862372549975,2,6.0
14120207956137771605,2,8.0
976064996365951058,2,44.0
1744145734007325639,2,2.0
11905373374518459368,2,2.0
14411309776066460607,2,26.0
13835784689130660200,2,2.0
13096101807100528312,2,2.0
6333991598441266507,2,12.0
15577033558085770184,2,3.0
10968323422434811398,2,8.0
14295448487328330803,2,3.0
15492917059524024943,2,5.0
9069611166622030100,2,3.0
18101265422404518778,2,14.0
15823979880179556272,2,14.0
9607706769067788806,2,3.0
13733183525392456796,2,2.0
3055026801026705349,2,2.0
2401664464470546961,2,5.0
3507411955192311277,2,2.0
7244722536532663046,2,8.0
1988461755201623912,2,33.0
15987979148892941285,2,3.0
15611468729000201909,2,3.0
17923131341711787866,2,4.0
12645462968732570231,2,2.0
783076883394067021,2,5.0
15621797833659287900,2,2.0
4463000495257085961,2,2.0
2835956266469504165,2,4.0
8679634129688988851,2,3.0
2457902710237180775,2,9.0
10709248480389544391,2,5.0
9795218650823487062,2,6.0
9500914685046579931,2,3.0
1140937697133522455,2,2.0
9106473534896346488,2,7.0
517582690141925568,2,3.0
11873553614425425028,2,21.0
13228035366681660479,2,27.0
17100847503327733890,2,3.0
15200840704026337017,2,2.0
2869741707640903857,2,7.0
7416471215517040288,2,6.0
17959787385304616301,2,3.0
6025760409486441648,2,14.0
15955960556873790710,2,2.0
10258634362666811639,2,2.0
6995347175504260642,2,2.0
7032500754097577095,2,3.0
8717886379011644736,2,2.0
16475627786862374663,2,50.0
5121950399099415051,2,2.0
10815622464170624733,2,7.0
7991199186616558247,2,2.0
15495431773411893894,2,7.0
7710738186918431938,2,2.0
17498079461605465109,2,2.0
9230402090978379828,2,2.0
16053556994561812843,2,4.0
9358062237886226707,2,17.0
1283540093229300240,2,3.0
14910136423348386088,2,3.0
16881129054762066343,2,69.0
13084218578930651856,2,9.0
12240564893433569439,2,2.0
9407855581598797646,2,3.0
9534985926282171496,2,2.0
11701107529406511457,2,2.0
11558980079762498698,2,14.0
6781384127589030909,2,6.0
4101944881445137301,2,2.0
10428310620483007848,2,3.0
8478624467501351251,2,8.0
2751707930656874653,2,11.0
16833571546373563665,2,2.0
12482949762233534635,2,2.0
12377838252853804358,2,3.0
6521541538755055539,2,3.0
3033847941301879682,2,5.0
15948693845259095172,2,7.0
1592069608599039365,2,3.0
14128821862710094499,2,3.0
2364372610278968940,2,5.0
15438495796525728615,2,8.0
7246210215865900248,2,10.0
6110891220444140607,2,4.0
12971583477163473621,2,10.0
3194036339708344406,2,6.0
10069068850739024703,2,30.0
11735945569067387896,2,21.0
11229596560704450236,2,7.0
3049770170619151118,2,2.0
11282180946117133018,2,2.0
11351739431134279939,2,5.0
5089899052084122657,2,2.0
773417530419463011,2,4.0
17839158700133617746,2,2.0
16163290778410609081,2,2.0
17391727008802978709,2,25.0
3978859504479710130,2,14.0
7902523022667311867,2,3.0
7189220183145690948,2,2.0
3417047748044710684,2,26.0
7194101166790698135,2,3.0
201714829461407325,2,2.0
17973635799102023224,2,5.0
16435354962630878448,2,4.0
16046352345789035889,2,4.0
10760496162170882241,2,14.0
13720983699218826640,2,3.0
2271435290495344463,2,32.0
5224850889339962222,2,2.0
16002804524255395923,2,7.0
1375821388742979911,2,6.0
16245735193219364078,2,9.0
5942712365903607786,2,2.0
6304824628742885933,2,3.0
9024442954988721031,2,3.0
3656382773716247178,2,8.0
3477857237830515560,2,33.0
2966566168316554333,2,2.0
2965070945838418132,2,3.0
8109405702109436555,2,4.0
7271822751167999456,2,8.0
2848951851894118722,2,5.0
9370995129604810816,2,11.0
8312256112372653761,2,4.0
2837186215625494489,2,3.0
5755557957487279686,2,2.0
13188923415206267810,2,6.0
6301732891374303375,2,8.0
17920478835175447194,2,2.0
13991118296480852044,2,2.0
7785562444310662687,2,3.0
12782067043322675242,2,4.0
5103071896771171543,2,5.0
7738350032796238614,2,6.0
3557677562113411070,2,6.0
14928659567487248447,2,9.0
2930910769294823966,2,4.0
10642180824923450249,2,6.0
12757586904329348293,2,6.0
16360834355325089583,2,2.0
11711029069053848837,2,34.0
5885098513861360963,2,2.0
736576570169834588,2,7.0
14551208423821670303,2,3.0
10640882585904907542,2,2.0
15842941990615458421,2,2.0
15461594266839179627,2,3.0
10142790999142073079,2,19.0
10757975698063706665,2,6.0
11979276444944188914,2,6.0
6355906863765197253,2,3.0
4793767205277869158,2,9.0
12445167258708169979,2,5.0
14769067029106559332,2,19.0
6957086366693845877,2,5.0
7002719989883751884,2,4.0
17572101656721746150,2,3.0
3196826793857240674,2,6.0
17639338882733699281,2,2.0
3166664566550582294,2,2.0
17997295449039382280,2,32.0
5791180000154630339,2,14.0
8679075469677737059,2,2.0
6423458653985718330,2,4.0
12954467286122991963,2,11.0
11568007397590568531,2,38.0
4023907546848238983,2,3.0
16554555608931135785,2,4.0
10798584664421839234,2,2.0
16060363643252814036,2,29.0
7087046063229025737,2,2.0
7496832814243657896,2,5.0
16048358866845260932,2,2.0
15849622883856924510,2,2.0
8608133438762153505,2,2.0
7983320156945140444,2,7.0
7172072707386709081,2,35.0
9337556336349393747,2,2.0
4378164075598455781,2,2.0
8279092060680491497,2,14.0
2341771759579448181,2,2.0
11709140511325045816,2,6.0
13840134301363145899,2,13.0
4869336617537320197,2,10.0
15777511089463293024,2,2.0
1323756763176828269,2,2.0
5837980461372700701,2,3.0
6557792228816815860,2,2.0
12606160854125281489,2,3.0
7761027453787558487,2,2.0
6976743358980317557,2,3.0
364771850381753818,2,2.0
5048699043295544381,2,4.0
9544916749192692039,2,12.0
14110567349020355322,2,2.0
17673901956208720164,2,5.0
17867506800972850699,2,2.0
11382000068859640432,2,8.0
16215045591309834791,2,3.0
6720817650503050152,2,4.0
16352467007662471431,2,6.0
10097856284120136509,2,10.0
7119182396417368430,2,15.0
17198884624223511481,2,3.0
14697783641116584316,2,2.0
2034812829161691460,2,26.0
2384667339935451601,2,2.0
8970912125119164184,2,13.0
7513586130004930769,2,2.0
10391521817367603321,2,5.0
11474886232967271944,2,7.0
8816130364102295954,2,2.0
5653411088387758356,2,3.0
1942277419815840514,2,29.0
1781245938350669365,2,4.0
15494579767727955222,2,2.0
11351281572576712684,2,4.0
16645967241183022832,2,2.0
17167569747167403878,2,2.0
14837195034806699011,2,3.0
4815557509671538148,2,13.0
5664467242567940740,2,2.0
10968131113236355763,2,6.0
16542717707783548984,2,5.0
10488705569184877871,2,10.0
16294110214848091882,2,2.0
15217880315439059763,2,5.0
16075748309369242690,2,2.0
14322650516552975022,2,5.0
16563151719097392148,2,2.0
4792048404851150005,2,2.0
9944461587362858035,2,3.0
16978303734317439986,2,2.0
4100715022496924388,2,2.0
10183661112014837127,2,5.0
13503201747985442541,2,9.0
7148376480733541711,2,8.0
16132169648630885778,2,3.0
15996775079991455372,2,2.0
166864171214871739,2,2.0
6136364693506571524,2,3.0
6098331497942537591,2,2.0
4979959086668610940,2,3.0
14864392317015138398,2,2.0
502082844971591235,2,12.0
10375681377292696142,2,10.0
11668934440339158797,2,2.0
1374160913133641240,2,2.0
871365076119593153,2,5.0
2057294429337400779,2,35.0
1333396690519314454,2,42.0
525687134586268052,2,2.0
10896788335327433932,2,2.0
3011772024016059171,2,2.0
3088672876265467821,2,2.0
13759901977602887981,2,4.0
4840375897251314429,2,31.0
12877945206743004269,2,2.0
17208402084685308698,2,4.0
10409200645913979916,2,5.0
6735951389629770452,2,15.0
6555010622866871895,2,3.0
6097348050749645765,2,2.0
2507144648797505160,2,2.0
16058655207150642075,2,9.0
7179581768791486079,2,27.0
6455354528629350411,2,4.0
9549134931529255444,2,2.0
15182551559684811660,2,2.0
16471605319601608002,2,2.0
15657889361607656036,2,3.0
2787906551823688469,2,31.0
17297080529125881191,2,4.0
5513156275707499734,2,33.0
15658913902420808843,2,6.0
3884530455171363138,2,2.0
9449969273145726086,2,2.0
8881835782555087839,2,4.0
16772792576210622497,2,3.0
6501849400119139483,2,38.0
14816093911032020938,2,3.0
7054270420385737958,2,8.0
7891720567074937023,2,3.0
7409293865463857382,2,3.0
9384819973839182919,2,10.0
1020595657010176770,2,3.0
7514987220925767236,2,24.0
17576135353334912626,2,2.0
12097919530917366190,2,10.0
15888996037843118507,2,2.0
4461470471429947605,2,2.0
14442935225065266585,2,7.0
4633363249508995228,2,5.0
325037490803540584,2,6.0
844304743260889097,2,3.0
7588969898518231068,2,10.0
12745370729763491192,2,3.0
6172948722005264076,2,11.0
4174249444377747392,2,3.0
10242334879495787593,2,4.0
11000476474790414518,2,3.0
5218126059995413689,2,4.0
13973769342105654887,2,4.0
2085010964593981241,2,3.0
2303138463107705624,2,2.0
9365906207534413425,2,8.0
8184495889924386087,2,3.0
6123988088994899369,2,5.0
12853069799714418729,2,2.0
6339598507707582681,2,3.0
4806757787267543373,2,4.0
16822867098499862751,2,5.0
12685424893120919876,2,10.0
18256814516631973322,2,2.0
9404972431187685302,2,55.0
3160431082101132778,2,2.0
1863755187181629575,2,2.0
9975393179267007248,2,29.0
13837709237614213786,2,5.0
17129395156017272000,2,5.0
10559509156745470004,2,3.0
7566280144612536645,2,3.0
17033102885935516759,2,3.0
4591597163915894514,2,3.0
6406302080657848153,2,4.0
8802603037552614787,2,5.0
5896956440118988297,2,8.0
16673328991650734523,2,2.0
3594656193357725793,2,2.0
8188813700663750504,2,18.0
15500520489007599676,2,2.0
9845652220692917413,2,5.0
8753476587080672581,2,3.0
2752369364870422036,2,6.0
6759189980581459244,2,5.0
15445695656407335093,2,5.0
10313770951565015523,2,2.0
12252271597067853649,2,3.0
1378233142443603327,2,2.0
1785206090927111585,2,2.0
5184402111363549708,2,7.0
5306409088070017891,2,4.0
3454128541352527130,2,6.0
10800937039536596791,2,4.0
14515312698883779595,2,10.0
12447419972214259614,2,5.0
2563067828876581214,2,31.0
10461902528110886196,2,34.0
217997488648308781,2,2.0
3671601943320532582,2,2.0
17453319420886599485,2,21.0
434599525748857554,2,2.0
3178701692294590510,2,39.0
3180771025666690976,2,3.0
5788489145265803716,2,2.0
14966945051949781555,2,2.0
12457718476685484789,2,6.0
1212855294703955344,2,3.0
8826571006682457089,2,12.0
10017126668179949137,2,2.0
12922059411054731962,2,2.0
7182497008364911697,2,3.0
9407026407494501756,2,12.0
14707078359432945910,2,3.0
3842137102961233228,2,3.0
14744740722178927405,2,7.0
14110421448009816858,2,51.0
6193857177109973539,2,6.0
2290080725845718500,2,9.0
14880431131603045144,2,4.0
3197460832862984311,2,4.0
2020975668810508838,2,5.0
13989439265837238563,2,5.0
15520454584222774615,2,2.0
16269658221687196184,2,7.0
2002292890309997947,2,7.0
13532460595751153574,2,8.0
4353060257389439283,2,2.0
15943708218507628934,2,8.0
729059513476000018,2,34.0
2946722198632910274,2,3.0
7972029076053765841,2,3.0
3344276828982053682,2,8.0
16884841418220782013,2,2.0
12539144743917664804,2,4.0
4876258233284327819,2,8.0
12365024651412911490,2,5.0
9912618046861098326,2,2.0
5376187387645372458,2,32.0
14736932859068785788,2,7.0
1714083627155345440,2,3.0
11694600045590376044,2,2.0
4227194050651864827,2,2.0
3019913863067414073,2,2.0
14331672902638196371,2,2.0
5682721461292800258,2,4.0
18431678152825099618,2,2.0
8111202507621186611,2,2.0
8918462069892177,2,5.0
11121846926218654987,2,10.0
2461953803450524415,2,34.0
11910635820687412469,2,41.0
17564574798463812293,2,6.0
2439963777166011923,2,2.0
16725151582897987839,2,4.0
14898072455043879771,2,12.0
14294762747233051634,2,2.0
13914474480635940183,2,6.0
16228749748809068597,2,23.0
11341277772589321294,2,20.0
5459392612551604678,2,10.0
9445932387479835577,2,4.0
15233957455817906167,2,30.0
13560527045415647166,2,3.0
12954613310823795731,2,4.0
448996608402083948,2,20.0
6342484044489782924,2,3.0
18251084111124166442,2,3.0
9549383955398970611,2,2.0
9416418709522772753,2,11.0
11668812546023866416,2,3.0
817214353350163708,2,6.0
6011744842612853405,2,3.0
14550418936656134214,2,3.0
10390701511576414240,2,2.0
9197376852875112101,2,35.0
364917783220377524,2,2.0
1627992989047828304,2,2.0
17189133285405193016,2,2.0
8765200942410553283,2,2.0
635235086160777815,2,6.0
13295814003199636653,2,2.0
7468947623442753085,2,9.0
13383897697679647190,2,6.0
14627656533390419542,2,3.0
12910720919755019486,2,2.0
253353385952974591,2,3.0
3342928033133519363,2,5.0
6705103997387708664,2,2.0
9188950176739434951,2,4.0
16438072357245770182,2,2.0
16798894205257059999,2,3.0
14939286704942259369,2,3.0
5049371992732062771,2,3.0
18267149221418353563,2,8.0
11526933148682080522,2,2.0
8489012435036489509,2,31.0
10425057911874598381,2,2.0
2905637299409240789,2,4.0
4748731256701956379,2,2.0
16023467726919557213,2,2.0
7848280323701205272,2,2.0
5190253242678610669,2,85.0
1586571185029232585,2,5.0
9348603931989626840,2,2.0
6247499583299060735,2,2.0
13325309800199296269,2,2.0
18036939332370256847,2,35.0
300607682508553987,2,2.0
7201316074412650404,2,2.0
3549226925239052989,2,33.0
9245231976159734631,2,7.0
15701382369886781618,2,2.0
6816546976251455602,2,7.0
9385771590415069121,2,5.0
8481287921161664140,2,2.0
1621463807366333144,2,28.0
13540206528214620359,2,42.0
17813862644635714025,2,6.0
4919405561848197005,2,2.0
4017353075105020302,2,2.0
1316906634553459094,2,2.0
247406066327691809,2,2.0
7432379966873463226,2,20.0
7718684273808651606,2,2.0
3963974963604435365,2,5.0
8925410207806509260,2,32.0
14159446520338614497,2,11.0
10479005936337193902,2,17.0
1649462326267239093,2,2.0
2875864039180782099,2,2.0
12540582719654850665,2,2.0
6566290503893490887,2,2.0
2628370559226791801,2,2.0
11164669036535227316,2,2.0
11324629471887840112,2,4.0
10189718347471931785,2,3.0
12240200595617449199,2,12.0
11945829448721062133,2,11.0
1934618891813100638,2,2.0
3474191824800932489,2,2.0
1313422135411618768,2,2.0
425071285218592342,2,2.0
6715338868277636574,2,2.0
6457951366093778601,2,55.0
5037907041351663130,2,3.0
7890158870635531239,2,2.0
4201336522855676535,2,2.0
13273395716116040035,2,3.0
1187135483300285578,2,6.0
13833687822482403218,2,10.0
2156246489205582966,2,21.0
670953732175831889,2,3.0
561161607651237124,2,5.0
10083749261298690209,2,7.0
85631393738928178,2,3.0
8477899876327947298,2,2.0
219619743113197130,2,4.0
14595401450509644939,2,2.0
7900834498041206145,2,3.0
7107723600749817283,2,2.0
2001625278934900968,2,2.0
10323132226282371771,2,2.0
8326707245110297923,2,10.0
3762576191643019576,2,3.0
14852881828614833879,2,2.0
16736488091809200286,2,2.0
10375070346978638596,2,2.0
6892179301781742231,2,3.0
12756457022019011802,2,10.0
14361588743790329515,2,2.0
10279775131361286995,2,2.0
13763148768730648035,2,3.0
3429719860889662397,2,2.0
9911736738064767581,2,8.0
16198040201224026828,2,2.0
8078585107502461034,2,8.0
5684479999393161907,2,3.0
18045519807589244524,2,5.0
9612770722743242029,2,3.0
14853621899232265288,2,4.0
4985877004919964500,2,16.0
6495116241631913612,2,3.0
15020175802944309845,2,3.0
16635626986067394106,2,23.0
4398803033487607381,2,7.0
12812237912244206440,2,4.0
15483204884433685163,2,2.0
15558238615330773614,2,2.0
18429972472844434162,2,5.0
1170192031482375367,2,3.0
15004401235439207058,2,4.0
4806961625033911636,2,6.0
1024952163264638534,2,3.0
455940959132011218,2,2.0
3320114390619046678,2,6.0
10839452229024098358,2,2.0
10887795255963486907,2,34.0
14446615645749650238,2,2.0
15358369366953755349,2,2.0
9883609073872529785,2,6.0
7565112429721729323,2,5.0
10627180062964592169,2,223.0
16377757339742485151,2,19.0
9188817614869157382,2,2.0
71552185353247583,2,5.0
13100235368292230750,2,30.0
10665051060593170714,2,2.0
4946908731859925265,2,6.0
10087181316415250279,2,2.0
7924987309758754981,2,13.0
13532549125633380848,2,3.0
17574611095317950930,2,2.0
11756073548033538444,2,16.0
11941899692457281059,2,2.0
5007319442924028897,2,2.0
2971892976602674973,2,2.0
14078378029938238535,2,2.0
8187557224893318378,2,2.0
8972206993324917489,2,16.0
12285483204851905670,2,6.0
4500776852301975531,2,2.0
4240273355555578001,2,17.0
8927426238594044390,2,4.0
9440119744259820720,2,3.0
15701032090660961163,2,2.0
16234218470901631589,2,17.0
7447889986577863193,2,3.0
13714890006431444202,2,5.0
12495155628357124939,2,34.0
7350162112256370708,2,2.0
2889114582536957329,2,7.0
6368654783792608638,2,5.0
17563778003865093870,2,2.0
9049096206151576625,2,2.0
10445822768182896949,2,4.0
12262146876274885686,2,3.0
3319197763700011374,2,3.0
11978587439209812279,2,13.0
12684406771032674719,2,4.0
5812561155775430989,2,2.0
4991133422690674041,2,3.0
9689679772593542623,2,6.0
16547383749006305904,2,8.0
7698116554560905314,2,5.0
12233152366767194282,2,7.0
16519845440854348951,2,3.0
13149949480945468844,2,2.0
8153851746370789820,2,5.0
9926539609824659850,2,2.0
15442451117532233686,2,3.0
8889766086339235517,2,2.0
1185276815773031550,2,2.0
17941400718173359840,2,3.0
3586055166570709388,2,8.0
2176518423990916174,2,5.0
798743984846712512,2,4.0
9017498918117361537,2,3.0
2310464242476548646,2,6.0
13248986754971494942,2,32.0
16788518432413970683,2,2.0
2647049016688793533,2,22.0
8068675716269889297,2,3.0
10946928671245877387,2,6.0
12265912381360219064,2,2.0
10246718390886404708,2,3.0
13543421010717731292,2,2.0
8215233354635423990,2,2.0
13308570061439820752,2,2.0
12003454881198517753,2,2.0
7157248466659073952,2,3.0
4778613357507839908,2,2.0
1685455370214597063,2,26.0
5821309973352262569,2,2.0
9313502060900279961,2,4.0
612010396052636149,2,5.0
2315860077064199723,2,7.0
13267037435084070297,2,3.0
3671137405587503108,2,8.0
941553328897621962,2,5.0
10351601173226476772,2,7.0
10637029667631055868,2,11.0
395243954989167309,2,80.0
13872254441627111099,2,2.0
7203127601501673326,2,2.0
3759270655630905214,2,6.0
14659143375218082909,2,2.0
8728380546902064813,2,8.0
13244067440558801192,2,6.0
5415789258090403039,2,2.0
1524998787786842148,2,5.0
1743864660253181472,2,6.0
2139723794297171048,2,6.0
17277816805781332406,2,5.0
14974037509668998803,2,35.0
10396863593740506706,2,8.0
8198414525737569893,2,2.0
12367749115512533752,2,12.0
1697314766349478905,2,2.0
11668903440429621162,2,3.0
15787984477480387977,2,2.0
10526608218285027480,2,3.0
1599675518668788864,2,2.0
7942931732519739568,2,2.0
2492969532775404050,2,2.0
4510294241392276529,2,8.0
6066102791859906498,2,2.0
17636979059780818314,2,2.0
4885245757848025151,2,2.0
15932814103240334069,2,25.0
9965757757285967559,2,2.0
10187868465654581505,2,99.0
5732082569633706090,2,37.0
8695046154131306010,2,3.0
8831004065908991603,2,35.0
15643669814341978722,2,2.0
1013466701965129460,2,2.0
1117250327094488944,2,2.0
7219614634376737557,2,2.0
13280092824695620865,2,32.0
9279904742951203173,2,2.0
11869950988636229383,2,3.0
15717539110429000202,2,2.0
15711999163656844192,2,2.0
16371287585655761038,2,6.0
5573305619771277514,2,3.0
10604652691974371451,2,3.0
1485812120907747874,2,4.0
5195831037746618176,2,2.0
17457348808816868432,2,2.0
1117612744072409668,2,3.0
14877181340028268450,2,13.0
1842595448770222441,2,14.0
5287858520839735030,2,3.0
16054264893960336640,2,2.0
17774367098107889547,2,5.0
4110454475502008005,2,4.0
15466581183134257551,2,15.0
13215587837159621113,2,3.0
7801262910447971972,2,3.0
7252838754864390303,2,4.0
8505940509138573595,2,5.0
10410766751032219301,2,2.0
12955760900924187686,2,5.0
683179285702207825,2,2.0
331110420608360452,2,2.0
17516361868657830880,2,27.0
7086419660190348148,2,3.0
7122071486381158940,2,34.0
2176582374998801815,2,3.0
2220573371500864205,2,11.0
1665113220623198224,2,2.0
3275524746080718800,2,7.0
11371035949246862768,2,3.0
13702860373974671700,2,3.0
11365595605973723851,2,4.0
4389555744412366906,2,2.0
1316877743829625450,2,5.0
7497917071581443951,2,2.0
11857393269158641511,2,4.0
5085834314672276804,2,2.0
10258164487914053794,2,8.0
8715040074247544712,2,33.0
8677463938157099327,2,2.0
12197970705947267369,2,6.0
6068426591120568887,2,3.0
14740443218256515556,2,17.0
1044432698870395324,2,18.0
15051355270185237477,2,7.0
480171208453696877,2,6.0
10088580409279081374,2,2.0
7756976787031177073,2,2.0
6508154025433968038,2,4.0
922053884506375973,2,3.0
14446176781948315131,2,4.0
10998174263730066029,2,2.0
15024343819203254163,2,2.0
17683219159630014488,2,5.0
13118067181843640015,2,3.0
18122775510686917493,2,2.0
5008846035017740607,2,4.0
13839197268135219910,2,30.0
15762585231451308770,2,4.0
1513991046428855254,2,14.0
8964967259245442945,2,3.0
5955920388463736658,2,2.0
16758492639191182937,2,2.0
3477790069623841227,2,4.0
3142526298769364758,2,26.0
8268002867320753632,2,2.0
1362994780489093607,2,8.0
12069772432990006961,2,6.0
13892649547267970414,2,5.0
6866655670752706385,2,2.0
14842266128151000235,2,4.0
3738321785296308526,2,4.0
16719813790770178658,2,7.0
14162558270067320883,2,5.0
6473047915494586724,2,3.0
7785517088399306500,2,4.0
16498887066730035936,2,6.0
3450929166402364964,2,5.0
8604410473744318646,2,47.0
660545529240071384,2,2.0
8310442780784757841,2,7.0
18250781188754542413,2,6.0
14969542915785578053,2,2.0
2882328136445661337,2,3.0
8779787181506052269,2,7.0
17798273999642947581,2,4.0
3216614651267101942,2,2.0
8890833307846327060,2,4.0
8652612871422147365,2,3.0
5784861771498239460,2,5.0
13802904377452013477,2,5.0
2164502033349665015,2,17.0
17249317861777938723,2,18.0
7611472195939658851,2,36.0
1702767726279000566,2,4.0
1997283084141103885,2,2.0
13134172921924921205,2,7.0
3571106180202318994,2,6.0
8200616626333238250,2,6.0
6869207997425212045,2,10.0
9217456811098768180,2,5.0
3133651317917275835,2,12.0
15764774619465891498,2,7.0
308017074427801937,2,2.0
17494224374518579461,2,24.0
4634978044095614317,2,3.0
13266918578821379697,2,9.0
7604166265439781246,2,2.0
5728268628543548746,2,10.0
6378415185246234696,2,6.0
1271719962270199291,2,3.0
4339273579868824874,2,2.0
4065136642750143376,2,8.0
17564527586915108937,2,4.0
1901523072991691056,2,2.0
1775770443466363432,2,86.0
5948985821572053396,2,2.0
7244417188840525782,2,2.0
13524551560454741372,2,4.0
331845842082410155,2,3.0
9618954324548831269,2,10.0
18362423308752541805,2,2.0
7913770136112760060,2,6.0
15534389869587159544,2,4.0
5890454022436716957,2,5.0
14336909598905505179,2,6.0
3025525570915957171,2,2.0
14025256638916326681,2,3.0
15138030610828881084,2,12.0
2489165593223974371,2,4.0
2692514049192991395,2,8.0
361423879140410779,2,2.0
14123855701673449031,2,10.0
15438561137144187017,2,80.0
2785088558293733457,2,2.0
5941305367551210699,2,2.0
12871649506287210625,2,2.0
4347272473247538030,2,2.0
14559016416329488388,2,2.0
23591471589733200,2,5.0
9056138187783480916,2,3.0
2915112902684233597,2,3.0
11159497123370753281,2,2.0
13555471038219513866,2,14.0
9634829411148862516,2,2.0
6802088146863011861,2,3.0
2657052516174989605,2,2.0
11594452456581162999,2,3.0
13295381708832399394,2,3.0
14577886099278721617,2,8.0
9406029957013506598,2,3.0
14076215289750070338,2,19.0
14318642810720482984,2,4.0
8810505633926454070,2,2.0
1506137768330538554,2,6.0
7736146436937425570,2,2.0
11536312768523764603,2,4.0
10950892795009879886,2,2.0
280353130736760457,2,81.0
14866501804078881022,2,8.0
13698010127840597039,2,5.0
13765373462918435786,2,4.0
10789880142974780015,2,3.0
3337082283986380026,2,3.0
4451600442751617980,2,2.0
3558040725483124926,2,5.0
15570052287077584807,2,16.0
6904848961701547467,2,5.0
5441778255813048726,2,2.0
31101649049322258,2,2.0
13223265960259277227,2,2.0
22631085803198576,2,2.0
16271122477034151669,2,15.0
18342855379902838042,2,5.0
6631497415482165550,2,3.0
13715793685021536318,2,3.0
9697054772239156651,2,39.0
1031235764185911118,2,34.0
3329629415805295499,2,30.0
13375494504339989673,2,2.0
4789420013911650038,2,4.0
11018069230711159057,2,4.0
2645015421316758597,2,7.0
7770442335737453906,2,4.0
13155219255171066096,2,2.0
2103026032904875014,2,2.0
3299056918290842561,2,2.0
3382854270437646117,2,35.0
15658970844533441044,2,3.0
4688557060390546039,2,20.0
12592923015147173869,2,2.0
2849399546692098548,2,2.0
15297504486802944039,2,3.0
9736830106269487591,2,3.0
6091793109960785194,2,4.0
10928458145262996756,2,2.0
13570612435920256689,2,2.0
13108534048504639725,2,4.0
12355873347508883726,2,2.0
276531654648120024,2,2.0
17614566048857421995,2,4.0
2577384782121884643,2,2.0
4674935777523569697,2,2.0
2552483946260462051,2,2.0
17308827141733288327,2,5.0
18424082440084030625,2,5.0
12200113825115924127,2,27.0
16440600190344728063,2,3.0
6687437192237394565,2,3.0
680431248801441124,2,8.0
2701518565303094349,2,11.0
18297151798375959145,2,2.0
13339463265467178725,2,2.0
11732360749817680308,2,2.0
10887675248528237059,2,2.0
5685156641632181320,2,31.0
12076297176994301515,2,4.0
610869260138636811,2,10.0
1641912830349855986,2,2.0
10334839622616292652,2,2.0
14776139471358014959,2,2.0
12686498982168733613,2,3.0
17962298177831709914,2,27.0
6876254269510360867,2,2.0
4100560293029752392,2,5.0
3758482072422002161,2,3.0
3921084688787284549,2,3.0
12557114216422305302,2,7.0
1547070122773683188,2,2.0
2045593927605228077,2,7.0
10109337834626426075,2,2.0
395270029991345848,2,5.0
16626924032489332100,2,2.0
16927069963896567176,2,6.0
14146963435005047608,2,8.0
14045588376890255825,2,4.0
5706738165460559797,2,69.0
7254139508111698129,2,20.0
4855465801642754775,2,2.0
9991884258577549958,2,5.0
13715089798354821679,2,2.0
11998982671558013364,2,5.0
8376281197908235486,2,14.0
12790967127231183420,2,2.0
7558091792392827406,2,4.0
16726767802531576280,2,6.0
6622619500284642773,2,4.0
930383158721709624,2,2.0
4277862384764353499,2,3.0
1317662184021520938,2,4.0
3214022202343434944,2,3.0
17561166470503625705,2,3.0
17203762442543930012,2,9.0
16452730973914704329,2,29.0
11127686645826022524,2,31.0
16843702760084928644,2,12.0
10271040100757743945,2,5.0
10469619504558927311,2,2.0
9419283501331729356,2,2.0
14528218702887903296,2,2.0
14558424652924088067,2,3.0
6480498692336607285,2,2.0
16057767873661130430,2,4.0
10115140116420144308,2,3.0
17188687392263716979,2,3.0
14038527964236707826,2,2.0
3178540366050092227,2,5.0
13461963850418176196,2,4.0
14700574364482588465,2,2.0
11516690949506161496,2,8.0
14647463334601503517,2,2.0
16031364602568135358,2,13.0
6534286253872734210,2,10.0
13526619892970293612,2,3.0
14992455529819661686,2,33.0
950263980660458218,2,6.0
11867445013846727872,2,2.0
14466230925302217474,2,2.0
8416321441991046007,2,6.0
152663520463442835,2,4.0
5293447535689393343,2,2.0
13308804317684985408,2,2.0
3630732975405038511,2,4.0
14313460065118427985,2,10.0
17522665998195604613,2,59.0
1816445972545019976,2,10.0
1027781815841648231,2,3.0
10601840561434785925,2,2.0
14216855457123458180,2,3.0
7588841224900579264,2,37.0
6946570482117449872,2,3.0
18242520154234663099,2,23.0
6612559731768165833,2,2.0
10605033210360005931,2,83.0
18153681547338413906,2,11.0
7420753872695893815,2,23.0
9903541365707234617,2,9.0
14769551384694067613,2,2.0
7344945450884087652,2,5.0
17757267973442066582,2,11.0
13433905302986421570,2,2.0
9183862668425758869,2,2.0
8926496968167877890,2,2.0
12648026336396952977,2,4.0
12571203287038824797,2,17.0
2511301270750429892,2,18.0
11891902952354994555,2,2.0
11236498376259971417,2,4.0
5787182738972229897,2,4.0
18033691754824714492,2,14.0
4886962848845082952,2,4.0
12583728326354875304,2,2.0
13511320353554620154,2,4.0
5539399999772970934,2,3.0
10476598758802610352,2,27.0
15482150495516366223,2,13.0
4716158024948188531,2,9.0
8677990791758123797,2,7.0
15341829650011361812,2,2.0
10330316658229774970,2,3.0
12067553503741586643,2,11.0
8823678545580756207,2,3.0
2541693819272665706,2,19.0
12201765255828632848,2,2.0
4519747931058595520,2,2.0
7475761300312879856,2,13.0
14529051927668045818,2,2.0
18326296686576773392,2,11.0
5273016000100369982,2,18.0
6634580050935431014,2,5.0
7203569599593259587,2,7.0
9831639243086108375,2,6.0
17524769603500859307,2,7.0
6334231080782415287,2,5.0
10558402800801589283,2,34.0
3249832658693088323,2,21.0
2249066829476518468,2,19.0
7942411273816705661,2,5.0
13949829970706045199,2,3.0
17678802238238833178,2,2.0
17418497005625650476,2,2.0
4605985949301195565,2,2.0
12481118275176504376,2,40.0
3776519921964163870,2,2.0
16766994975619652222,2,2.0
795410159674928525,2,8.0
2456216107008540849,2,6.0
12381365227277208523,2,2.0
16272249646234865800,2,6.0
5827839783874517387,2,2.0
9314999695009524651,2,2.0
13314265340224289239,2,2.0
6252733653163722503,2,22.0
16262390978936478882,2,5.0
10994575193209215951,2,12.0
10907779573294863390,2,11.0
18297479738207198822,2,6.0
16167533043287592066,2,3.0
2311161630975019044,2,2.0
13132932815810171567,2,2.0
12511769446198458446,2,7.0
8464904275575914448,2,7.0
1687104354734115842,2,2.0
14094920103578235308,2,3.0
15956989718229677256,2,2.0
5577827542914339112,2,5.0
11205718984853516684,2,34.0
10447775220401370077,2,7.0
16599921621618948706,2,15.0
5248972885733519952,2,2.0
15503628041108665661,2,5.0
9286014811010309858,2,7.0
6102578401187776980,2,8.0
12305709230478759421,2,2.0
2962221333981945205,2,2.0
12455953391086772276,2,3.0
10455538927698778991,2,2.0
17806107557350843621,2,2.0
5531072789160363464,2,8.0
14047628480453664803,2,4.0
9126737364750572302,2,3.0
17096510649686366143,2,4.0
12588967603283073990,2,4.0
5839537665513940826,2,2.0
579485897098672461,2,2.0
10210010693352315880,2,2.0
1903243092877690986,2,14.0
4487245305392669540,2,11.0
13524349023965118296,2,14.0
11739943980083402354,2,5.0
10575672324281521922,2,15.0
2174024634931867520,2,2.0
9255915943264177554,2,3.0
1630223519668720475,2,4.0
4594668203003826310,2,25.0
17534413509908977388,2,2.0
2634743281684767510,2,2.0
4722362986294407464,2,2.0
1781991313218440960,2,4.0
6947968128746969099,2,2.0
16079986131210503634,2,2.0
9405950951635211498,2,2.0
7895012516053472186,2,3.0
13253806535056034317,2,9.0
3471797135156664133,2,2.0
2223357077701568665,2,15.0
10814249162422907505,2,5.0
640725973303964089,2,14.0
5245356538611780781,2,2.0
8318601197323666532,2,4.0
11583136094631112195,2,9.0
1565954614828848561,2,10.0
9700275959727368483,2,16.0
18351482426572251453,2,2.0
2146746717123663620,2,4.0
14052012408771698577,2,3.0
10626536330324618013,2,24.0
15573933119214461166,2,2.0
18342719331098078241,2,3.0
7178517270180119729,2,4.0
18303667700403736521,2,3.0
1169393202438139228,2,2.0
17580651688645778013,2,2.0
7609754555592832987,2,9.0
17801677985734445943,2,4.0
10884235297302766666,2,2.0
7018091027101671326,2,35.0
14986938311480600218,2,2.0
11858004580250326938,2,2.0
216829779287010382,2,5.0
2913656852529295593,2,4.0
5664902472036607980,2,7.0
10604935301648678059,2,2.0
5899117594329506991,2,37.0
16730052498898350363,2,2.0
15003067551223628539,2,21.0
9998434065214686586,2,3.0
7102088387213812701,2,2.0
11639300205621484720,2,12.0
8971342653312463145,2,3.0
634653855029737555,2,4.0
13025255688301702457,2,4.0
12001128421171395493,2,2.0
1832186754327618170,2,11.0
13529666869357712167,2,7.0
5466801876008920655,2,3.0
4208396766338034634,2,4.0
13312996185546192113,2,3.0
4990760164599944597,2,35.0
15741612620666818338,2,37.0
7998527754507161645,2,18.0
17499434752337118551,2,3.0
15059670994927986409,2,2.0
1269323022527218737,2,5.0
14765248623124593548,2,8.0
896097274281535166,2,31.0
18156384253909473566,2,2.0
17259974158824118465,2,6.0
8555803187249614589,2,6.0
12741040301191805158,2,3.0
15427128570776954203,2,4.0
3818568108714147289,2,33.0
2988186758596437450,2,27.0
10271268209050817905,2,2.0
11230497461178099141,2,3.0
162810064325195623,2,49.0
2208819917486583611,2,3.0
17154294795571578762,2,6.0
6982981254900707104,2,12.0
14360177136085443862,2,2.0
1764747981348089935,2,2.0
6929863493563098984,2,3.0
679951584591653585,2,15.0
14902485301467277270,2,3.0
13879487037677878751,2,5.0
13022460905174228487,2,2.0
9982790721228198358,2,14.0
16247331064084545136,2,3.0
1549897782110648656,2,2.0
14669873970946347408,2,2.0
4935314303846289548,2,2.0
15175999147674834220,2,2.0
13340742327484217009,2,2.0
9897547482266210655,2,10.0
5681682837516609482,2,2.0
1216523295671071012,2,2.0
16850796084810850812,2,3.0
8880993211971239190,2,2.0
11518834658297695706,2,2.0
17960463894532932968,2,4.0
7138429307864844467,2,2.0
16201288383340068075,2,7.0
1843471673925487912,2,34.0
4023515056321967613,2,4.0
11550716294311604470,2,2.0
12589028146784184965,2,4.0
2043947171641200487,2,11.0
14306122108170354197,2,2.0
10800830507103198202,2,3.0
17042447275116652365,2,3.0
1017435760998659948,2,13.0
2394497854000307956,2,6.0
13797714624982192513,2,11.0
15288233374888639686,2,30.0
8685121293473125974,2,6.0
7892219769774331579,2,5.0
16443602743363249065,2,40.0
15936973620464768775,2,2.0
3433097312186008978,2,5.0
3727210390938627204,2,3.0
7595921292119681124,2,3.0
18378253654324858994,2,24.0
1167307917610904458,2,5.0
12390171284238759164,2,3.0
7886561531799257337,2,3.0
3162400374240756778,2,2.0
14394520122857373358,2,4.0
12711552680137389703,2,8.0
15957799892931184770,2,2.0
12289951031299571082,2,2.0
16847354860894663664,2,2.0
3851104250885745846,2,9.0
2593947973045457338,2,2.0
10270599859384931130,2,21.0
11276185167592283593,2,9.0
6316014546920575047,2,2.0
4539773207939881332,2,4.0
14752674187408246300,2,3.0
9894780347324618728,2,4.0
8842987865918928916,2,2.0
2177812367122303240,2,34.0
12869188476504641771,2,3.0
12245882536085422271,2,5.0
15033189776051388095,2,3.0
17139711495093607915,2,3.0
17128226008309994169,2,6.0
13504052515824597814,2,28.0
307519976783614324,2,2.0
856231266930015334,2,22.0
12926484982841216423,2,2.0
7858564227812654528,2,6.0
15275976735302215845,2,4.0
10036164641244248103,2,7.0
8396241738183228344,2,3.0
17837097077909401901,2,3.0
3019680161576561492,2,4.0
11090986100790583985,2,2.0
17016869552883205486,2,8.0
180368278172300597,2,2.0
3487403467933910926,2,4.0
7207551275166020927,2,8.0
15596496542658764845,2,2.0
11602292739109369711,2,5.0
17282853505769616836,2,3.0
15814522502199927197,2,3.0
13538382174823435971,2,3.0
5110207526594893123,2,2.0
10111056487522772771,2,3.0
10671625206038545833,2,3.0
8672146781246359652,2,2.0
9555448773918301971,2,2.0
14942087223464687131,2,14.0
3742246569254875846,2,2.0
12631659182247350973,2,2.0
2871809855947809877,2,28.0
6974832973551662520,2,19.0
14162577755018593950,2,5.0
9358057425186558793,2,2.0
15929733417548237395,2,5.0
16552057869395648162,2,2.0
15033498825528084083,2,4.0
9209661131813867314,2,4.0
13207563755922749965,2,2.0
12367069364102196535,2,3.0
6957026841753779494,2,2.0
17946438531923577190,2,35.0
785357462503884829,2,2.0
4133210216337368866,2,11.0
11339993083190642855,2,5.0
2436474235000016432,2,3.0
17431359288276246748,2,17.0
11776217021157533579,2,10.0
1549027518244901974,2,21.0
2108437002944564034,2,11.0
4257618683495715435,2,2.0
5213815069761082960,2,3.0
18117534846182404734,2,2.0
7012540896932958419,2,2.0
11229594493210424701,2,2.0
1973723034490699360,2,83.0
3945314284262820218,2,4.0
3958380268573201692,2,12.0
6825688576322615244,2,4.0
7511976134548684580,2,2.0
7147604740226548758,2,11.0
16337471448317074500,2,4.0
4154106048100326381,2,3.0
8457517504651821079,2,4.0
9142898832815262677,2,3.0
17150766988895164471,2,6.0
14599889054890020077,2,7.0
9833500270643018734,2,2.0
10733718103886335226,2,2.0
5241264783985144969,2,24.0
7757050616716873886,2,2.0
4518766560139801426,2,4.0
5899565466687248909,2,2.0
15067493086289821473,2,3.0
12754266991978748001,2,2.0
6004519396527940999,2,2.0
2085952209644618826,2,16.0
9756316323195287890,2,3.0
15413809755725739499,2,2.0
1609057436013533592,2,2.0
8523052231897094966,2,6.0
9522949224575101657,2,4.0
15011462597296414281,2,2.0
13828076483520700072,2,3.0
7861353047339329259,2,43.0
6405236133479222007,2,2.0
15337790041323391275,2,21.0
3126383450501384140,2,3.0
4065534059773851493,2,3.0
1139530657356118631,2,3.0
1827060076396228438,2,2.0
4869568404051202476,2,2.0
4019089673619056165,2,5.0
1480865721864502419,2,4.0
15580570418001085932,2,2.0
888418521167522702,2,18.0
16149439707994798568,2,4.0
16244372911294144246,2,2.0
1533387460426484818,2,5.0
10481753076870405590,2,14.0
13539055470319448429,2,3.0
10124019296304987464,2,4.0
5474935859030768278,2,3.0
17740454112319890624,2,3.0
859481531901511669,2,3.0
8342941971243945032,2,2.0
2421080430827941055,2,9.0
11450499683843948485,2,4.0
4379074092113820191,2,2.0
9929536005455953215,2,2.0
16671292290749676929,2,35.0
16000082019551524515,2,3.0
17324537169948586983,2,3.0
1930412472552607310,2,2.0
15527886280673616933,2,2.0
17145402489750242769,2,8.0
14699067407119392067,2,2.0
5065209014889921685,2,7.0
17895898035192308675,2,9.0
16836485588862167540,2,6.0
6933204485622463156,2,3.0
12888226277567580416,2,29.0
11323299598421565772,2,2.0
5082440941018244576,2,2.0
246425357989107234,2,6.0
5353866629129533501,2,3.0
9208094628286904591,2,2.0
5050274921241208325,2,7.0
13385664726444668317,2,4.0
12859316844357209826,2,2.0
8226047685564723679,2,3.0
12391531802368369711,2,3.0
15632984205572026683,2,2.0
9984251613808526425,2,2.0
15958674417892549790,2,10.0
1448968199437274849,2,2.0
389222011131992005,2,2.0
8629839700603704056,2,9.0
457285380294106746,2,37.0
3274564570430931769,2,3.0
8530210154527171341,2,2.0
16125924431649967320,2,2.0
4350627820018736016,2,3.0
15966506959152133847,2,2.0
4319208052015638355,2,2.0
5608223904238058365,2,17.0
4089726253707290685,2,2.0
16893957993701936448,2,13.0
5372049239930991361,2,3.0
17683378620079289606,2,17.0
15656258404777231381,2,2.0
12828262731460054254,2,12.0
12193360334895491757,2,3.0
5697871697224146317,2,2.0
1613529324521513384,2,16.0
7857904532451860939,2,5.0
3415958700456076460,2,2.0
16529664139692896542,2,6.0
9730723638131810812,2,61.0
14992634285013691812,2,2.0
10246470012823370911,2,8.0
2909396755694416989,2,11.0
6208309152221046651,2,2.0
2867305849044254929,2,8.0
4719455879681930650,2,16.0
2273904229199560927,2,25.0
11188350615430682606,2,5.0
5673692011297099302,2,2.0
15338297600127303673,2,2.0
5881889947685878682,2,3.0
10739755288198523557,2,3.0
12365902826490117670,2,2.0
16507382333685486094,2,40.0
2206192037487692598,2,2.0
2754911802074892575,2,2.0
11630115797896667245,2,3.0
8078419450621193547,2,3.0
147418950052867253,2,2.0
7140980097069008797,2,2.0
17812806498708143469,2,3.0
1835596849498617329,2,5.0
9314873658214065896,2,2.0
16238926986644837340,2,12.0
5065724495446195266,2,2.0
9486125382501816783,2,2.0
18069816791764938350,2,5.0
4166549987754211006,2,3.0
11749745829458298256,2,5.0
9701262030539438785,2,34.0
11065620763194553364,2,6.0
14193550296663279318,2,2.0
17730742960335886068,2,38.0
8563552704005615871,2,4.0
5053789260430412088,2,3.0
6236006552409051425,2,3.0
6690149498601966958,2,3.0
14263439371875032692,2,5.0
2792839346355539572,2,3.0
14077684453874867067,2,6.0
5594990401569103664,2,5.0
13321611829088808188,2,2.0
4291437950130261496,2,2.0
8862836104741563245,2,3.0
16300389197653985900,2,33.0
14404345146349968273,2,2.0
6930201460465930139,2,4.0
10896994787136158338,2,6.0
7257427736261080904,2,4.0
14307086373042579748,2,10.0
4601350440730471922,2,5.0
12698006333329845230,2,27.0
16166609756292326782,2,3.0
15951596392616790275,2,4.0
12116077165541381134,2,31.0
7770699152410645382,2,8.0
17943434988010114873,2,3.0
16571031684775741589,2,3.0
13587985401795370330,2,4.0
14514637813795959895,2,2.0
2351403441598820950,2,6.0
15569125900064276069,2,2.0
11183067039071926422,2,2.0
17854927129156623587,2,2.0
8546110057201717320,2,4.0
12761339890824288881,2,3.0
17210457515424424819,2,14.0
8499907836293210869,2,2.0
16403189851730677884,2,12.0
7053539145654648461,2,4.0
9143901559585679552,2,4.0
1386037194228724215,2,4.0
12687824037303767382,2,3.0
318178470168920531,2,20.0
6547913220525609528,2,2.0
3991803752615204519,2,2.0
15990283274786459541,2,33.0
13269731396105307703,2,3.0
5310343975943360081,2,5.0
12995180223613191203,2,4.0
11997556043348236577,2,17.0
18243416407393154393,2,2.0
999993711655910893,2,3.0
15648316505725898541,2,2.0
8336020825999805249,2,4.0
4181089529939784419,2,2.0
13561242210066790578,2,3.0
9257572684638990234,2,23.0
9647825233574088266,2,3.0
18355487238073501715,2,3.0
450092960090612862,2,2.0
11544211487425852600,2,2.0
17203404408471391618,2,8.0
13845481041048572377,2,3.0
12445567992099620545,2,2.0
1194387672645244523,2,2.0
1834611585272138155,2,2.0
7497776914033665725,2,14.0
18354342768772258187,2,3.0
8778644497123350440,2,5.0
3044178825554061482,2,2.0
16476324310799702609,2,11.0
8435402399241405031,2,2.0
1101236241596416825,2,2.0
15097579345966104767,2,3.0
17835898635850704087,2,16.0
13653087853147154476,2,3.0
12877898160763282583,2,2.0
3691543287213708494,2,25.0
7871762815611933608,2,15.0
14206361133717806569,2,20.0
2771720611253732431,2,3.0
13138747896706222323,2,2.0
8948135192332084290,2,3.0
17495788018524385706,2,9.0
3948256704418896671,2,5.0
14247367568513436973,2,4.0
9713669241877188420,2,5.0
6188898757980227597,2,3.0
8679149254451052031,2,32.0
8540011305247502946,2,9.0
558201110294976063,2,4.0
14035384808791977574,2,2.0
9640247125122949883,2,2.0
4981334592468272288,2,38.0
7904866345689715065,2,3.0
16051822187316750817,2,2.0
12806414588045638676,2,2.0
10539297162279600139,2,2.0
7494222093641110549,2,3.0
4144356841891848363,2,2.0
9269463452430191357,2,2.0
13381284895278704106,2,2.0
13762713196459384024,2,3.0
9234202189313049371,2,19.0
16177979973572761480,2,4.0
17680406997552871041,2,12.0
424277068114491105,2,3.0
7245485493896573982,2,6.0
14158116481530822731,2,7.0
9965958745709716127,2,2.0
2166299186108251309,2,2.0
13026745513459627547,2,2.0
4736127044642681691,2,2.0
14203418097745538540,2,3.0
2790537355302601726,2,5.0
1178405697907359240,2,4.0
17972976648293207198,2,4.0
1155042540946599019,2,3.0
16696101777032450794,2,11.0
8830126873841182590,2,2.0
943972442487547382,2,5.0
14385179088313753447,2,2.0
7849409320544454916,2,9.0
6648462159668494812,2,34.0
1156981066091806464,2,3.0
9642705490530870607,2,2.0
13507210994701626260,2,15.0
2342841544782261981,2,2.0
14195216662578738406,2,3.0
13840920757594177478,2,11.0
16321487814371534794,2,4.0
14498382945555070728,2,4.0
12322759451573209111,2,2.0
9385389297757182483,2,3.0
15053749466422592224,2,9.0
2423006522169295880,2,2.0
12817936834225643315,2,4.0
13555919001028711569,2,2.0
7765037879334366685,2,8.0
3118725966684061127,2,2.0
8004808173845972313,2,2.0
7711819475385655063,2,2.0
7363837736254248572,2,32.0
5413466290273812510,2,31.0
132484256955983825,2,6.0
9853691372660272154,2,2.0
5089618422037291227,2,53.0
18344705970615493564,2,13.0
8720729985958914747,2,2.0
11263124471023817950,2,38.0
425184396541801465,2,4.0
4596526768724591084,2,2.0
14413055543769855531,2,2.0
2589081186476159724,2,23.0
16994305360279476991,2,36.0
4907927782172708529,2,2.0
13863292435762211592,2,5.0
17622341324108953182,2,27.0
3705858653914431442,2,2.0
6290737402854674653,2,3.0
14448707875032864430,2,14.0
5527468950775031418,2,2.0
6458111851305936088,2,9.0
7247097971499941325,2,30.0
18377959638565277818,2,4.0
8241940899451347303,2,6.0
14508357641733083969,2,33.0
7466378082138472523,2,2.0
13242035581561199091,2,3.0
8870397885741307249,2,2.0
8702192457680518050,2,2.0
4385779337288260354,2,4.0
16621856400258396740,2,2.0
5753588958913513655,2,2.0
8767921061874869231,2,7.0
7136477388728626018,2,3.0
5047936591092339700,2,6.0
8610868512374303673,2,38.0
16802965503386687536,2,3.0
15783762825493929995,2,11.0
13940496398997293477,2,3.0
9171582369260382551,2,2.0
13570735804897880785,2,2.0
4163524949217582646,2,25.0
6792605419466573107,2,2.0
13160540344079768222,2,9.0
13526239753982590675,2,27.0
7020965742543004377,2,3.0
10509036962858868577,2,8.0
9343627591498821783,2,2.0
7999890931635118859,2,5.0
13542119676210079896,2,16.0
8041620002629690893,2,5.0
11044116502521994490,2,3.0
13166716061926394183,2,2.0
9850473182778323286,2,8.0
5740309524555850407,2,7.0
16598989770769084222,2,2.0
3816874568645333616,2,5.0
9721909592249456003,2,2.0
12003909287291453896,2,2.0
10355124759027042067,2,13.0
6332773816877285407,2,2.0
17287099037900074739,2,2.0
6535584918334454468,2,5.0
1154201904830919423,2,9.0
10138721380777530173,2,6.0
10333155433558603663,2,5.0
13815655335892995546,2,3.0
2209861842977542289,2,5.0
7702815291438181456,2,17.0
4707999779525095841,2,2.0
10416100761889003152,2,4.0
4429580729416030388,2,6.0
6414622191114117857,2,30.0
13805916071014209394,2,3.0
3522852706510437931,2,2.0
11341472417003782271,2,2.0
238428606194657004,2,2.0
2119466143189611564,2,3.0
2384549229020953679,2,2.0
7167876868005161491,2,3.0
18434969151630552695,2,2.0
17758809637862694418,2,14.0
10534106061405030814,2,2.0
2104515203349786419,2,6.0
17331482617406353952,2,3.0
11993674188359223264,2,2.0
8468208124920383672,2,3.0
1855521745808149420,2,8.0
6858848160352184180,2,11.0
9765880831445367053,2,4.0
9563950731971364417,2,2.0
1125565307685952592,2,21.0
15455502673870885586,2,2.0
8377803523797903154,2,4.0
3315986508253177630,2,2.0
17175306761683633265,2,2.0
1418561290837161493,2,6.0
18124111820058896785,2,3.0
11516188268940022315,2,2.0
15884243603460881178,2,3.0
18336386060129846334,2,5.0
6529657086414995417,2,3.0
855072975297357135,2,2.0
15802060863147026388,2,2.0
10098141336229727870,2,12.0
14800305932731471232,2,3.0
13687235936427022867,2,4.0
2999110212302800065,2,2.0
5081821256130598683,2,2.0
14133540305574805708,2,2.0
7035709612759971470,2,3.0
9923267797467616352,2,7.0
216774940596349298,2,4.0
2867537080625705117,2,17.0
13443058292812761203,2,3.0
14230806933131665409,2,9.0
5360986873723367896,2,3.0
5976785513918413360,2,4.0
2442590032346492011,2,7.0
12709735329743479603,2,2.0
5259331969678020095,2,2.0
15427141382306305408,2,3.0
16892035266121460051,2,2.0
13308447330321107434,2,5.0
18169743098508153514,2,7.0
9388548880144230046,2,4.0
16792256316378142700,2,21.0
6329000517495857445,2,2.0
14933209990276580292,2,4.0
12993035976607796993,2,33.0
8390253478315437489,2,2.0
15270028823826784823,2,6.0
10196027207210699153,2,4.0
10063923418268041964,2,2.0
8551695675519255292,2,2.0
14317185085733152071,2,5.0
15312389492955922822,2,5.0
6291066647232667461,2,4.0
4220924334226388065,2,2.0
2802432496896020852,2,2.0
5897053807201659305,2,6.0
2479309663874110383,2,11.0
7754705029176680048,2,2.0
5181385886440254685,2,5.0
3374889168129048092,2,4.0
6856818109146999410,2,3.0
5714554062925169389,2,8.0
14169701540382844499,2,13.0
17289142937238980288,2,2.0
4234373226434257366,2,11.0
4051369757389581384,2,2.0
1651947090263266557,2,16.0
13579067380811239527,2,2.0
13326531560992058070,2,2.0
15309797480592802355,2,15.0
17242465045476769288,2,4.0
18424110264883082214,2,4.0
15127225648055842651,2,3.0
9199019636147773103,2,16.0
16432826464697525003,2,16.0
11373327129883473377,2,10.0
6930181103890319995,2,2.0
1522698652848853462,2,2.0
5512175174959443053,2,4.0
4071361696597714130,2,4.0
9727535340984657171,2,2.0
404821798145260940,2,7.0
26940973442774910,2,26.0
15639955907887295173,2,3.0
12682386100360206737,2,17.0
9461190643002636103,2,2.0
12573702297841119074,2,9.0
18326954181717161485,2,8.0
16370460684785607049,2,2.0
3980021597664389488,2,3.0
12942260650918839218,2,2.0
574861271724763567,2,2.0
13486209501256582751,2,4.0
7849843506505998090,2,3.0
4671535943971405251,2,2.0
6466068369071586689,2,4.0
9342065882524775963,2,2.0
14080122823963342852,2,3.0
3641737142273239491,2,3.0
7704683776732906180,2,29.0
14318673637451051833,2,2.0
16043066258001300191,2,2.0
17359969275738401868,2,3.0
4505391407699368546,2,2.0
12292546994248451710,2,2.0
2993509191667405824,2,33.0
354530873097424586,2,2.0
6634294455326662259,2,2.0
109788675956756284,2,4.0
13272588381562156453,2,6.0
15515352900065131582,2,12.0
17913656263718882029,2,2.0
8811465251398759855,2,5.0
504031346324218197,2,36.0
6222878405730896857,2,2.0
4182976134050446769,2,20.0
9627671769097520788,2,2.0
451095237151709314,2,2.0
6240128889817555168,2,2.0
8621316203243058269,2,5.0
15802397928271967707,2,11.0
13868940556442721148,2,2.0
10227984922316286475,2,10.0
6690478011208950542,2,2.0
5101173644155355332,2,4.0
12657461383961321646,2,33.0
10505808652363257984,2,37.0
3916291333629092549,2,6.0
17623573694745676267,2,2.0
10366836390167192849,2,5.0
15996252527838362453,2,2.0
154102540185513885,2,4.0
1400423160093222886,2,5.0
8628627820453540211,2,2.0
17623022189808250922,2,2.0
5188790010439302669,2,30.0
17707948117443317069,2,17.0
13875421512262251494,2,2.0
9722924452999002322,2,35.0
17999416672864395790,2,2.0
7199385381342054553,2,2.0
1419224842003185805,2,6.0
8091224750504316349,2,2.0
9875647829066219631,2,3.0
16240482073728955215,2,4.0
17344239971947558697,2,2.0
6991780545949646796,2,8.0
6286224851937639014,2,5.0
16784123031801622923,2,2.0
5533184685048592517,2,3.0
3020505241336236441,2,2.0
18279551413461223637,2,8.0
3560600830572251753,2,3.0
8418773911259965368,2,2.0
18182757067996736755,2,5.0
2267183874365810084,2,11.0
3810436572938290833,2,2.0
10313564982556116254,2,3.0
714330700984802682,2,4.0
15135736088356452761,2,34.0
3205481849522640989,2,4.0
9988334466380285709,2,3.0
2946254527721794436,2,16.0
15120957234653050937,2,2.0
7291604228894974964,2,6.0
14228844449079863281,2,2.0
15367976331565675091,2,2.0
9060470120622132148,2,5.0
17684917320723316686,2,4.0
3615732575301317972,2,2.0
16248632558389781613,2,14.0
8310288774740316134,2,2.0
9960920045457479378,2,3.0
6310695006118109517,2,5.0
14982522629117417314,2,2.0
12102843676329579817,2,5.0
15257186140006211561,2,3.0
18353041575969577993,2,8.0
9515234604780535526,2,3.0
16026215383359548214,2,3.0
6612894180705288707,2,3.0
2100791386564812150,2,3.0
10584413387672078095,2,6.0
16288272324212786922,2,4.0
17279642620536132564,2,2.0
12931075826221479972,2,5.0
1050137476661250759,2,6.0
13597818366880913135,2,8.0
10139981400064250574,2,8.0
791453860142851380,2,2.0
6080753877275970780,2,2.0
653270808494355018,2,3.0
17441378902564464447,2,4.0
2158978301098684368,2,21.0
10794068536197195082,2,5.0
5713335694778534700,2,4.0
12824254070150731479,2,8.0
7917155937392911853,2,4.0
14593161360744676219,2,2.0
3183064645959290696,2,37.0
6952164254128820931,2,33.0
8699068378977953300,2,9.0
461191584766272858,2,33.0
17404406403967990304,2,3.0
4892221157952361136,2,4.0
1364441227659116054,2,2.0
9895751879490426280,2,4.0
2407430484102878037,2,2.0
18040784190264331646,2,2.0
6425842168765755286,2,47.0
2990441652612330093,2,7.0
8639623223240658437,2,35.0
6409788464948744902,2,12.0
2397719476630386006,2,7.0
17686133521485283741,2,32.0
7762989682534300463,2,10.0
13675626302587034305,2,2.0
10740895674920490894,2,5.0
9519370761922219685,2,2.0
4654346020065654109,2,17.0
1311345310178481743,2,18.0
3765186208211263431,2,5.0
17533321700721883124,2,7.0
6452415866355444547,2,22.0
4071789268463035386,2,3.0
14704188836459854296,2,5.0
14162547918209007232,2,3.0
17932154956957427793,2,2.0
2364114418989775108,2,2.0
14804059684876523818,2,2.0
8842016939904580121,2,2.0
4028009809016102103,2,5.0
9764898570072623480,2,3.0
6746735516690970052,2,3.0
9980016704716951421,2,9.0
12738283560280654074,2,6.0
10733450230317268967,2,3.0
5767365325630636060,2,2.0
137567255256700077,2,65.0
6254593067036606977,2,2.0
12223608831680079003,2,6.0
8372496023427637446,2,2.0
16296945605960006637,2,18.0
10888314131500100901,2,2.0
4600132471155033848,2,2.0
6569947174994682819,2,5.0
4758971014487982487,2,4.0
12926861860924674862,2,2.0
16435966261965193868,2,11.0
4811578725529259863,2,2.0
3116405500352000891,2,4.0
11529698056682227857,2,2.0
7451036986859242406,2,25.0
6025957826446085964,2,2.0
5284826587571898144,2,8.0
3037518955041621021,2,3.0
13862818110711960458,2,3.0
3074059366361723474,2,8.0
11594471312626648378,2,2.0
2863022809484674043,2,2.0
1966309170967606309,2,50.0
3243399906842420908,2,12.0
5939881985698139120,2,2.0
7483599788996676802,2,3.0
11306711716166610368,2,10.0
8875611136022377971,2,5.0
1788160826152076681,2,4.0
17434390097403793717,2,2.0
15867801539427910625,2,2.0
13649482085696435930,2,6.0
14699557375309712726,2,3.0
8218765364228983957,2,14.0
16749590880750651529,2,2.0
14732058364466004645,2,2.0
6893455459417062066,2,2.0
14245167200025492549,2,2.0
12004018303931770223,2,2.0
14317929771587821523,2,2.0
15526153945003486763,2,14.0
12363256079853173106,2,2.0
13803322230789013343,2,4.0
15133388478002763707,2,47.0
12862607613705519765,2,4.0
16269049382735346992,2,2.0
966716633229848795,2,5.0
9000345667195203095,2,10.0
4791677073461556036,2,2.0
13667642030476713487,2,5.0
11875345417405867961,2,11.0
1622552251603515785,2,2.0
13481170072324046824,2,3.0
8352920690880865123,2,15.0
8435322560060008890,2,2.0
7355770004956551781,2,2.0
1577232060807296228,2,2.0
17792045402050680139,2,5.0
7179162082136576525,2,3.0
8151227126860594806,2,3.0
177661778676093237,2,3.0
1638284709473027804,2,2.0
15425979049502017710,2,2.0
3043777471425634389,2,2.0
16011722010584825436,2,2.0
14599600745707599017,2,5.0
8140346376430305959,2,6.0
15219608015608027847,2,3.0
10887294585221560939,2,10.0
4050421375668580406,2,3.0
13553104801570864980,2,7.0
10275241128864910148,2,10.0
13745652072885215322,2,2.0
16619146833152704825,2,4.0
12371766545469860578,2,7.0
17512340369238043333,2,2.0
15506601051331731423,2,4.0
15012964175895874115,2,5.0
9195913629381381319,2,18.0
9783053464824376072,2,36.0
14202856187399525973,2,2.0
15844523683914697201,2,7.0
16558476712773233081,2,2.0
12728347497299498231,2,2.0
5645820012575296488,2,9.0
8082903496033942686,2,4.0
2145197482392521096,2,4.0
4307969592221501376,2,3.0
17513196999220728865,2,2.0
6189982360141399126,2,15.0
11176014033421913879,2,6.0
4970640895371687625,2,4.0
7637694573996962289,2,2.0
9457106483030902313,2,5.0
5769227833381460823,2,6.0
11558392722903463194,2,3.0
8016131694896485878,2,16.0
15995840191034642205,2,2.0
17880155407771750065,2,4.0
14668304915092779281,2,77.0
17058623495551082008,2,5.0
14079721894137724320,2,32.0
6835278533948829914,2,2.0
855017745389129347,2,6.0
8327844131217296656,2,3.0
3661089321371501210,2,5.0
1049668297133654659,2,3.0
13565661278799801356,2,4.0
10162501076807510468,2,3.0
7148086281494471992,2,2.0
1131454538269852617,2,11.0
7863008460334022737,2,4.0
83644301192114749,2,2.0
16466184657217499849,2,3.0
8669225282787851466,2,26.0
18168583535790242397,2,2.0
3042847504050385543,2,3.0
1015513460536024789,2,6.0
6042937313853281991,2,4.0
7113972860739311173,2,2.0
11724770310314179032,2,3.0
18304472450801374723,2,7.0
359265018621778281,2,2.0
14678795625653415314,2,3.0
9578472169756837853,2,6.0
137153234503227394,2,2.0
4423989945695791572,2,2.0
5081769240962185557,2,3.0
4944450726865393827,2,4.0
17536553045690409285,2,2.0
17257331308890672217,2,4.0
17619858790818744158,2,38.0
1774291181714618246,2,22.0
8840850452675606500,2,9.0
5528723724723465407,2,3.0
15305710433058687416,2,2.0
3883613561249949196,2,5.0
5187441037978023198,2,3.0
7997285539993361307,2,2.0
3929480356366145421,2,2.0
15639747760824982137,2,33.0
9509704156610956341,2,2.0
17222448294897622933,2,13.0
8527001481367027848,2,5.0
14149356738181399930,2,2.0
9794521231259555997,2,29.0
5165589382718507882,2,3.0
1957997561963014522,2,8.0
3138543821594418197,2,38.0
11616851973679947582,2,32.0
9181722235694761235,2,6.0
7832525435659223683,2,9.0
1096890232113912277,2,3.0
754841099654573247,2,2.0
9555856419859213118,2,4.0
17182517300631455486,2,2.0
13510256267429979430,2,2.0
13493371528824785224,2,9.0
8775673800765427297,2,11.0
18207477446345549456,2,9.0
18205466792254436364,2,33.0
3427155740895262282,2,5.0
13595685585763092559,2,3.0
4140018378694829273,2,38.0
17588925628156847951,2,5.0
12113193680048962333,2,5.0
13770967192880746943,2,37.0
10752784559293954501,2,10.0
6824936639423130634,2,6.0
11924605786642034656,2,5.0
2905232885177835844,2,2.0
10401985475547952015,2,2.0
16197408883438806152,2,3.0
12846582848123775165,2,2.0
1940560830125989724,2,2.0
3448670483163894460,2,2.0
13359996105515600614,2,2.0
8348431889058187353,2,8.0
5199315831674907841,2,3.0
6971948163054752708,2,7.0
15705689847837711974,2,2.0
226014580310048369,2,2.0
8328333742532872010,2,6.0
9792069797291882454,2,2.0
10125306136643010763,2,6.0
676707242858945439,2,3.0
16610512605080308593,2,3.0
11957719025570220039,2,14.0
6192436856582511580,2,3.0
13252006970189778340,2,4.0
17518996587286230790,2,3.0
553858072624670128,2,7.0
5907325587905029643,2,30.0
18297182644100735138,2,3.0
5037874065447219305,2,2.0
10789878557145835105,2,2.0
9842498056411031387,2,2.0
2788508914382709017,2,18.0
14280586647722573521,2,4.0
14947543355594144963,2,10.0
15450521399177556523,2,2.0
12453967970111744111,2,6.0
3149978006105501536,2,8.0
16724577458431666329,2,2.0
14846793099772647003,2,4.0
15721886426050989915,2,2.0
3074382240441519843,2,10.0
7691430891688324097,2,2.0
9450336464967420400,2,2.0
1101825757030349688,2,2.0
1501985915144827506,2,3.0
350985635543797896,2,3.0
2336216791406714209,2,35.0
16216115766073569092,2,2.0
15108275035965722907,2,27.0
12407893909681442993,2,4.0
16098293979652881929,2,35.0
3552140897284908359,2,7.0
16490333875869809784,2,6.0
12652639949367809803,2,3.0
1722876598355679065,2,2.0
8813697276761447039,2,4.0
14845949774057370538,2,8.0
2959927967840617172,2,4.0
874013978961726167,2,13.0
12127985946865617008,2,3.0
18388198506041980137,2,2.0
17733399657692335641,2,15.0
4730788019824739955,2,2.0
13359457788075814561,2,3.0
14558718824918833142,2,31.0
754006282810966634,2,3.0
16316092071163480611,2,14.0
3697699632843557695,2,8.0
4309372248102655733,2,3.0
12766241810149089122,2,44.0
6895482362346710813,2,16.0
16727668944009783325,2,4.0
1736759733165959060,2,3.0
14162475602584255187,2,34.0
17527117312367573886,2,15.0
16572268117966628700,2,19.0
5741331753394559154,2,2.0
16049040357302389772,2,13.0
8891963850695598736,2,22.0
11821649596594839874,2,23.0
10424128843413849819,2,31.0
15832485791783890371,2,5.0
18344393380464830424,2,6.0
362130072180261615,2,10.0
12130821215331048252,2,2.0
14322679959773578047,2,3.0
14719222044992530455,2,3.0
16853310343739027435,2,2.0
13970635354887218736,2,5.0
12398646411093320058,2,2.0
8968742233225257275,2,3.0
14641283157225203955,2,3.0
8577520243373051972,2,2.0
11621721393585544097,2,3.0
9725612906761247701,2,2.0
17343254652341293551,2,5.0
9995169492491876386,2,14.0
7900774032215212703,2,3.0
7531778027330275309,2,14.0
1392345925388061114,2,5.0
3391494486796602194,2,15.0
385248016573346087,2,3.0
3104264073791880357,2,2.0
1362070200698274791,2,5.0
9266255237359104598,2,2.0
14051587859460685390,2,2.0
6757259892870559735,2,2.0
15339683658219636091,2,9.0
8354717539227776688,2,3.0
15823215547328072118,2,4.0
16337892044661853051,2,11.0
5926926088615599699,2,2.0
11876775972468531987,2,14.0
8655505513245667994,2,3.0
5174592067138045261,2,2.0
7294368579004831749,2,4.0
13638895298458664891,2,5.0
10238143294431442951,2,2.0
16352179936717899556,2,2.0
4403110790413871713,2,7.0
15049056445371723055,2,2.0
7255625467431830480,2,4.0
1213634129318506127,2,2.0
15043922455876455857,2,2.0
7827855602209239722,2,2.0
8112156736755194602,2,33.0
9455088019169511355,2,2.0
15251611385047850064,2,3.0
4215603193543354759,2,2.0
912062342939764407,2,13.0
645720219446378143,2,4.0
11761958149498601564,2,2.0
4741174196698431690,2,2.0
3906725061039888484,2,15.0
15873261768674742308,2,2.0
7715418135215494334,2,5.0
10108019815544077707,2,2.0
2931203368623270352,2,5.0
17266200761970918778,2,5.0
6177493324874664787,2,9.0
8216043558133557452,2,2.0
13671104824580801717,2,10.0
7970734553064226555,2,2.0
1828945381350107658,2,3.0
14122434731169562141,2,5.0
7319003166325776543,2,37.0
14866382547176003827,2,2.0
3452386872389411824,2,5.0
734392012898337944,2,6.0
15638416319850657431,2,2.0
9176723399474699745,2,15.0
10547947104065363486,2,4.0
1207220944222634313,2,7.0
6967566925985213801,2,2.0
12474865773528124802,2,5.0
2002364035768632774,2,4.0
10586163431389457264,2,2.0
135656215594701562,2,2.0
6946736621109080100,2,12.0
17589199568003462466,2,16.0
5043352681975195097,2,2.0
11405659395042150150,2,3.0
206177390006074933,2,4.0
6276025709303765367,2,12.0
8993307329968307621,2,7.0
16606349311834826110,2,5.0
1298404002886191980,2,12.0
2817648604454519193,2,3.0
5544430943639444899,2,8.0
8583749621675123933,2,4.0
3487470772979969913,2,8.0
9776964024723693242,2,5.0
17912220412214600947,2,2.0
12218179943215150403,2,2.0
16181225768653749407,2,18.0
726661442120886161,2,2.0
14451010583512712072,2,2.0
574728771255529863,2,2.0
3208262990145175452,2,37.0
13957964270152039239,2,3.0
16447410624576991433,2,3.0
16004367705387836648,2,2.0
13810775002814672686,2,4.0
884813662681138081,2,2.0
16392427033526314467,2,3.0
5384742162186874090,2,2.0
13521503272180848761,2,33.0
10697878277760482924,2,4.0
4817687698933185882,2,5.0
10358384390508363720,2,3.0
1294845970786912708,2,2.0
17739755372504117900,2,2.0
16385555266500590896,2,6.0
1165400338038624953,2,7.0
4965598103864664991,2,2.0
12994701435333384039,2,2.0
15878302512223594463,2,2.0
17356138509841527054,2,5.0
9021823753858635853,2,2.0
5142483578942278437,2,2.0
9384254529746052856,2,5.0
6971577228008874722,2,2.0
17067563613356967718,2,2.0
3904170306215552781,2,6.0
5757336749250996307,2,3.0
708672187336285686,2,4.0
6152408605022761919,2,3.0
3322194441481204888,2,10.0
7277972408252291753,2,3.0
2775660763264640255,2,2.0
18019436970482805197,2,4.0
17174047057278276327,2,4.0
1801890629658663902,2,13.0
8910169319749570204,2,3.0
2634930585208880537,2,2.0
1496601369548107059,2,3.0
10755334168534451624,2,3.0
15291446122592368942,2,5.0
15645389278934531347,2,2.0
17345415788297676334,2,50.0
2253306473937135497,2,4.0
5271805456985058348,2,3.0
17000600870959803383,2,13.0
8141255721901327788,2,3.0
2013178333056859201,2,16.0
13292392981525941664,2,21.0
644330558944344484,2,4.0
715509684213906454,2,10.0
12333052276199017664,2,49.0
4197414503616082441,2,3.0
5970786697176290008,2,2.0
6891320109184447267,2,3.0
16259174202571166299,2,6.0
4100098871738100756,2,6.0
15938399414640471997,2,3.0
4447318396554597600,2,20.0
13175800505917021331,2,5.0
16093604006974408450,2,3.0
13925166793086509195,2,3.0
12328790065816258391,2,6.0
12604871766027190212,2,6.0
8252098519622767254,2,4.0
12592470008737460365,2,2.0
115539997618081833,2,4.0
7528678944416903605,2,2.0
13380480792898068401,2,3.0
5797388373507633056,2,6.0
5400043541437875460,2,3.0
9495866141190627608,2,8.0
211040911634989802,2,14.0
5335089346235536254,2,8.0
11129225025337996830,2,5.0
6874722040360468394,2,18.0
11843941986708407376,2,2.0
17406025496371690580,2,13.0
12420128345600181704,2,5.0
6032839506263398610,2,58.0
14998213985824136071,2,6.0
9632736338194457744,2,78.0
2738259051176135658,2,2.0
17058055427257863601,2,20.0
16872941107399819328,2,9.0
2173722927273310204,2,2.0
6623627550087209045,2,14.0
9483882602463496381,2,5.0
9579460924456733303,2,2.0
15730576629226566643,2,4.0
6414452431796976656,2,17.0
2358210826882692587,2,13.0
18060989206411497853,2,5.0
4495085066635056777,2,2.0
13869747302233646981,2,3.0
449661604849280739,2,7.0
11625160871675937436,2,4.0
3214783250130559274,2,3.0
17458902162860536059,2,2.0
4219541353146997186,2,10.0
2600154444280228083,2,2.0
16869976897745386443,2,2.0
3892338397779831691,2,2.0
15251016851740385602,2,34.0
8174802273105025208,2,10.0
3895475073676260102,2,2.0
12687250713708653511,2,2.0
10311663696664299150,2,3.0
13575890264372315561,2,2.0
9436552074509458063,2,8.0
15427032380985809760,2,3.0
6983482546911651740,2,20.0
11890184985732241357,2,2.0
16101751226503026933,2,6.0
18108471936104777234,2,11.0
8709057744983350619,2,18.0
2536199869574511198,2,36.0
5604430617013867752,2,2.0
4825848193972970605,2,4.0
3418492424147825202,2,6.0
4209987823784278882,2,2.0
13873652405056819711,2,5.0
1106335363131495479,2,5.0
8348104562994273979,2,34.0
2602880376884067024,2,11.0
15249843171430018161,2,5.0
11932703592508557262,2,3.0
10800230750612503884,2,2.0
6749966838434730264,2,4.0
4356026250687890316,2,2.0
2856588555653326265,2,2.0
739972354612914309,2,3.0
6077976174543052313,2,3.0
7823065282259977991,2,2.0
234916919926838100,2,30.0
14838015248566883811,2,2.0
14486682361189830045,2,2.0
15046185008106843138,2,2.0
6028729300751486335,2,3.0
2627895667210673645,2,3.0
14759760336613964767,2,31.0
10384435278462736688,2,35.0
264412595006634217,2,4.0
9257755606381751356,2,2.0
6133799639759640998,2,3.0
12032196400714459692,2,29.0
2720368177922810846,2,2.0
7758520190991222838,2,5.0
14326837621719908810,2,2.0
13271429957351027325,2,7.0
8075183103910083503,2,33.0
5437511308499967191,2,4.0
3149780016312281434,2,3.0
5387034880355748810,2,28.0
8828510761719191256,2,2.0
7193728574916446126,2,5.0
9536911415480808408,2,2.0
1964692744343160462,2,2.0
16400917421400907806,2,3.0
14322819491440482174,2,10.0
1029808783744135029,2,2.0
9408195632722852835,2,6.0
7733575124130601479,2,2.0
2906692083220787836,2,8.0
16155169944896181706,2,2.0
6454137499502148321,2,4.0
8897718991702730997,2,2.0
13019274397589979160,2,3.0
10854425628329053476,2,8.0
6874080417076499323,2,2.0
4880477311578983052,2,2.0
16504878956762776748,2,4.0
11426962996692545446,2,13.0
12177222192663378551,2,10.0
3504471588087024213,2,4.0
6470156352994776270,2,2.0
17053015280582129002,2,36.0
16864808117087973775,2,3.0
14657757113165890153,2,3.0
14905061890121069430,2,6.0
5945980055926415526,2,3.0
3738431860742167808,2,2.0
8080768527273638292,2,13.0
14066496295198192478,2,14.0
17142924899431395396,2,3.0
2237920358724753581,2,13.0
10409536364395659633,2,15.0
14139658620624927483,2,2.0
9874839441965077066,2,2.0
8069434245022049099,2,60.0
7911341930717864386,2,2.0
17057092536776016577,2,2.0
17512465116109582268,2,13.0
15288263397407064339,2,3.0
13035057950971179062,2,6.0
18223524485511234421,2,10.0
7640388766899894668,2,2.0
1105159491099276617,2,4.0
3290332827971995117,2,3.0
8196975946436007074,2,7.0
17881487800230259404,2,5.0
4280903949760431609,2,2.0
1378592084253260500,2,3.0
1833612172643649602,2,13.0
4034228841020028904,2,2.0
4331948823233934807,2,3.0
9454801160041221018,2,4.0
17165368021659733110,2,2.0
10983847337751768768,2,58.0
6154316352250255254,2,3.0
12505807392215631039,2,7.0
14020421694777140433,2,40.0
3092541894505454250,2,4.0
3180833649709556703,2,2.0
14158389885012535004,2,2.0
15082261044483368531,2,2.0
15249925811341773718,2,33.0
7037182419100728141,2,3.0
4490060461092205488,2,5.0
8746076385945580260,2,3.0
10914423797056061215,2,2.0
133218288494846429,2,9.0
5466415775900068152,2,5.0
11288798168766140224,2,5.0
1738727172620764848,2,2.0
10089136339835187629,2,4.0
6553786468569129731,2,3.0
5690889582366372530,2,11.0
6896767022293943521,2,2.0
18387854132971498646,2,14.0
5796642884703464621,2,33.0
7408756201925340835,2,3.0
7922151301109681167,2,3.0
8150198527785564938,2,4.0
7450558275498903616,2,2.0
13605365461055671836,2,9.0
13129354782984248293,2,14.0
9004915757500900365,2,5.0
286997027789669,2,7.0
8967724567231651450,2,6.0
9714137848851656579,2,2.0
1778041710356812646,2,2.0
13374027635302200852,2,10.0
18331918623056811961,2,3.0
1835406706746222494,2,5.0
1946229366679865277,2,5.0
11205020314306071071,2,2.0
9975950137693029844,2,2.0
7394626358743457724,2,5.0
17571568495685727371,2,3.0
7665751394207082774,2,2.0
12091968451104105892,2,3.0
9481245022242858857,2,29.0
11700392766090175968,2,2.0
9023551968468562726,2,2.0
13953558082648869293,2,4.0
1653137175244280854,2,2.0
15933413926453265125,2,3.0
14900658541649760295,2,2.0
5653375068922819480,2,2.0
1819935966914875768,2,4.0
5748828596571700111,2,2.0
3225673537705786527,2,5.0
822222136818168679,2,2.0
10068168454792758003,2,2.0
13040438910060220068,2,2.0
13157677636563880076,2,8.0
16823548977397654468,2,12.0
15631061968522620969,2,2.0
72451781142047389,2,9.0
17070029200853275029,2,12.0
16992433624577081532,2,2.0
3861489937134170252,2,2.0
10525867684253829236,2,2.0
9212288587349872824,2,7.0
16041541362095650558,2,3.0
16642342957590350019,2,3.0
2153520741791445346,2,2.0
9805173934052974791,2,5.0
1784932550013510612,2,3.0
18162385215570766771,2,2.0
2959665707226010925,2,29.0
6950464429818367392,2,2.0
9900454864894581560,2,2.0
6697703063062794107,2,2.0
13380065936841224331,2,3.0
13400572208560648443,2,6.0
10770121595804905491,2,27.0
16921734001256092937,2,4.0
12044942832913736434,2,4.0
14066355488491092324,2,3.0
11920039712912230285,2,7.0
6836747115186317969,2,2.0
3583711888472371981,2,10.0
10987226250478469190,2,3.0
3079555852189241322,2,5.0
12067997420210382480,2,2.0
4890408287225624161,2,2.0
10411272473526459085,2,3.0
8924050486920628058,2,2.0
2367175425842653043,2,55.0
12996403710320552313,2,9.0
3616194818418930646,2,5.0
11869991334230973906,2,7.0
13014523281191965630,2,9.0
9668849185289789251,2,2.0
5130086738142616606,2,2.0
3735231551693122689,2,3.0
15153432719046458395,2,2.0
4643782140072538956,2,30.0
14138307971721109909,2,3.0
13842111032238003654,2,2.0
369848638681427742,2,6.0
10225244159395940800,2,6.0
15860214299342784264,2,2.0
2738391559391411826,2,2.0
8233856545809565825,2,2.0
9962444588089200755,2,7.0
17902880911067343644,2,4.0
9746414387965453788,2,6.0
105114243533686957,2,4.0
17454899845021587832,2,8.0
2288731479051897154,2,9.0
2439229485466516429,2,3.0
12302351459691113289,2,4.0
8780099459071542641,2,2.0
15254547941972016184,2,29.0
1777247056484360622,2,2.0
3897154532844857590,2,2.0
13231949481808275638,2,30.0
17930991491395080766,2,3.0
15095270138084645157,2,6.0
7443896154863130838,2,7.0
1284516491630301400,2,2.0
15188741787190909050,2,3.0
12083464991015616502,2,4.0
2776273318278655359,2,2.0
9818811025893621496,2,2.0
883593245071679006,2,3.0
7754447962896980298,2,2.0
1366997131813862960,2,2.0
13290681080221290750,2,3.0
15971685098150028912,2,2.0
2699175377274721194,2,9.0
2762443585873969650,2,3.0
3683987691852791390,2,8.0
5464167220855765132,2,2.0
16859460596695320643,2,2.0
16632754965541552632,2,4.0
5845801883343051056,2,3.0
8988854608465520699,2,2.0
18156347489522608653,2,2.0
13255817736612864044,2,2.0
6850640576358946867,2,2.0
1464952143324061783,2,2.0
13430099899951583096,2,3.0
1763985134813506308,2,2.0
4816040465676582286,2,2.0
12369341654391701574,2,7.0
18436877825608598585,2,7.0
432102512738852326,2,37.0
8428076881012471673,2,44.0
16768031391634534322,2,4.0
7327403081909497587,2,2.0
13404795159340484891,2,2.0
8760845204384988543,2,2.0
11603872605824728592,2,4.0
9416816647861947551,2,6.0
8081959733141909302,2,3.0
4276438172820591225,2,2.0
8593264687896382259,2,5.0
6609562208712494741,2,2.0
9068754757491069203,2,2.0
13128626288748760893,2,8.0
9740208921662986923,2,41.0
5943328932118176698,2,2.0
5043514376564152713,2,14.0
2288030605536027555,2,2.0
7686096055696986342,2,2.0
8010899507397773232,2,3.0
2219003504691894611,2,2.0
14152489837516093762,2,4.0
9101054748147119721,2,2.0
7615733006523633636,2,11.0
14307126341998860485,2,35.0
4029694730227523456,2,4.0
6498925658239710907,2,3.0
9180676377470353567,2,2.0
11674912326176498232,2,2.0
3205676713744404575,2,2.0
2342908701397411404,2,2.0
11006319512547128461,2,2.0
2064175997503388810,2,3.0
16157533840415936153,2,7.0
4416972820670611002,2,2.0
3199221148806665070,2,30.0
5885149896963492523,2,20.0
17422141211305638884,2,7.0
12205396308738507287,2,33.0
586676257179500112,2,29.0
343074715652528590,2,4.0
4776524669841440019,2,6.0
5469669179751487849,2,2.0
13663769053561581529,2,23.0
11327879450221213753,2,14.0
9788968707057735064,2,6.0
9832993291050216634,2,3.0
12766497789736555222,2,7.0
5199448817398903773,2,5.0
1648349383610355023,2,6.0
10092749796901375279,2,3.0
11616175906804082408,2,2.0
18179083428598796051,2,2.0
278512921174699238,2,3.0
18055264132526987473,2,2.0
2164900237627214680,2,21.0
3731695574516171508,2,4.0
9190290965866517528,2,2.0
6442301524604098242,2,6.0
14156856814477229732,2,3.0
6353807313751424511,2,2.0
5744145176366331818,2,2.0
5323608566814224409,2,2.0
401197492041706590,2,2.0
600479853518098642,2,4.0
14345435041124753365,2,2.0
13185804316706055228,2,3.0
12347017646751251391,2,4.0
15262473935544948514,2,34.0
15782569315985297908,2,3.0
10958649394606816055,2,2.0
5365209103800465831,2,2.0
17326809635618989847,2,2.0
15817722559989949573,2,12.0
4119659118211233519,2,22.0
4775940790877341052,2,2.0
12769108886586816500,2,3.0
2112588503216563396,2,3.0
8964991791983996814,2,13.0
14584049661840999812,2,3.0
7266471974724805984,2,2.0
7327800341475102036,2,3.0
5915875276097706721,2,2.0
9816203680747581533,2,8.0
5307327768987950412,2,32.0
5002792965413158685,2,5.0
10350679560608154901,2,3.0
4392006835660686708,2,5.0
16682680452684665241,2,2.0
16440132896217778426,2,2.0
7436856119889336365,2,56.0
1668780063961542695,2,24.0
16875831898179134976,2,2.0
8120508212612829303,2,2.0
15129566386729661248,2,2.0
4827103588680560802,2,2.0
5948312158253517953,2,5.0
15436624311590327635,2,6.0
18140342616238580988,2,3.0
10106341155233271431,2,3.0
350016472460563121,2,2.0
12479824612250372080,2,8.0
10765118963999382877,2,2.0
8702528068365351536,2,14.0
5435696250012817017,2,3.0
6370069562835445446,2,2.0
648295307332312841,2,2.0
5540932295608022077,2,2.0
6038627655527669947,2,2.0
6575328855631867753,2,3.0
12006168279448354338,2,10.0
11273001758577761640,2,5.0
15325273619741775273,2,12.0
17392161255588166901,2,3.0
265580082864687126,2,4.0
13894043331620047365,2,3.0
11519251821204244461,2,5.0
2860017660758819911,2,2.0
16405142781831683465,2,2.0
2470610663422892824,2,2.0
10619063679251804027,2,9.0
9603097089466963213,2,2.0
2465710362323178037,2,2.0
3397238737513066602,2,8.0
14560146408384586441,2,2.0
3602605243110377610,2,2.0
16836855033122999774,2,2.0
12339477464929959042,2,4.0
15141934699699020182,2,8.0
11214497411200131209,2,2.0
14403584854392617005,2,9.0
12985750760086027767,2,7.0
4171863338857606162,2,3.0
9925419078802241490,2,6.0
152553975045743493,2,2.0
9173520166441576409,2,6.0
8352091202795360296,2,4.0
13038508890043812437,2,3.0
816339496570503846,2,4.0
18427249764427766363,2,3.0
15818383883401077198,2,2.0
14644659160940361876,2,2.0
16399092919305398507,2,2.0
7634821888493403882,2,2.0
881872677697752322,2,6.0
1231497825031956190,2,4.0
17413662723854388047,2,4.0
8516542491787245217,2,20.0
4656340036547600577,2,6.0
16872568214246149054,2,8.0
8121876175341297837,2,2.0
7163423306528212128,2,2.0
16032321543146879056,2,3.0
9778845982269708864,2,3.0
4481665057863074215,2,2.0
5661182349309079037,2,15.0
13728557526485103371,2,4.0
2052169975174942098,2,2.0
197217969757197059,2,12.0
18235025147383260882,2,4.0
11067505590951934106,2,84.0
4271329472309572826,2,4.0
1802862693200929536,2,3.0
16280431269535704641,2,11.0
13987944593778233611,2,4.0
10415088761220291793,2,2.0
8385769250851778463,2,2.0
13194949688758805711,2,2.0
3462062622397356494,2,5.0
10643346406442267580,2,3.0
10369091648011570066,2,8.0
8856309516169142932,2,2.0
2109826359050681511,2,2.0
1904778989354363976,2,22.0
812137691368080500,2,6.0
13847873193030568205,2,2.0
5657498222440193648,2,4.0
4638914856345138303,2,2.0
17295976395394416909,2,34.0
7636857433814812381,2,2.0
12638747627678112067,2,2.0
14953590468342135212,2,2.0
17443369890767438728,2,2.0
7007505925671173062,2,4.0
15508356685084720936,2,4.0
13660733348096484948,2,2.0
16145555266619043414,2,4.0
3503334421363789873,2,2.0
18274558927034837604,2,18.0
18082255821204483813,2,2.0
7005396171506097516,2,2.0
4375012557390654868,2,3.0
7814278693741774521,2,3.0
3852135513236408892,2,2.0
8758903450164767274,2,2.0
15920013144930315446,2,2.0
10702525576683388706,2,7.0
10866150096245110300,2,2.0
17030732988113722106,2,44.0
6277957485467724391,2,5.0
10003145516436150378,2,2.0
29986708105204816,2,3.0
5644621250463231803,2,33.0
17861465156996101572,2,2.0
18417555783253826071,2,2.0
6614783182129789495,2,34.0
4742634639897484649,2,3.0
3728859225257196928,2,6.0
3385638783163933887,2,14.0
6521865346633120111,2,4.0
494850516984646270,2,3.0
11630836525582176619,2,2.0
9616820278366144553,2,11.0
7593089026863868116,2,2.0
553870246662333305,2,3.0
8665853854185097122,2,4.0
7454834222168722370,2,7.0
6482665310967921698,2,2.0
11472900516740476550,2,5.0
7875979339685862812,2,2.0
18154862241995850721,2,11.0
16957144099496934854,2,4.0
17919320433153603526,2,2.0
6981952516383992006,2,6.0
12425321273847019925,2,2.0
1897269876825565499,2,5.0
7279086831678962176,2,4.0
554368539297276862,2,2.0
10477143722575079328,2,2.0
14169801597320618312,2,37.0
11185344367514380942,2,2.0
4039483139442909855,2,2.0
8887004230102725990,2,5.0
3595108112236940633,2,12.0
14390111400867096114,2,2.0
12293501369449483291,2,3.0
9807629072406083857,2,4.0
11113411200130787208,2,5.0
13528388490059305055,2,2.0
6193193159077519258,2,7.0
343775433517052462,2,3.0
1552571722778284676,2,4.0
4684557848091042944,2,3.0
14202971330905823949,2,2.0
8311707523321667562,2,2.0
9480059113271671522,2,11.0
8433549034911535781,2,4.0
13184654929350999960,2,6.0
13143925617518427946,2,2.0
6592323130541892075,2,30.0
9893567025989868477,2,2.0
3578681812769199610,2,9.0
6195795267205055467,2,3.0
4302780648122417711,2,2.0
16295844048374899767,2,7.0
8849770432557303877,2,2.0
4159775682559520767,2,7.0
18371512897140484394,2,6.0
898756393364256696,2,4.0
2935302155671085162,2,2.0
43555936184478967,2,4.0
8564745466869154823,2,6.0
3091581672411310090,2,2.0
10442652175262298008,2,4.0
2988374009052453416,2,16.0
12376877547941790560,2,9.0
4954544623010789628,2,5.0
13839981434943409853,2,2.0
4599696479363946652,2,4.0
2871876967667582801,2,3.0
12569779753710487293,2,3.0
10478146176328928771,2,2.0
8641143788881501349,2,2.0
10501327366143482685,2,3.0
2551403441323068790,2,2.0
15480105497127782511,2,2.0
11129637529844027225,2,2.0
6865117196134750995,2,31.0
16535982989158532668,2,3.0
4897931852286726120,2,2.0
13163418748316085805,2,33.0
10264265719937499939,2,15.0
9467277579658625592,2,7.0
2339644657873510905,2,2.0
5622810070479717383,2,12.0
2679350532092948427,2,16.0
15361747896555723530,2,22.0
13778185290629674014,2,3.0
5078633278546040149,2,32.0
4492679922557011,2,6.0
14887563061740520321,2,2.0
2065030318162880543,2,2.0
5812792348397573513,2,2.0
3345902814134358506,2,2.0
16389285817740935257,2,5.0
8967142052162843931,2,5.0
17585005309625892291,2,13.0
14378127602581366945,2,2.0
15240537307881655740,2,2.0
16470367733175450387,2,6.0
12532927646723179437,2,10.0
12412873473562789905,2,3.0
2021814125766947018,2,32.0
9430069821922460793,2,2.0
14458717244684726018,2,3.0
10952743396479870868,2,4.0
5361968218605563128,2,2.0
13299089594436578270,2,5.0
15515025624683077418,2,4.0
11127950072179993993,2,7.0
15014011004774257490,2,2.0
8990339183578599774,2,7.0
14474070211208481705,2,2.0
6232769874258914128,2,2.0
461461059369633742,2,2.0
10441238340396286708,2,4.0
7596284229858457764,2,20.0
16351308048908896306,2,3.0
5801328063245633243,2,4.0
5226444376513100618,2,23.0
16890062890148875720,2,2.0
1782078217050493684,2,3.0
1383177616710661324,2,2.0
8136821613232823888,2,2.0
963910962924946375,2,32.0
10161708380267444351,2,3.0
7069695484438499408,2,2.0
7915079751340364235,2,3.0
16129234756283927611,2,5.0
8862574835497229440,2,3.0
17336404113568564050,2,2.0
6805013334411938819,2,16.0
4883892191976196744,2,2.0
18013203569593925037,2,2.0
10739761045142504166,2,26.0
12706991807790464236,2,31.0
537218508243892336,2,2.0
15502708719058528462,2,30.0
647273424130076664,2,12.0
7729516032097334256,2,2.0
9657646551662119958,2,2.0
4031072889162080302,2,4.0
5119758845392500241,2,2.0
17218574319312716368,2,4.0
15461491791392978726,2,7.0
13878055451400127752,2,2.0
16211677336185515967,2,2.0
7199026807355301303,2,3.0
6737891672918565522,2,5.0
17112434620918881155,2,3.0
11540829326908530273,2,4.0
2243902369941111408,2,6.0
11081444185733323129,2,3.0
12252885027450252822,2,10.0
8209772662688437610,2,23.0
14083298134589122652,2,2.0
11314782913876177650,2,2.0
3902457058052956903,2,2.0
6079074488825892590,2,9.0
8652661386785174662,2,2.0
1507586436486770863,2,4.0
3841093025664084318,2,3.0
5832294941282480366,2,3.0
8142110705687166572,2,3.0
4171578171469755977,2,2.0
9214554718186235166,2,2.0
14533586422112252927,2,12.0
18261700806590084275,2,32.0
3189461814036572841,2,4.0
470464999177943541,2,2.0
2936044826006677179,2,32.0
2581950917733310303,2,2.0
5329102270877758293,2,4.0
18297227671803065264,2,34.0
1848616637849880761,2,2.0
8995586900545679327,2,21.0
5162295333519729951,2,4.0
4272042871647907,2,2.0
8805382818566773223,2,7.0
3927000232718321781,2,3.0
13522066117191003326,2,14.0
3690598640261392001,2,36.0
8295413324719926398,2,21.0
15450995318855020166,2,2.0
11579879047383690338,2,2.0
13246157780749524211,2,36.0
8620153680873436877,2,11.0
11720301548951477880,2,2.0
9423331530240793072,2,3.0
4824578917719198156,2,27.0
3861428165302386760,2,33.0
12302730125239726970,2,2.0
2090720762044721408,2,8.0
16523585321021604125,2,10.0
6650018927383192120,2,2.0
7088691955159672571,2,4.0
13644425736978018478,2,2.0
8481730441354286063,2,15.0
1790482237601987636,2,5.0
2859939442584704343,2,31.0
1298921437640391788,2,2.0
11671477318726587062,2,3.0
2212195079026229577,2,2.0
16495442739034588433,2,2.0
2362744898568153430,2,2.0
11076512776433676868,2,2.0
12286937828091980248,2,11.0
307578168579983648,2,3.0
5660994925391378230,2,3.0
15175359903218819800,2,2.0
7293520446692542835,2,2.0
14386069126842753104,2,2.0
5756567150988461024,2,2.0
6126059925319893815,2,2.0
4426855312064356645,2,11.0
9007483505682869464,2,2.0
17260827943201941971,2,3.0
12037775801268252400,2,7.0
14131437573405270022,2,4.0
15273602174241254153,2,7.0
1504306317173352025,2,19.0
2800896231482344822,2,2.0
6824288752300094937,2,2.0
13515040337166243601,2,2.0
16041835297578436838,2,2.0
16342616584514006531,2,7.0
15875997353956114853,2,2.0
1246948245686457666,2,2.0
9622000989852937450,2,4.0
161479584073710817,2,2.0
8017111152242128400,2,2.0
10732477937525115243,2,2.0
17335167981627246315,2,2.0
5282541719845112551,2,32.0
10098396443621752535,2,2.0
969389646630774535,2,7.0
4518151849577924686,2,11.0
10613029707669877406,2,4.0
8202221934763634944,2,2.0
5566489970202737013,2,3.0
2007825268386602514,2,2.0
13517038879349235415,2,3.0
13082343366900948604,2,13.0
9915896981542298847,2,15.0
1637691046333912485,2,2.0
16179963036047509353,2,4.0
2973486927892606207,2,2.0
4564254484065425710,2,2.0
17625230519645694033,2,24.0
15892973127714867703,2,3.0
9518329514620568554,2,2.0
9696370480207502343,2,8.0
7210151245875598965,2,2.0
2088368248857165440,2,2.0
6375481744185464221,2,37.0
8061020174614202437,2,90.0
3357565906047438518,2,2.0
18077147597623027410,2,48.0
14532952655855848827,2,3.0
12001838744943845896,2,2.0
9164727385221324473,2,3.0
17305816549897836668,2,2.0
8996003114862082260,2,2.0
8511657404664153093,2,2.0
7414791497788214205,2,2.0
5921392789709493651,2,29.0
1759801692508394423,2,11.0
5155486541205336007,2,4.0
5565642423802900789,2,3.0
8780227873966969982,2,13.0
16650487462524236925,2,12.0
11200387997388709905,2,6.0
3530644705554444354,2,4.0
8500593405806894449,2,2.0
6882845313744808833,2,2.0
17107003936154415297,2,2.0
13287116225837563152,2,8.0
3050261549426423047,2,2.0
5184348304897211819,2,2.0
9072917484940087562,2,38.0
7872870815199106210,2,2.0
11560303685883624985,2,31.0
7240986999292097665,2,5.0
14288217103346456871,2,2.0
10168866539523737059,2,7.0
9547246351650495055,2,2.0
10440994614878585882,2,3.0
2959443212415568794,2,3.0
11965020696622344454,2,2.0
9582590006339407190,2,32.0
16362542055930292733,2,3.0
13535722886589880669,2,3.0
2794997008011884831,2,2.0
3578689266305172517,2,3.0
17858516321313121064,2,2.0
12064130106489881736,2,5.0
13541561626601146336,2,2.0
15721246377568399831,2,2.0
1369740050876106710,2,2.0
13241342207805075607,2,3.0
3717593507442768267,2,5.0
5387936141990233336,2,4.0
4755157184028471630,2,2.0
13848368761469484034,2,6.0
9479819664802313952,2,2.0
8947070142093055139,2,5.0
3025649685194300727,2,2.0
10192210585370022930,2,22.0
16418149621731136528,2,37.0
12998693512351013167,2,5.0
8480616502538339801,2,6.0
1434077014062713667,2,2.0
14709316014257704478,2,2.0
869654190613683066,2,7.0
10257007501208486486,2,14.0
1642364501567852123,2,2.0
11233736581077353545,2,2.0
9879612131469960083,2,2.0
3272123148727737028,2,37.0
13189968720660349308,2,2.0
12958204633857414853,2,2.0
5772743993707425325,2,2.0
246356989689316729,2,3.0
3304307350500709024,2,40.0
5461062489738304421,2,36.0
6361325410395432991,2,2.0
8135849217272728,2,4.0
9538649037904849932,2,9.0
13227706877816037134,2,2.0
16470487530424372362,2,2.0
10263161616047302370,2,2.0
9930592188009616747,2,4.0
6400500525561221534,2,35.0
11346985559393504489,2,4.0
14819506803232590792,2,9.0
4734027450165561094,2,2.0
13458300945236739800,2,8.0
12859130571850723493,2,3.0
11411594480643789578,2,5.0
15030953234792082039,2,3.0
9642416273739182792,2,12.0
12140847057560273155,2,33.0
13599243525853038630,2,5.0
14649450930263188294,2,3.0
8983880633732080970,2,6.0
1110848862063681481,2,41.0
5893650386798042888,2,29.0
16361904144849002684,2,2.0
125155672243534424,2,2.0
11921938586188281432,2,3.0
14932853610994836678,2,5.0
3154734638025240533,2,3.0
9025498223138795366,2,5.0
6142281366428645409,2,13.0
17391341841882005136,2,3.0
3619563173940697356,2,3.0
10855949171882110632,2,4.0
2874016438573535134,2,38.0
14433054822077241694,2,5.0
1919793747005443765,2,17.0
3770538166835486056,2,13.0
10683131925930806695,2,13.0
5868279143032128035,2,3.0
9141909595005443118,2,2.0
16210414003877618802,2,2.0
4994910129727755235,2,3.0
5979444052507065902,2,22.0
3770357783926976877,2,6.0
8386187950168262585,2,36.0
14790847176742798280,2,2.0
13035066401130943040,2,2.0
17949491287307249510,2,5.0
8925302609343347051,2,3.0
9657843123120889785,2,6.0
17134514704395838675,2,2.0
17729873496173218009,2,3.0
5333352866808682229,2,2.0
16446976889219791596,2,2.0
3597115246490910431,2,3.0
12228691072417273157,2,30.0
2822815459974667524,2,3.0
15357754834114214360,2,15.0
6765534756715293706,2,8.0
9261777014100169708,2,6.0
5769000399903936147,2,3.0
7594808888134819916,2,4.0
13733509581643894398,2,3.0
15927676468029566122,2,4.0
13071767814488927727,2,14.0
14497936156664992161,2,31.0
8773745999353082941,2,2.0
15047660435870118320,2,3.0
11625790507069821420,2,2.0
7367080831897825383,2,4.0
13393213569165769725,2,3.0
7646589074026956395,2,2.0
6436585301544215696,2,3.0
6449183739048155419,2,3.0
5662266011051640485,2,2.0
544793193949157253,2,4.0
8267730388945880536,2,4.0
11282758206453765573,2,2.0
7404405871278393952,2,2.0
1866640490358506586,2,5.0
16385408808271132844,2,3.0
4780465682128422264,2,2.0
3381363508409098054,2,38.0
6864761834038281453,2,5.0
17936879426967478663,2,2.0
11771380753759945008,2,3.0
8604023751522702799,2,3.0
5868894367323280183,2,2.0
15653363546482717934,2,2.0
8958622907716287285,2,11.0
236734247629818970,2,4.0
9543272493323440078,2,2.0
15710775486259916272,2,5.0
12888160930986541770,2,8.0
4431882315072832173,2,30.0
16045826913033807013,2,2.0
1138658685332255708,2,2.0
8108354045646787875,2,2.0
6444656336808158033,2,2.0
13220044388201632526,2,2.0
13619977915027031674,2,9.0
16434832942520211628,2,2.0
9613393146369662265,2,2.0
9448687383918270579,2,34.0
13096809110055707139,2,4.0
6256300811583795854,2,10.0
4396194834990591003,2,2.0
5459463645106085699,2,2.0
8860824696274690607,2,6.0
13915487353021792173,2,4.0
17741685326423593669,2,2.0
11465622123808596826,2,2.0
13302559428966727984,2,3.0
13150576788797615127,2,3.0
3172868616185483151,2,2.0
7659177218020474870,2,8.0
3251244738676142760,2,2.0
5307820803486666603,2,3.0
2549294340180754383,2,33.0
5242854107154973579,2,9.0
4667414646218470534,2,2.0
17317343202648316316,2,33.0
8209914743467933207,2,2.0
5503673090323305200,2,2.0
16204788827637393373,2,13.0
15241845880444128339,2,2.0
8797445345106158475,2,3.0
14892323748313761402,2,22.0
15629278591818224179,2,2.0
17985413494069765103,2,2.0
5529666959313164623,2,2.0
1511723499134836519,2,2.0
3865366489414412421,2,50.0
9880930413203107138,2,32.0
6708246620458274875,2,6.0
1967735495287608432,2,3.0
6504522553858651807,2,4.0
11772434834444183165,2,34.0
9820476657938120892,2,4.0
7396926142496085976,2,2.0
13581932393652434543,2,3.0
17133134467052683151,2,16.0
5142485547914943155,2,2.0
9855707465994419625,2,5.0
7129155248040111275,2,2.0
9739595298975513560,2,8.0
3684166043098050359,2,2.0
1545342564112062801,2,2.0
749899786374025037,2,4.0
4226004258435651346,2,10.0
8977850965901587037,2,2.0
12229882358158043096,2,32.0
6368533245208143544,2,2.0
18254527855023609192,2,7.0
12200522737403599499,2,2.0
8076658144447875082,2,6.0
5828887520725494140,2,32.0
15561455567225174792,2,3.0
14073355382333011062,2,2.0
11637611644270182251,2,2.0
13837131420640628510,2,26.0
765468523472932168,2,34.0
13712126294512103999,2,2.0
7123529081424772028,2,4.0
7906089140315601469,2,2.0
3435607333571508763,2,3.0
3970815624327977440,2,2.0
5762581700307815850,2,2.0
2248880071132298261,2,8.0
2332167744953109778,2,2.0
14504445777827697416,2,2.0
9117934764217158052,2,2.0
5238410060243372259,2,2.0
9761677419376355129,2,5.0
7940514341495627173,2,2.0
7719258705947639142,2,6.0
746358146112031342,2,3.0
933442740074945755,2,2.0
5130117515989535352,2,4.0
5729851276368627239,2,5.0
7169739484723615455,2,5.0
2606861126082345306,2,2.0
6785934594741272176,2,2.0
2492213889341311301,2,4.0
10173953615930420150,2,2.0
6818285818842579134,2,2.0
14999600890225479189,2,3.0
13716615363907540912,2,2.0
12155011945538376146,2,2.0
17403675204477213672,2,8.0
4066151667845724195,2,7.0
11685524146117223106,2,2.0
9339001177754602587,2,4.0
6028374020039472578,2,19.0
17270212297811823237,2,6.0
18186945888130996544,2,4.0
12397866149567406986,2,30.0
3693434666734673741,2,2.0
12388992715414961286,2,8.0
13138879860802413105,2,2.0
7531845707100929843,2,2.0
3736345710690531545,2,3.0
2428819447366930449,2,7.0
1880787407081536077,2,4.0
8772066652597505990,2,4.0
2386040469933578523,2,2.0
738269178002370381,2,3.0
11019778399921833961,2,30.0
16149808845316088025,2,2.0
8014196688402330763,2,3.0
7479110456849602668,2,15.0
1683261976129747308,2,6.0
15158366463463166801,2,3.0
17873723790080909899,2,4.0
4150787654834715349,2,29.0
16463242032363273496,2,2.0
9337646073070352413,2,22.0
707408462515404591,2,5.0
7244230824925138047,2,41.0
7424718152682342061,2,2.0
14657846816341712675,2,6.0
2941379816754846737,2,2.0
8168609900834206007,2,2.0
15359264687383474113,2,2.0
10179239279160216485,2,4.0
5625767262479172498,2,2.0
910541669440793677,2,2.0
16055362501523956537,2,2.0
13727783224222835148,2,2.0
4595917200356635491,2,9.0
8447004991524197227,2,4.0
6432587945477587270,2,2.0
9971801975356534549,2,3.0
4782366077675183014,2,13.0
4480558962684942375,2,2.0
4688788885396851253,2,2.0
16806454438266259275,2,2.0
13786985560173022531,2,3.0
9629606552078510920,2,12.0
13374600260888843692,2,2.0
7698338820949284348,2,3.0
1440012062956455861,2,4.0
8956671932168866950,2,10.0
5518535408416638137,2,2.0
7838760869830467033,2,3.0
12425538557373155155,2,34.0
3500614463042529541,2,4.0
6063873000352919067,2,7.0
3281527305950448385,2,2.0
9197476154220487916,2,8.0
7479269592982377749,2,2.0
860109345924346882,2,2.0
263268860036540898,2,28.0
5656599097125998577,2,5.0
7698311070447071950,2,35.0
12113026658280050612,2,2.0
823360004346335232,2,3.0
15871302884712697807,2,2.0
9276450013748184999,2,2.0
6037101205905034615,2,2.0
3916819719201251942,2,4.0
9654211604260263078,2,4.0
10709361924146170268,2,4.0
6044552532872388966,2,3.0
10055816990404475749,2,2.0
374224500152580393,2,4.0
6370704602389488233,2,2.0
10937927711435217482,2,2.0
13736267849378926583,2,15.0
1050894604059431602,2,2.0
13582508139186459628,2,2.0
11460081444181114482,2,2.0
13320281938120270167,2,14.0
3660483146959472672,2,5.0
3580172667084207879,2,2.0
17011556347782464719,2,33.0
13142529251786363286,2,2.0
17042225529735857769,2,4.0
18219255071926395656,2,7.0
1093810730749224898,2,2.0
6289418501240332918,2,2.0
18232947949505945319,2,2.0
9896933489024868619,2,9.0
3884414781136814849,2,51.0
15735534450084187832,2,4.0
10074316515955308566,2,5.0
5983142849837397308,2,4.0
1537057501936269840,2,4.0
18423514552817700322,2,16.0
15734678749764366658,2,7.0
11242377910284782201,2,3.0
189313185429115897,2,29.0
6513504439912147650,2,3.0
5323452040212703565,2,2.0
14690421455133156173,2,3.0
18338584783616281777,2,5.0
7522760948634371118,2,34.0
11131923503326186265,2,3.0
7932003231417752175,2,2.0
2699419983236477238,2,5.0
12839642886440444175,2,2.0
8176788371116865711,2,3.0
4018357075543417814,2,3.0
7606404889198024525,2,2.0
17432169219994883400,2,2.0
10702534816910408940,2,13.0
3792675734240754538,2,2.0
9798835877073994001,2,3.0
14952591735075488847,2,32.0
5933014463622757252,2,31.0
9201914277579736190,2,2.0
17474422847899918012,2,4.0
15201618133228044630,2,2.0
1511522943491857532,2,5.0
5519515190654802104,2,25.0
9138076382359176845,2,3.0
15210465645682988064,2,4.0
12958120787882761322,2,17.0
2490726362103454835,2,6.0
16728135194964026884,2,28.0
8771726840992423489,2,3.0
17240938241771978817,2,2.0
14323950178182768524,2,5.0
8171571131265106411,2,14.0
9024666505033748466,2,16.0
10185351922179286074,2,5.0
6061935423682871976,2,2.0
13139479502621390493,2,11.0
1756373437963305468,2,8.0
3130411063912283535,2,30.0
17131326529781823716,2,2.0
9051861080214659285,2,2.0
16522903532146732113,2,3.0
17480670344639826483,2,2.0
11181522578918943914,2,2.0
6712409954822269977,2,2.0
14167658011120574095,2,27.0
14044037710962897983,2,2.0
13659640882619157393,2,2.0
15426553700784195483,2,18.0
5994897154784039612,2,3.0
14357600008428902377,2,25.0
3034728811635450781,2,2.0
183261924605887830,2,2.0
16031307026420459606,2,3.0
4318416211054716216,2,13.0
9742432546534588271,2,9.0
9711766809879688882,2,6.0
2438906734488620871,2,11.0
14192811987616712223,2,8.0
11667842760434511831,2,3.0
13108751728886127850,2,2.0
455576622264672850,2,3.0
14550324764720515460,2,2.0
788376696877321211,2,2.0
924954633003877768,2,2.0
15823540572722522904,2,7.0
4665731003280152023,2,2.0
6598754529185735355,2,2.0
17081978991217064555,2,2.0
8764301513607257077,2,3.0
7434469193138760281,2,2.0
4333962879628684504,2,2.0
15105219665343479497,2,2.0
17066781467149900031,2,12.0
11656460433272000212,2,2.0
4493663860719977347,2,2.0
12375335195171847503,2,2.0
908753536115406567,2,3.0
5261497511662322807,2,8.0
1307340856673544123,2,30.0
16501310914648718944,2,2.0
3724172746380468432,2,2.0
13596041836216338903,2,7.0
286128005576187931,2,3.0
16062085429296240042,2,32.0
16269745427525938638,2,2.0
6997132650259103067,2,2.0
9700338960487306996,2,3.0
18020916703969983432,2,2.0
2305186351997266344,2,5.0
17198060645656250186,2,18.0
8201180304349457576,2,2.0
5850268805225453020,2,2.0
3860680088940172101,2,13.0
1484163858321035912,2,3.0
6677312626222640777,2,5.0
10246512378672384891,2,3.0
6680209274030285627,2,8.0
17046758878818840197,2,3.0
3463687561567517022,2,2.0
18202147818873553735,2,7.0
6859202255090565366,2,7.0
13157696913985995358,2,14.0
10443730347633800031,2,2.0
2010128396267724070,2,2.0
4879990903806881777,2,6.0
9239177725540968446,2,2.0
12659014516037596860,2,2.0
952380734977907964,2,6.0
694749073581967337,2,2.0
6422612689432193160,2,7.0
11657518444711357104,2,9.0
4394947423517815996,2,36.0
14633708434149159809,2,4.0
18197792726172709315,2,3.0
14892803723895618303,2,24.0
9328389992908729348,2,6.0
11995119453437647095,2,3.0
10352255533685315779,2,7.0
785715678049796771,2,5.0
4711470307560815769,2,5.0
2308616590706446573,2,2.0
12588574305246753145,2,3.0
16349434319909917159,2,2.0
13513249080296373398,2,2.0
3144378062574366812,2,3.0
8856124799763501751,2,4.0
6494111885652284117,2,6.0
14614384712182024188,2,2.0
5315685870902619179,2,6.0
16505663031893631464,2,7.0
5211748341628735878,2,2.0
12855660610353518863,2,100.0
5220082266724048823,2,3.0
18225995794225712336,2,9.0
14272028217936946927,2,34.0
11687905170377382325,2,30.0
15558461617353934784,2,3.0
17321043309990699578,2,20.0
1803181025204736703,2,26.0
1148820396713297966,2,3.0
8287053857091457232,2,5.0
15876366012465048514,2,10.0
350181773034639491,2,2.0
1303696775772698577,2,6.0
16327106254632230428,2,6.0
9779752868024312054,2,8.0
3579953879722090929,2,34.0
15035992226409065938,2,3.0
11829273901838977040,2,2.0
7734992581997226058,2,2.0
14754083213778298067,2,31.0
9545942731125603789,2,3.0
3860520392683039248,2,9.0
17580968247640499477,2,5.0
11723537030352872822,2,14.0
4833930135264420048,2,7.0
378546444233614610,2,15.0
6963781953351886819,2,2.0
3486736421287401002,2,2.0
13193243344442716477,2,7.0
12688424782908702974,2,10.0
17549585130104573822,2,28.0
11211982626181886209,2,2.0
1829575763109343346,2,7.0
1830766010194829980,2,2.0
5359125381077712136,2,2.0
12577332860220476253,2,2.0
10182154909440585445,2,6.0
18074114148053798719,2,2.0
15326351563391759818,2,2.0
7893478648805046340,2,2.0
12935921437723872313,2,2.0
6997395197598362764,2,4.0
7051448294384877062,2,8.0
8933585078012488081,2,39.0
16257599979044585378,2,4.0
4757904670200274151,2,5.0
1810979532852950153,2,2.0
18033337566086521849,2,2.0
14860572158041962247,2,2.0
1933809391638674842,2,3.0
14570889340850807265,2,4.0
2228455615084210234,2,2.0
12653401202016978022,2,2.0
866822128624236239,2,5.0
2994644642237978503,2,4.0
11064561680573967025,2,2.0
13113056189407695615,2,11.0
5770016028995343779,2,6.0
8662020258933478107,2,2.0
18209583745277580819,2,7.0
14720744354398874975,2,2.0
10373895737143703653,2,15.0
11853004497837115758,2,11.0
11934705117002710198,2,33.0
7869218341118414589,2,2.0
11414050494593675464,2,7.0
13502853398818965189,2,2.0
3049478092899602099,2,59.0
5769835130411818704,2,2.0
11100651086488856166,2,36.0
1205717129470273736,2,6.0
8667929604162831755,2,4.0
15156840353122348528,2,11.0
15689361716359934773,2,3.0
4928868969575107872,2,2.0
7736716845917322949,2,3.0
4732613674034314514,2,16.0
15790969580560682568,2,5.0
10605565901804608665,2,5.0
10393603340412791843,2,6.0
9871058440533555156,2,30.0
17107111166269095996,2,2.0
7099914864192289333,2,2.0
1987131983415899482,2,2.0
11311840467792330824,2,3.0
1804599997297826797,2,3.0
5866171282851917553,2,13.0
6362529854482049451,2,11.0
17613147535989949955,2,2.0
8117761739166616865,2,3.0
13823822049204560156,2,2.0
8851758389948859218,2,3.0
11892751593840224291,2,2.0
16116368766212553211,2,2.0
14253526829216467791,2,4.0
4499684805894038735,2,19.0
10390095287211803337,2,3.0
17845511470587762654,2,6.0
14088879778609369730,2,2.0
3844817510740599178,2,3.0
14809026733415090039,2,2.0
11261647414274758862,2,36.0
13295731210399732224,2,2.0
7454542363408843574,2,3.0
408175755703299743,2,12.0
751307538674372882,2,4.0
1271770424495520189,2,2.0
729060316886432823,2,3.0
775205858589601784,2,2.0
18150426787454371126,2,34.0
16162975900424613943,2,2.0
6366264501907255196,2,3.0
16085955734150394836,2,34.0
16294684042467087720,2,2.0
5843316132132669572,2,6.0
15403512313133418735,2,3.0
11773792855902727694,2,2.0
9862323134537339006,2,3.0
17882289359599734677,2,10.0
13566715523897368949,2,3.0
3685253591026185424,2,2.0
4962475493961473515,2,2.0
12714916283281680849,2,5.0
16687840565476350371,2,2.0
11529954999684165622,2,3.0
123569413015310101,2,2.0
13585523583948840192,2,36.0
11628731484808990494,2,3.0
4590714748816305804,2,3.0
17513956530312147679,2,2.0
4129047033269662865,2,12.0
1851219240851069538,2,2.0
9847900490598775369,2,2.0
10340719383936187559,2,2.0
3450302760319962495,2,2.0
14540037421706555945,2,2.0
12162793165723506907,2,2.0
15718383562956858942,2,13.0
5616423710672852217,2,3.0
16031884477016261402,2,2.0
8694217510285174209,2,53.0
10774173752631799115,2,2.0
17311407165449862509,2,2.0
10961201386957828312,2,76.0
945030275292208869,2,14.0
159329106128925550,2,42.0
4685338854804716105,2,2.0
18266903076560781691,2,3.0
530633461715892544,2,13.0
12429959552173831659,2,5.0
2174483667117939006,2,17.0
16193481373230683847,2,2.0
14884013835201942568,2,5.0
18133629865370625270,2,14.0
2150144195860838331,2,2.0
15909271304799580577,2,6.0
4011729439277617847,2,5.0
8254405412754238918,2,5.0
1267241295720467523,2,4.0
552974609141213402,2,3.0
18320007761790190382,2,2.0
5876142986285205824,2,22.0
12785734010218833258,2,3.0
14092708184998073765,2,25.0
12073808100463376059,2,4.0
9604085703011751693,2,39.0
2596739256820429546,2,4.0
11859762259093218775,2,2.0
10765740900438403250,2,2.0
11545575948924123616,2,26.0
2136065642799261157,2,2.0
7872463495831766586,2,7.0
17051778986095933960,2,2.0
11995014407649610685,2,12.0
1545028605577389865,2,3.0
14468572054008219483,2,2.0
294388876341920792,2,5.0
461323735269434858,2,2.0
4322047094524951582,2,3.0
6734980239592360035,2,6.0
10413727005793772492,2,2.0
13863011627523296098,2,10.0
16371578642981227412,2,5.0
16820392975245011036,2,29.0
10243824690995666342,2,3.0
12721020460128414643,2,8.0
4314290953792355953,2,40.0
9218650138926360928,2,3.0
7417114136948863287,2,9.0
14202673179292060309,2,6.0
8164276916440670434,2,16.0
7823873175464026782,2,4.0
2945756856982677579,2,4.0
11939873538562127171,2,2.0
2540480472603771955,2,2.0
10261287242990447176,2,14.0
5438295209420994211,2,5.0
384359837465631308,2,2.0
16777864980255843091,2,2.0
12441905822422061866,2,3.0
1428840914108851772,2,2.0
4880921529367763418,2,22.0
1795161350614776542,2,6.0
9521274552927860575,2,9.0
18392832539736104261,2,2.0
1994228168438890793,2,4.0
7966118433506247671,2,3.0
7881017784930004186,2,36.0
8279165988305951844,2,11.0
389032697631857548,2,2.0
14047939753173728944,2,9.0
11836181112177575642,2,36.0
1599026961520035666,2,2.0
17875781596185472916,2,6.0
11476547367259466440,2,2.0
7056883364433334862,2,6.0
9663706201341635180,2,2.0
11477633718469603703,2,2.0
9422981018091933687,2,5.0
17171343628762083122,2,2.0
5928347446503471745,2,2.0
4961735764321924281,2,8.0
8110505268681694150,2,35.0
8978820858792083625,2,3.0
14980174551356868724,2,6.0
12172448421402926901,2,2.0
15203395624533059878,2,2.0
10469242343991861486,2,3.0
4252075733736534322,2,19.0
9788038456758104526,2,2.0
1166696878570564678,2,22.0
8062362800007852345,2,4.0
5400495435972208414,2,2.0
16163194040463764100,2,2.0
16891897263309798079,2,6.0
13451804002986175481,2,2.0
10166443132301375675,2,2.0
14805918070556132309,2,12.0
7310092483302817374,2,2.0
11972101134964170886,2,2.0
18153551944226998601,2,5.0
11797249432343538524,2,6.0
5257461689112770951,2,36.0
7089192690789893096,2,3.0
6225749462370802130,2,5.0
14141284370196435117,2,2.0
11204406862571988706,2,13.0
16268858835012851609,2,2.0
3546353728488105791,2,2.0
14011215933786919818,2,2.0
15457303870642905291,2,41.0
1136564402810776785,2,2.0
1652094026810949381,2,3.0
15280840578551519329,2,2.0
17173645356170023666,2,30.0
11694486180756738906,2,2.0
11093591313612091381,2,4.0
4794943889946470241,2,34.0
959230732482811839,2,3.0
12444635322554598488,2,2.0
8322365985044315672,2,6.0
17843934039574601619,2,2.0
9739763413945236346,2,2.0
12821203526190002503,2,2.0
11038808485138591283,2,10.0
16090027180398554619,2,6.0
17444402829525347457,2,2.0
8898721221028733193,2,4.0
1773718939394025531,2,2.0
15419445137049434068,2,3.0
13831064988318461728,2,3.0
6763784123575221405,2,2.0
14347192291679861058,2,6.0
17363741942207049641,2,4.0
1541279769705030663,2,39.0
850565760484675975,2,4.0
6334236158853944442,2,2.0
10508033321031239418,2,6.0
3361715891962705090,2,2.0
8969979854129808473,2,7.0
5963283233759363808,2,2.0
337620125551635555,2,2.0
9604758504293858158,2,5.0
4956523995954468540,2,4.0
14152366836748866644,2,2.0
16952765799853035120,2,2.0
1151171069597078917,2,4.0
14691814441691884492,2,344.0
2174011779799222092,2,2.0
2995782590398405298,2,9.0
9493183754098028504,2,7.0
17859266480336327302,2,3.0
16246190007732318036,2,2.0
9194474192664604388,2,10.0
5711023057489974697,2,2.0
8474171640856229968,2,24.0
15643254503027316519,2,2.0
1946625161807435748,2,29.0
16050552992394528994,2,2.0
17281566615173833412,2,5.0
3269097689821363009,2,4.0
8139739771465010837,2,2.0
12581700780397979805,2,3.0
2968144783906080261,2,7.0
17021131737357081606,2,2.0
14199998097312753463,2,2.0
13732769159732657028,2,3.0
5357011888758910806,2,2.0
1038720538459487049,2,2.0
7715980011889062151,2,7.0
3236192882457461489,2,5.0
17859956715931137489,2,33.0
4774225069205315260,2,3.0
864040868287898188,2,2.0
6994943362145629961,2,25.0
2775530556129020541,2,3.0
13656566547209481018,2,2.0
17255319356785290877,2,2.0
5139324667139575276,2,5.0
1450507043613712146,2,3.0
15760314491373432111,2,4.0
15949359674941796387,2,3.0
5015520801503939180,2,10.0
16420618673077699100,2,2.0
1679976552063192589,2,27.0
627412836668066645,2,3.0
9338168309122260958,2,2.0
8352004654999155929,2,6.0
13680112737453512795,2,5.0
7459761201603934262,2,2.0
9715477879570055449,2,2.0
15382833660432364937,2,3.0
11455850731411029040,2,2.0
15977623009347951274,2,2.0
15835756436701185127,2,2.0
614594821562794055,2,5.0
14099801888362016379,2,2.0
1472326250718543019,2,11.0
2197863584367115474,2,7.0
18323525456880864427,2,3.0
10424680146221652413,2,19.0
3949742498459553147,2,8.0
17124168564921474014,2,10.0
10810262794326332832,2,3.0
1823079361312091295,2,3.0
44629054456805590,2,11.0
16788005379973242614,2,2.0
14559982630354295733,2,11.0
11465822820859777813,2,2.0
4124574676801600555,2,16.0
264928983750657991,2,2.0
11533673187352861691,2,4.0
16803664008855142391,2,5.0
17189844013143635535,2,4.0
1415674661121121573,2,32.0
2969356252269119723,2,33.0
5467102882839231607,2,2.0
13198344284446173179,2,2.0
3171465577407398689,2,2.0
2932712819616630184,2,2.0
11404898687917676259,2,3.0
4665715151896081098,2,4.0
13070323198342840514,2,35.0
14805657389597070918,2,2.0
12042626048741183315,2,2.0
9002148255821147784,2,4.0
16428050358969267468,2,8.0
8933559187024833641,2,3.0
5757002526393026349,2,78.0
3777823152241459887,2,5.0
11740212845799909389,2,5.0
1598041783405275054,2,12.0
7874313238761253998,2,68.0
17104047100630698138,2,29.0
3795742539812853293,2,6.0
17025467418606269683,2,2.0
11707909046680167849,2,8.0
15729656909159707336,2,6.0
10680257670598016253,2,2.0
10895508672332758358,2,2.0
6649149242360069548,2,4.0
8073637968514475304,2,20.0
9323619870397269769,2,4.0
10546733437491745137,2,2.0
8467959238127026805,2,2.0
1080589222654161747,2,2.0
7699868681026750125,2,4.0
16017847241089089084,2,11.0
6260074511834275316,2,4.0
9593731327027606696,2,37.0
6737946166513787410,2,5.0
14791540693849786116,2,13.0
16542583917143404199,2,2.0
1151322628637887828,2,2.0
2052137139769444458,2,6.0
15885006758642281425,2,33.0
16171382337668848097,2,2.0
16302088121510683672,2,5.0
977255929857501819,2,5.0
281814112454450471,2,2.0
8855048725543104353,2,3.0
3897040286042737362,2,3.0
2223649994402479578,2,2.0
11154480628928248288,2,2.0
15785433902379752494,2,3.0
5694670615555962030,2,2.0
13778166411504840427,2,3.0
16765074015209377252,2,2.0
15607571444329991091,2,9.0
6926612463538191585,2,8.0
13413069782449884744,2,2.0
15090320990767923283,2,2.0
16868465560998150058,2,4.0
8940481225798555084,2,2.0
4931060966764258508,2,7.0
2441392583617320857,2,8.0
1870617872256552393,2,11.0
16132441113691291730,2,4.0
17577270569810818852,2,2.0
6852716018058807460,2,33.0
9203138521067692704,2,3.0
2168396399750290549,2,2.0
4640938897713005072,2,2.0
10825514599315896413,2,3.0
13438240989519654869,2,22.0
12536078584042278749,2,11.0
3784431302463929379,2,2.0
3702707266516916528,2,14.0
6418902934196569489,2,2.0
3105869344325998836,2,2.0
10319474133668527388,2,3.0
4093217633794274064,2,14.0
923307476223273668,2,3.0
16663902872589198710,2,7.0
7970090718462742146,2,3.0
9430681263975113173,2,2.0
14772823170008083239,2,2.0
16241249912354864247,2,2.0
709105059405484057,2,2.0
11784284687822503866,2,2.0
13318496732841801166,2,22.0
15464764037545945422,2,10.0
13347028147281820622,2,7.0
14248481017868510266,2,3.0
6241619822303517037,2,34.0
14927941875054706281,2,3.0
15798630696726177409,2,4.0
745405565686772630,2,16.0
12010831017375849755,2,3.0
8350894383051380958,2,6.0
9516909574397852773,2,2.0
8500266204117370096,2,2.0
2383328459751523037,2,6.0
14139892757125456227,2,2.0
11326725571213544619,2,4.0
17922532097659197238,2,2.0
7663982887739869502,2,2.0
16141421464403643444,2,8.0
3398077333989560441,2,3.0
3792303189601659024,2,2.0
1443495111517023866,2,2.0
16828927690486024609,2,43.0
17658630796224257210,2,2.0
15060942764695112257,2,5.0
3976244341584845302,2,33.0
17018232321701547186,2,2.0
7867152391825495729,2,4.0
594840150139950786,2,2.0
13491087281184680530,2,2.0
3779407685350217933,2,2.0
12343243504675295573,2,36.0
4026977383866930349,2,4.0
2251131740395628588,2,5.0
13247058406597143186,2,6.0
2883989859624897890,2,2.0
7557804054091551566,2,2.0
9141892424125023368,2,2.0
13512010354315767303,2,2.0
5898704726515548445,2,4.0
14397395960791108084,2,3.0
18369363617495333329,2,2.0
5571688947030104995,2,13.0
6462142285860583094,2,14.0
18391537648907246725,2,3.0
11654084997098938908,2,2.0
5171738272824572856,2,2.0
2084348290333066969,2,2.0
12566832472622966945,2,8.0
8771401637270055624,2,6.0
2348058035224237411,2,5.0
2401246755532560477,2,31.0
2181069334916357873,2,16.0
14978194262077974204,2,2.0
11841735585782849152,2,2.0
8333031934094165570,2,2.0
13430430398960424784,2,11.0
10510604638097032850,2,14.0
8094863650615137661,2,3.0
1035166367326773768,2,3.0
644035836487712051,2,26.0
9694582335692464118,2,7.0
7785038885968015304,2,10.0
6076794649750757673,2,2.0
15073404731522463958,2,29.0
7135528321313061102,2,2.0
17080469143368730662,2,3.0
14914489507065707308,2,2.0
17907639828989449854,2,2.0
1700772020568966884,2,2.0
1855616862386329676,2,8.0
12369767926888422020,2,3.0
79662758011632742,2,2.0
10438140192272212510,2,2.0
3747459585984565196,2,2.0
17087799784041965936,2,32.0
15030695487633158946,2,2.0
3378466615948141935,2,7.0
547479933306740487,2,3.0
8184349557466308542,2,3.0
2715439260337589973,2,2.0
9021159362600184160,2,2.0
12974218277804010997,2,30.0
14336005214104571364,2,20.0
13516664013471539395,2,6.0
4051382995523643529,2,2.0
594366907148254559,2,19.0
5344531362100008769,2,2.0
7225745120704697238,2,6.0
1351520945752941963,2,3.0
14654047070520307455,2,2.0
15881521789436763076,2,6.0
5160527141379674613,2,2.0
15577151614170891058,2,2.0
13708097880791066579,2,33.0
6072203049465840141,2,2.0
16035296506462054019,2,3.0
9223100206345205242,2,2.0
14737815963107555583,2,7.0
6213134612454979716,2,2.0
6289445249459388106,2,11.0
928068852940205296,2,2.0
4613333585767478328,2,10.0
11703441627004079189,2,33.0
4855800743899664477,2,4.0
11748849281600174609,2,2.0
3330459053424105853,2,5.0
12920431825641718035,2,7.0
14697522373139426707,2,3.0
15064641281295715593,2,2.0
4590030485119830832,2,8.0
15659382078517785522,2,32.0
5963547120005694629,2,3.0
3011358486841976779,2,2.0
13204668554696742964,2,7.0
195179722145479557,2,13.0
3409610337307298819,2,7.0
17537135980896434017,2,3.0
13136577251171019244,2,36.0
6487091253397508123,2,3.0
10382994782400848306,2,2.0
2616779623438501604,2,2.0
12596394808838467308,2,5.0
12882260475635639220,2,2.0
16050750550531171214,2,4.0
17415451190370392922,2,2.0
15090817555989212661,2,2.0
12235769113088586340,2,2.0
16346055766202499099,2,4.0
9647782694323158832,2,5.0
6107290116741111774,2,2.0
15143978611154758134,2,36.0
14537424053666154947,2,4.0
14147951997393792339,2,3.0
4500552816751814615,2,2.0
6670474915610821983,2,5.0
12768327385962994100,2,12.0
8027936570364912788,2,2.0
4305192883136434501,2,3.0
12377269378978590863,2,27.0
4049405139687597434,2,6.0
10575992062060917207,2,7.0
346969627342133164,2,2.0
348085290553376720,2,2.0
15512027934716828962,2,4.0
14554684750699032719,2,31.0
18352819599080488579,2,2.0
13152502812052092257,2,3.0
16225804558868397437,2,2.0
14261009429538257254,2,3.0
16826062051586260008,2,2.0
5203985942351458969,2,9.0
7157039928763321667,2,5.0
7660102037930650622,2,10.0
4984944670920767033,2,6.0
14445868311628980386,2,32.0
8803228454687390771,2,3.0
2768361742962954538,2,12.0
14526622641775647309,2,5.0
7093087571588932781,2,7.0
15583339296039741425,2,3.0
11329805615001287607,2,2.0
9799407595423491798,2,2.0
17652940892232853076,2,3.0
13554162169191739482,2,94.0
365967993336372318,2,2.0
14491802779765914621,2,2.0
10152465645378544300,2,2.0
5366134068113217616,2,29.0
4435970335440677430,2,2.0
9405265584675936496,2,4.0
9716738680943633533,2,2.0
10036157688760184040,2,2.0
97087559832902093,2,24.0
4433718652030113232,2,2.0
14524260370877995735,2,26.0
296623472729075741,2,3.0
14800900194576838480,2,2.0
17313304252606717655,2,2.0
17237105349954604499,2,29.0
12900393842726324069,2,2.0
13752399575137532382,2,5.0
4479844773811500649,2,4.0
12085176834369113113,2,30.0
17403342150079960203,2,44.0
6096452641270055416,2,19.0
16484346299802456809,2,2.0
2111928193007616737,2,9.0
8557600057284590785,2,5.0
15145164635884203592,2,3.0
4090527211636918909,2,7.0
1853774543872276926,2,6.0
15206878691104398353,2,8.0
14687067552680037075,2,7.0
14511084413032956394,2,25.0
13809633277292843578,2,16.0
16192325802013843902,2,5.0
2435786563403381919,2,23.0
14520270560533653776,2,4.0
9669463966863334829,2,2.0
15839466389790652768,2,9.0
12957662397155757945,2,3.0
2941543922593963023,2,3.0
10632700775663239857,2,2.0
4265429330037370803,2,3.0
17921443815644774762,2,2.0
10905681370107467354,2,3.0
13642731746404305104,2,5.0
388755568655384267,2,14.0
1347655121014324047,2,2.0
294935162171933708,2,2.0
2106403740088765006,2,2.0
16905507639307188567,2,33.0
5567263647161030925,2,5.0
10139727041309681904,2,2.0
13766587352145611100,2,2.0
16636526350595006469,2,34.0
6037302553590662367,2,4.0
12504562890595706204,2,10.0
9527135385286730636,2,3.0
8810243285850081989,2,12.0
6632666518273836369,2,2.0
9687905229554396125,2,2.0
573219275024575034,2,2.0
5955418021317089796,2,5.0
12270023068474213171,2,6.0
12887287361961496728,2,5.0
14269677852608174421,2,2.0
3876170087507321127,2,14.0
15441955518393376890,2,33.0
13260260989870010575,2,4.0
5412415315142046593,2,2.0
6297727232848722627,2,32.0
13324495581857480777,2,4.0
3501730360875884499,2,3.0
2281233113901808435,2,10.0
1301628565068252469,2,10.0
15348922213316285766,2,12.0
13157202602310055104,2,6.0
8316310551608486045,2,8.0
6431505652823486516,2,5.0
7999331592743375150,2,4.0
4706116466336391630,2,2.0
17949402162796351538,2,3.0
16173940332865505386,2,3.0
17674661013591247786,2,2.0
2134433773789853397,2,2.0
6743243032502491895,2,4.0
8267521281133516492,2,3.0
8206746225199038654,2,2.0
15586291416718069724,2,3.0
2849575484730961512,2,9.0
7579392406613711337,2,5.0
9193560664474207161,2,6.0
1067404926940813857,2,2.0
14787374233374876008,2,36.0
1030474781343863693,2,3.0
2206586230111450549,2,7.0
7109927969596512250,2,17.0
14240449240013762660,2,32.0
12913957607768736903,2,4.0
18414694123962294472,2,2.0
6296650988122628704,2,2.0
6221622539031177282,2,4.0
8211127348548978249,2,3.0
9363756833057507059,2,4.0
15937179254125359637,2,6.0
12093620619166165361,2,2.0
2863088090439851860,2,27.0
136208809107267855,2,9.0
3298964685597768797,2,5.0
4994222673994686067,2,15.0
7433731912076617312,2,2.0
18417798907377130186,2,3.0
12419486804918652427,2,38.0
16435674575275636212,2,3.0
399920950240097371,2,4.0
9618718020393911588,2,2.0
6051277156458130477,2,4.0
4974418956491158684,2,33.0
9033752927623411020,2,8.0
3423247743099636258,2,2.0
17444652324067780918,2,23.0
3433429783947363642,2,2.0
6965159461032862676,2,14.0
11794153803735356161,2,2.0
17449058279956894411,2,2.0
17584437707409847794,2,18.0
14529893402953967726,2,3.0
3312467508948178784,2,14.0
15057025023987698918,2,4.0
13111678609670964197,2,5.0
6924644742921840838,2,2.0
3359855248380592138,2,3.0
2314021575956840307,2,19.0
16226606027414531921,2,2.0
956226434505991520,2,46.0
17264405613864495462,2,5.0
2568230571503831950,2,3.0
9059191609772018547,2,2.0
18349216974232908279,2,4.0
16380130117101836731,2,4.0
9289704365962579688,2,32.0
13961010479143344165,2,3.0
18351077837642117536,2,3.0
5803439799364459835,2,3.0
671387355265855749,2,2.0
10839938394389679756,2,4.0
2291674822175516200,2,18.0
5872787227092235450,2,31.0
10513451062904213858,2,3.0
17508583029107470480,2,2.0
16037103006978107516,2,2.0
12451599841722991843,2,9.0
2876297722288493543,2,7.0
10849767257041150694,2,2.0
17027508918550298600,2,37.0
15766429024027213944,2,6.0
11339988972194112569,2,4.0
4553156787898687669,2,7.0
10418685082164576231,2,49.0
3557153894882673881,2,3.0
14877936824347150614,2,6.0
9451436638262876569,2,2.0
17479263962500171567,2,28.0
2173424018990066328,2,15.0
12406915030563496727,2,2.0
18005050728679798135,2,30.0
3028058207403607681,2,14.0
9013904088562651014,2,3.0
3571584440303682797,2,5.0
10474884626873882949,2,2.0
10181115341089725653,2,9.0
8761123284993673186,2,2.0
482269544006489377,2,7.0
8007904354553745589,2,3.0
5055586658617202422,2,6.0
16488129343902720439,2,3.0
16525010611824861025,2,2.0
10094562018451497605,2,41.0
9637564466325321349,2,31.0
7967508057488190636,2,9.0
16357324228708446277,2,4.0
3792691001298705559,2,3.0
17529187697031496880,2,2.0
5678422914700647846,2,6.0
112706491345392217,2,11.0
8312285270506649408,2,3.0
14006869041769646584,2,3.0
2945141294661595176,2,4.0
12270460848070380258,2,2.0
16302243807614937942,2,3.0
8680657223118479931,2,2.0
15264816256592130241,2,7.0
5458760401677477514,2,10.0
13979272420541227319,2,18.0
3976610833296393768,2,2.0
17919949237073784061,2,2.0
9564273876065043954,2,4.0
6638770812524978388,2,9.0
2312626608806889943,2,3.0
3142294125122782477,2,2.0
10949975342078785926,2,10.0
9898054080662065468,2,2.0
15367147897681836084,2,20.0
9100488010285094178,2,3.0
10089775687965629421,2,2.0
5374386131405179977,2,2.0
17389907476669340396,2,2.0
7698582757350335486,2,12.0
15219157852924076338,2,2.0
13673484629369637011,2,8.0
10850367615299560713,2,2.0
13845403055702157190,2,9.0
5214135294569959278,2,4.0
17172079608354051734,2,22.0
2238333716093984297,2,27.0
14091832910421565854,2,2.0
16183491148012020990,2,3.0
10810321205142355572,2,11.0
17278104958024644847,2,15.0
7071287943485396256,2,12.0
18065825394037203780,2,2.0
10731231795996558819,2,2.0
15578446832407738417,2,2.0
7305602078049333615,2,8.0
5229304269659687180,2,5.0
6314540556183426548,2,9.0
4100151131688160978,2,2.0
3045729719474254879,2,2.0
158113764903639044,2,97.0
6171372033051751270,2,6.0
11087382878150926260,2,2.0
476587988354429941,2,8.0
11278886951465476396,2,31.0
3638635137462528888,2,3.0
5770573052405833857,2,8.0
8713788282457170069,2,9.0
17718850596240100133,2,2.0
8380393269091153381,2,2.0
3953483700398832027,2,2.0
4512438971408128394,2,3.0
15531239473059376785,2,12.0
17123586596797710634,2,2.0
7256308321687944998,2,3.0
5335587737578127503,2,4.0
13494938148543408624,2,3.0
2800754044004989793,2,4.0
15863149567507132111,2,2.0
12172252462016845627,2,2.0
13038651136456653849,2,2.0
3901207344336671267,2,4.0
2624370060268848592,2,35.0
16634931370329051539,2,2.0
18223288720362325620,2,2.0
2700437335779559505,2,5.0
2464292661299836226,2,6.0
91395804908524423,2,12.0
14728868225526402331,2,17.0
10824670901003273708,2,12.0
6400590184616976097,2,2.0
12327319279601838622,2,2.0
13268552063741242471,2,4.0
8133454611455602595,2,7.0
3405195938914200631,2,2.0
10950983439644790475,2,12.0
1644854754153978382,2,2.0
13216149787868534644,2,18.0
18131386669674947606,2,2.0
5792933003696330465,2,8.0
17079124995641931262,2,5.0
1207713319343983727,3,65374.0
8787723674470289295,2,17.0
15981879930692204594,2,3.0
1277593626705932888,2,2.0
9189202132952112992,2,2.0
3568403875216414819,2,2.0
7007565743305564310,2,2.0
11454978786181354676,2,40.0
8850507689727671319,2,2.0
12399693953544072285,2,5.0
7572124120392476915,2,2.0
14026192777402350507,2,526.0
10219658915348650801,2,2.0
1703394106583347090,2,2.0
859736809106970322,2,2.0
5234340489283915704,2,2.0
17784619224115017772,2,9.0
3831351241563895593,2,3.0
14633343004374286225,2,2.0
12539997806598655172,2,3.0
11515475759118663199,2,26.0
751445435701160787,2,12.0
13660476097267374609,2,4.0
12331415899798790715,2,29.0
10963167453677192064,2,2.0
115271897282713885,2,27.0
16667820142799819338,2,2.0
495801660972430755,2,7.0
5347036740014190445,2,3.0
9460567190316279704,2,2.0
12294986321242222714,2,31.0
948987833495678966,2,2.0
11021291418246900686,2,18.0
15613518102585714253,2,7.0
2430509360913911396,2,3.0
10712491454757066884,2,4.0
350161092235341435,2,10.0
1794501045656714836,2,9.0
9040972244254407545,2,2.0
4462017108518157744,2,2.0
15286607575044203538,2,24.0
12663000438616452451,2,4.0
12209377775676470501,2,10.0
4312784181563908128,2,15.0
10045161300194703874,2,8.0
2354010339784240914,2,3.0
4782100811824722122,2,4.0
15574202401858542165,2,2.0
9449041469693438098,2,2.0
3841299484378637008,2,6.0
7846778582833841648,2,14.0
12316243485761137360,2,4.0
2673023483644252478,2,3.0
12242503227679048392,2,3.0
11050207166767908373,2,2.0
3154065707199777700,2,2.0
11426249785305970929,2,8.0
12063478617493269061,2,3.0
18136853210098246796,2,4.0
17201932130411704421,2,2.0
13869237720487316629,2,12.0
3712938476032643876,2,4.0
17697743274069033799,2,4.0
11791942101259113456,2,36.0
8779684024877610555,2,8.0
8114258984965756830,2,14.0
16910857618084643149,2,2.0
4549289075955779373,2,6.0
16827454640829704407,2,5.0
2611954140471010281,2,6.0
7201651005238142177,2,2.0
6354708442611473271,2,7.0
9728600798160525803,2,2.0
8104870664397048968,2,17.0
10436648963001503671,2,2.0
4876784718186910347,2,59.0
16328037284601371393,2,3.0
13582290037240351215,2,25.0
2107721900260371820,2,5.0
14711363730572156978,2,10.0
14604767422666809952,2,2.0
17986547059946208961,2,2.0
11877906870596161863,2,2.0
15551621191634398584,2,3.0
2408337588303302498,2,4.0
17437423352646638979,2,2.0
16220732463925836662,2,2.0
9541125486495045340,2,3.0
928250040299195890,2,33.0
1406610737875766874,2,2.0
16066587773642798449,2,2.0
15208708390380879071,2,4.0
5870129130381918561,2,4.0
12582586881946755583,2,11.0
10893144882667877119,2,12.0
16172940015974447294,2,7.0
10567434396893489782,2,2.0
1191105974223568684,2,8.0
3645413897663271355,2,2.0
7137340120393908203,2,3.0
5966661364619163563,2,2.0
14998855676806485939,2,2.0
8565761196102098890,2,2.0
12460490670571840594,2,4.0
7568626950869688981,2,10.0
13945788802488643571,2,3.0
11642026362069028118,2,3.0
16530394813448012277,2,5.0
12361637481454220982,2,28.0
15280595387198862624,2,4.0
2589559273304490211,2,7.0
12503491771775940014,2,4.0
12571869006334267875,2,2.0
10381038645846341844,2,20.0
2150733859758770771,2,4.0
12932186661563851154,2,2.0
11367864534890424733,2,2.0
11965551850764673500,2,4.0
15592587052126136541,2,2.0
7172177937976177262,2,3.0
9084164764742599711,2,14.0
12182208497031857572,2,13.0
16756320310864455928,2,27.0
16589817024405803635,2,3.0
15234042145310590995,2,3.0
9196162766788931480,2,6.0
10808708327701040091,2,2.0
6669437952533163335,2,2.0
7898742291577993080,2,4.0
18311833280134573880,2,27.0
14439901564876122801,2,3.0
816959961238743050,2,3.0
6993262165248200327,2,7.0
17357981644390058140,2,2.0
18140025663802071131,2,4.0
6116699620287549512,2,14.0
9189220818303315630,2,3.0
16515308536151045672,2,2.0
15462340453124096482,2,2.0
7025579301258428398,2,2.0
6283803177275855522,2,17.0
13486031162935236377,2,3.0
14042239553369415205,2,29.0
11817027088281807669,2,2.0
12992528027622545193,2,4.0
1373225973964955727,2,6.0
8247333602531081161,2,18.0
2406774006871896257,2,2.0
21569185745968887,2,9.0
7205415638448552458,2,12.0
9142245880024807087,2,22.0
3927558098828481676,2,7.0
17587936277885558870,2,10.0
786998276631857724,2,4.0
2591374697206162139,2,2.0
9217711472395412867,2,6.0
7188349521103652435,2,8.0
12814058060575128851,2,3.0
8171105996156473393,2,18.0
1186725069249846851,2,2.0
1513759691537352855,2,2.0
15997143545681045476,2,3.0
5996837958428224797,2,3.0
12284386252991733398,2,3.0
12953996467480313952,2,2.0
5354412634997736063,2,4.0
18335849055271143175,2,2.0
18016174926644172917,2,2.0
3268277470562746655,2,2.0
9832870248945985349,2,6.0
3239069054955512574,2,2.0
309548268984462292,2,13.0
7341760111589490715,2,6.0
10098763655846167116,2,4.0
7884584975193366974,2,3.0
16506000846099897205,2,10.0
15435305217274489537,2,2.0
16630648921490956315,2,5.0
7299261104571532766,2,2.0
5422984774667237943,2,5.0
5251790382776625612,2,2.0
7997040569598957272,2,2.0
15514724162674066318,2,4.0
16557012900811408584,2,8.0
1249900149311160481,2,2.0
10545557979202708957,2,14.0
17047956287322462673,2,2.0
14912865247324227680,2,2.0
126392721490759897,2,6.0
18210169266342864123,2,2.0
15278694774906938055,2,7.0
11955769030978153161,2,4.0
5621527078517859834,2,11.0
18208052813212720991,2,3.0
12202427095749152185,2,2.0
7439731646478587593,2,2.0
18257009308657034108,2,6.0
12406300316522198928,2,2.0
1701171063656944916,2,59.0
676311429292313574,2,3.0
12051084339775640626,2,2.0
17949328787169700159,2,5.0
5867277821470925762,2,2.0
14638893030271162041,2,4.0
4273029770601377419,2,3.0
6522816595258203520,2,2.0
9679110833998874044,2,2.0
16802396068527911535,2,8.0
2900831625945102182,2,4.0
9898991510322181431,2,4.0
14663832280239529282,2,5.0
16079768060216566448,2,3.0
3073706749253625275,2,2.0
14426143209328520347,2,3.0
13032959423856765701,2,2.0
505961731650044569,2,2.0
14736373827672791118,2,2.0
6749277500444829901,2,5.0
183682450183762514,2,6.0
18251210541119128117,2,2.0
4178191905307743261,2,2.0
9560846466854023970,2,8.0
12104617777691947273,2,4.0
1272180299087128639,2,11.0
17285754021273425047,2,4.0
13923073599017423374,2,4.0
10968921603274514781,2,2.0
17674333323631293040,2,2.0
11806114328125693049,2,3.0
3625573113852851516,2,2.0
1980823284246099214,2,5.0
8793045170280138318,2,2.0
13146485016897527680,2,2.0
17215615083373298017,2,2.0
7804978847702500329,2,19.0
7197618002858672552,2,33.0
1152826999363560504,2,5.0
3291555947849181785,2,37.0
13640173430981241432,2,2.0
9154326528020887177,2,4.0
4951437254019216934,2,4.0
9402638327093837199,2,11.0
5497004346491105661,2,2.0
110323027886853035,2,3.0
11543961727028642503,2,20.0
9341935237952725853,2,2.0
9326464473579140538,2,6.0
6536194953179212626,2,9.0
4060367493964346705,2,11.0
16042876125782592304,2,5.0
7148092297932147130,2,3.0
5589058525636459372,2,2.0
4304894225859555251,2,5.0
11938316186287077703,2,2.0
2488167661742101108,2,2.0
14278973550076653653,2,34.0
13223631095604722266,2,5.0
12600832469323246171,2,2.0
2880741357220239303,2,11.0
16157242249170762123,2,2.0
5713136062800644440,2,2.0
18084972727269092335,2,6.0
10830510901263257409,2,5.0
10273944168440747531,2,2.0
10404776295726143360,2,5.0
6935108357550181527,2,37.0
14125081240409723618,2,2.0
8128816914661522370,2,20.0
1044880510835608517,2,21.0
16173915420708099901,2,17.0
4184702951935510470,2,3.0
11444575491605171925,2,13.0
10710333336282054759,2,3.0
9980681710612748976,2,7.0
12988463994666188315,2,3.0
2962035130402744282,2,10.0
15041353965004648015,2,6.0
3043485155161923888,2,38.0
4086704533622933189,2,3.0
14332882469167697826,2,22.0
52997415451619145,2,3.0
13062434512395392430,2,4.0
17351894342079151475,2,5.0
9610787186114687845,2,2.0
530274541269579746,2,6.0
2199728358822302568,2,5.0
12598893576545498213,2,34.0
463360143552221625,2,2.0
14141986184196142218,2,39.0
17119823505851923730,2,20.0
9602516433902026541,2,6.0
7701878535926074900,2,2.0
3171714656413892596,2,3.0
6855689524477047948,2,2.0
5068233403920987885,2,2.0
3224487626206478264,2,3.0
14425467936631724650,2,2.0
8108582604935343695,2,14.0
5251280220830154655,2,7.0
12293954864042030921,2,8.0
9191918176413818943,2,21.0
3188465187050956006,2,23.0
17100541178133819446,2,5.0
9309718569670166483,2,8.0
15740630656843346148,2,2.0
12231796044817237180,2,6.0
9818747093751823106,2,11.0
7462604928528174018,2,2.0
7589271352137529276,2,5.0
9389557703907049046,2,3.0
12183458752409074462,2,4.0
17489555169895737867,2,4.0
12260749440172382608,2,4.0
8659235639111802534,2,2.0
5563325202016137924,2,29.0
17709650537297359237,2,5.0
1506279570255826327,2,8.0
9999425409814325024,2,33.0
1796860022620954230,2,4.0
2115124453522547015,2,4.0
17519483174472510785,2,15.0
10228351789588474879,2,15.0
13371943761111899547,2,3.0
16161178054282852946,2,2.0
2778438434220260424,2,3.0
17576787247962773132,2,10.0
9597861851859200259,2,22.0
441613908534514073,2,2.0
8671859135294319194,2,2.0
13400085521061734181,2,2.0
16025630660901057981,2,4.0
1356186398465412557,2,2.0
9723963305230214802,2,2.0
9621802357605582438,2,9.0
609478782477371791,2,3.0
793316455233325528,2,3.0
7691560992875714603,2,4.0
1251295563140181636,2,5.0
9023648275143298158,2,12.0
10112450020151346447,2,3.0
11887728399502859280,2,11.0
13401208928465448473,2,4.0
1989466482869823945,2,3.0
11280487683148067313,2,2.0
11284870618831370858,2,2.0
8071533913143469696,2,2.0
14095964515567126977,2,2.0
4927197284154064174,2,2.0
6820866588570305572,2,2.0
202376796262967549,2,2.0
11734070631401285168,2,7.0
12274226494240536245,2,37.0
17050632884197044968,2,4.0
1260873984442895324,2,5.0
2258132351837049948,2,18.0
14064397529907080074,2,2.0
10098620740086500565,2,2.0
10154752856338366403,2,4.0
4883878845565908703,2,2.0
17343384879112902989,2,6.0
14876487553839602352,2,5.0
13686229471977176556,2,4.0
10620516827335277579,2,2.0
6441023892328093583,2,11.0
15986318794008620050,2,8.0
9750861135393521220,2,2.0
11130456420030444797,2,3.0
11872854107587551589,2,2.0
8270358523576593145,2,2.0
7573714774306254567,2,10.0
13168560504421154552,2,3.0
11590745950738378117,2,5.0
14380624453609050773,2,31.0
10426391076662839436,2,3.0
11275393668774007043,2,11.0
505223845455424195,2,2.0
1896353591598881124,2,2.0
9723520266968380785,2,9.0
1611337014300082447,2,2.0
2800651807013823552,2,2.0
4894342841619376304,2,2.0
11718035498513473451,2,2.0
10804936858184238752,2,2.0
13656553133605764277,2,2.0
10654289754224001064,2,2.0
14569474012229412388,2,3.0
14931366375835916895,2,5.0
13563117447412328752,2,3.0
7010999777195650072,2,10.0
6936279467692891447,2,3.0
7024026441915739583,2,3.0
13143089452417770956,2,2.0
15893138876298082527,2,6.0
10068860337283202749,2,2.0
3300772016332467954,2,2.0
10887713940143408654,2,32.0
16824369243525334924,2,3.0
11891468261786572204,2,2.0
18022327072492048710,2,8.0
13910575984461484357,2,28.0
16097542106217011744,2,5.0
15505178544493973945,2,6.0
1966068221531756793,2,2.0
7650652408311757581,2,16.0
15327372391557743316,2,2.0
15834476664404227552,2,33.0
7870665217724935077,2,2.0
17849703660201863354,2,2.0
3845977802061597704,2,2.0
5987954420458103364,2,19.0
15928351240856917621,2,4.0
16286783453298628773,2,3.0
3339951705433458809,2,4.0
6402095372791005384,2,3.0
4742687343877339427,2,5.0
1130703694948695738,2,4.0
9581111235623650806,2,18.0
4234525034355276691,2,7.0
2116995992644113309,2,2.0
18340014307689453055,2,5.0
17330807515217749292,2,3.0
18307905115468760258,2,7.0
703317637625119582,2,2.0
605909526477147463,2,5.0
4589843441298025928,2,11.0
527676143875646727,2,2.0
15398186155001610039,2,5.0
14566586966110605051,2,3.0
12447316524899950153,2,30.0
13944504709779822835,2,12.0
11721596379255029739,2,22.0
3891664066615560793,2,3.0
11427193622798993917,2,12.0
2138879186779790903,2,10.0
2608012791906000117,2,7.0
2207924705247273390,2,20.0
8177045817214302394,2,7.0
7068950248962279637,2,5.0
9002544886355942730,2,5.0
6831123300483038674,2,4.0
5057321998521969293,2,2.0
4052725555538732096,2,3.0
16561741351656039474,2,4.0
1786795209364031368,2,2.0
15308473935664172954,2,17.0
12363804481240291300,2,2.0
122665575303718189,2,9.0
6352510907456546399,2,5.0
17503090671071040161,2,15.0
11114241564029148989,2,2.0
1362086460880151401,2,2.0
8334095890903051047,2,4.0
13022951506674421892,2,2.0
5377688170605748281,2,2.0
17305688933381476408,2,2.0
18439822592846296625,2,3.0
13410157854562653668,2,2.0
6171672702804171168,2,3.0
126063262435434878,2,3.0
4283411972514906029,2,2.0
14556152308489441757,2,2.0
9986525710130158143,2,2.0
6674257566140819807,2,2.0
10148425592543973885,2,6.0
1617096809812977081,2,2.0
3670229910895711626,2,2.0
931790012690339606,2,2.0
17691350540011310765,2,2.0
9265419023678689931,2,15.0
7815868502133574131,2,6.0
5979848402854165436,2,3.0
4358779294000475984,2,2.0
9338528717379671071,2,23.0
4324533385174450208,2,30.0
13715097287157363567,2,5.0
2908505553276631283,2,2.0
4269882049296225404,2,73.0
3805123245061095926,2,3.0
2607215254879879287,2,26.0
7703105590311421082,2,3.0
15438764565396220730,2,33.0
12459108615224082915,2,14.0
4772876095576802850,2,5.0
17230042382872755442,2,2.0
9460739642427305341,2,2.0
1742032365796887868,2,3.0
608127563195288311,2,4.0
5008836901833652180,2,6.0
8195859814011497097,2,4.0
10684090605043520643,2,2.0
2026241185272741616,2,34.0
2753128096813677470,2,2.0
22995172878417582,2,2.0
5558752621812482510,2,30.0
9961750334293954177,2,2.0
11525005693469550626,2,12.0
1863609319604793552,2,6.0
17307319555719491204,2,3.0
16498664109670516529,2,3.0
6296616393408238322,2,4.0
2075442507632925065,2,4.0
4405820927478616606,2,11.0
16788993369058949720,2,7.0
3319908457718573393,2,2.0
7402212141943490492,2,3.0
5914971487023895718,2,2.0
118917069498532876,2,2.0
2895096978632703440,2,2.0
6001525834694082172,2,15.0
5604368726295756881,2,3.0
1861864738103464658,2,34.0
17758571040379854362,2,2.0
15464145896861872107,2,7.0
8939785239120074732,2,2.0
12125825489095574140,2,26.0
3422331778343001515,2,5.0
13754108331419855781,2,2.0
2508827942942991535,2,34.0
8151559137463705282,2,16.0
3964220554970065843,2,5.0
9926256018692886630,2,3.0
6344100172918964529,2,2.0
6550080095249148530,2,2.0
2399239521258843348,2,3.0
11422742700541536958,2,3.0
15961810256256734614,2,6.0
13549680630111009562,2,4.0
14816699051038286521,2,31.0
15475654976889637207,2,2.0
16754821819467950655,2,3.0
4226130580933831569,2,2.0
16617975864437644099,2,4.0
14623862194509973924,2,19.0
11025145319560262985,2,3.0
8263986637661078759,2,7.0
738230195375307753,2,2.0
17666586129108557244,2,4.0
16411763372886639393,2,2.0
10198252222217771151,2,5.0
13234390557039589963,2,2.0
17838155936006436022,2,3.0
17365062731575138835,2,31.0
10786988902789922016,2,29.0
8851000834277800886,2,2.0
5693472149278230154,2,27.0
8725975500962114584,2,9.0
8386267841659509560,2,5.0
9620800846424582215,2,3.0
12140582974332573821,2,2.0
8511832223101359849,2,14.0
14233362242986807408,2,2.0
2510626561735159002,2,2.0
14517427941446465198,2,3.0
8228297909501771359,2,25.0
9376616146897367613,2,2.0
2002903422611574193,2,3.0
9018179014225623605,2,8.0
15308289044055181354,2,33.0
5477782796871678608,2,6.0
7022756043589742397,2,2.0
4573007116512222959,2,2.0
11967561139358297843,2,24.0
14365599466111137909,2,4.0
7439217369852482171,2,2.0
6066516846928777784,2,9.0
14388929464228009782,2,2.0
4906035664291085468,2,4.0
8384441872418527216,2,2.0
9576338517982892417,2,2.0
17200200958438389927,2,2.0
3337596181135791074,2,5.0
11458629832737239583,2,3.0
18382724892119606188,2,2.0
15881440074735729458,2,3.0
14142060500068156370,2,5.0
1604299944860419317,2,2.0
6728660102973855854,2,2.0
13349775730160762191,2,2.0
9169208815664440107,2,4.0
18335336292157113704,2,2.0
6137920142096082734,2,2.0
7150465018879250228,2,2.0
4465105270430984039,2,4.0
4198954375635216356,2,3.0
13589603036809455749,2,36.0
4842475957861919012,2,16.0
1911493700287435604,2,2.0
8340532792131673832,2,2.0
16272366930984706647,2,3.0
17857047184357337909,2,2.0
12643451761937940570,2,14.0
3185478962062601984,2,2.0
5035613265901993321,2,30.0
9494629896385184474,2,2.0
18142137019346082764,2,2.0
345364088772922501,2,3.0
5577794714970300504,2,6.0
18074601040668742003,2,2.0
4900841139122729726,2,3.0
17701732992914627920,2,2.0
7494959454602777138,2,8.0
7828864175431141999,2,11.0
12553863251718031225,2,7.0
15856563600373162899,2,12.0
6251568537795683866,2,4.0
15536653642354642735,2,34.0
16137522710794875556,2,8.0
14063938334883967522,2,4.0
7548819791174616714,2,4.0
16508594099028065190,2,33.0
7084432002611878702,2,7.0
9514535553173817042,2,2.0
16680155041711099001,2,12.0
1317514726747054090,2,6.0
15609836612760970283,2,3.0
16132337095583796262,2,18.0
12072928477720859362,2,2.0
1309766492345229659,2,2.0
4191107575143769270,2,10.0
1570039405692656252,2,3.0
13153925227190400138,2,2.0
3404502828589434449,2,10.0
17117399844458276134,2,4.0
10574927804926936723,2,5.0
1693247228182765871,2,24.0
2085508368086883397,2,8.0
15879731595509836683,2,2.0
7147656968660964129,2,6.0
6813490136368655355,2,5.0
3760154003776546784,2,2.0
17225376944249665428,2,34.0
18070389644653883590,2,2.0
15956315350214976465,2,5.0
8682309500826894087,2,2.0
13105349479094355255,2,2.0
8784328448777194391,2,3.0
1142131474423583617,2,5.0
17371440182951685214,2,15.0
14404883149218632422,2,3.0
1141835854787302912,2,9.0
12659859501719924235,2,3.0
3296122824509965241,2,2.0
5931689819058231912,2,2.0
8724126181781471113,2,2.0
12057635558564841121,2,2.0
14258610528271608489,2,3.0
5823396740570541815,2,2.0
15974065476204915984,2,3.0
14368502862549145917,2,8.0
11292790330383082171,2,2.0
10220621538085760559,2,4.0
11238070126539041520,2,5.0
3001151137251526354,2,6.0
13636351751023640122,2,2.0
11094885272570947968,2,2.0
15624625933687112519,2,2.0
4235846370494498692,2,2.0
16251411610804710423,2,2.0
7635749995420530909,2,9.0
10467063175724152776,2,5.0
3728967787264324925,2,4.0
12111141858308384640,2,3.0
8536860993140880845,2,2.0
1923271783301168345,2,2.0
14288335836529926196,2,8.0
7133102840671051898,2,2.0
3390987763219463569,2,17.0
2723791656938929112,2,6.0
110916254829041095,2,7.0
15744663794377112798,2,15.0
10165264631070250863,2,11.0
4367521454941692338,2,17.0
3167076324262262495,2,3.0
12170350275701961387,2,3.0
14070972282759698634,2,2.0
9829873922692700608,2,4.0
11708476189088803982,2,8.0
12916600216629717521,2,2.0
13866870111047188486,2,12.0
13830060326456551884,2,3.0
2492101446404934712,2,2.0
15800096198648611594,2,12.0
16175985677139297066,2,2.0
11530706505709012054,2,2.0
4914706521419354771,2,2.0
9900116520573553436,2,9.0
6209621305895277970,2,3.0
9229845981579295105,2,5.0
5494430615393528398,2,8.0
6295593924610908628,2,11.0
13291565585378769606,2,13.0
2061148003400710451,2,3.0
3140475077788323117,2,12.0
16380210868878093735,2,3.0
16079672362314620846,2,4.0
17727938122949422894,2,2.0
18152786381595066125,2,3.0
10616149851238738468,2,3.0
16203034601143488779,2,2.0
4832786211524742059,2,2.0
2718569005376899773,2,5.0
16195975406661462272,2,3.0
3805054078149590056,2,19.0
15130995376087320895,2,3.0
3372396994112745417,2,7.0
13285634314974897359,2,11.0
14095767023325847555,2,2.0
1578093848072308696,2,2.0
9955168203948530931,2,8.0
12705224419274704416,2,3.0
4663876590366698674,2,32.0
11047928858341920466,2,10.0
16689480607796123719,2,7.0
10940877322539625988,2,10.0
5286573409621408695,2,5.0
8057744839192788392,2,2.0
7891524039735984258,2,2.0
5512853801614902080,2,4.0
7985399424220996249,2,8.0
8541117753751445634,2,5.0
11100305688933373622,2,2.0
15767440361302866027,2,2.0
16543199309746137519,2,2.0
3827969926778891956,2,19.0
9576794205105864620,2,2.0
3168366391628633482,2,2.0
3879557812160830360,2,2.0
2501790404900030492,2,2.0
10578426600645597938,2,2.0
4130100415701279044,2,2.0
5931735186764189483,2,2.0
4237695286290369063,2,2.0
1099387620063696586,2,3.0
7971362076393206377,2,2.0
1566358894312740318,2,14.0
1052806262262273706,2,2.0
8421041289738577592,2,2.0
9931749956038054459,2,2.0
10913110521703411081,2,2.0
1551053342520412090,2,3.0
7112750883034995296,2,2.0
4722607211457943948,2,49.0
5387701716530615091,2,3.0
6720600152087213649,2,2.0
5068815488490671045,2,4.0
850369704236384067,2,3.0
14530747642165076790,2,6.0
9768914810794585065,2,2.0
8292800771886068346,2,46.0
2222714963090592759,2,2.0
5134575906423217149,2,2.0
11196998211686736037,2,6.0
5147359450869040369,2,2.0
1043927627025471842,2,5.0
11489030245482376653,2,6.0
10883812095972908230,2,42.0
5324601155293138823,2,15.0
16912515740204421877,2,4.0
14668215238175889760,2,5.0
2065749108770784990,2,2.0
1201569186447526068,2,2.0
1954864970847292378,2,2.0
4655323458392581502,2,16.0
1211432030519299470,2,36.0
17950090026694602779,2,4.0
10010221352576617554,2,6.0
12501548328863447505,2,28.0
7916692380767551248,2,2.0
5993145300167300509,2,2.0
16849791495991465478,2,2.0
3197968832456052782,2,2.0
9361932710107048117,2,4.0
13604574353042242952,2,2.0
1086413546516598578,2,5.0
4692267538685426331,2,5.0
16508827199574085953,2,15.0
13168920986464427000,2,4.0
8717917873222343264,2,3.0
68414421838871110,2,6.0
1534459569558619667,2,10.0
10876562800506932722,2,2.0
3840159501788650210,2,2.0
7005152423473328071,2,2.0
12384290133075674739,2,2.0
10682300842369853235,2,29.0
15664446133239182892,2,2.0
6603112715349218456,2,9.0
10181334203334937354,2,8.0
11850459575421450203,2,9.0
14069319236505355182,2,29.0
9874805970681371122,2,2.0
7202947421730622742,2,9.0
17754930944724227318,2,2.0
14871180501416385592,2,16.0
10865795400876849053,2,2.0
12622020419555047841,2,2.0
10308383192174049933,2,6.0
8644721707577402182,2,2.0
10671401484813654168,2,3.0
9605108010480124213,2,17.0
11244146448086230158,2,4.0
13818877267029621245,2,2.0
7100238291508542859,2,22.0
16559117003566613554,2,2.0
4275693797061334686,2,3.0
3582045939000107533,2,3.0
4698579232170379379,2,32.0
9650872886389052925,2,4.0
14890861037029996120,2,35.0
4696042354295894526,2,12.0
14349987232801314217,2,6.0
14172263235686532659,2,35.0
5784866459421708156,2,3.0
10569199385959531451,2,3.0
1411784029772285268,2,5.0
7244888465372272394,2,2.0
11578023552875893742,2,6.0
10197666274714414534,2,4.0
11198997639749886013,2,28.0
8868292527087371125,2,3.0
14612379121962396175,2,16.0
311348023438671227,2,2.0
6474242207593709386,2,10.0
8306526096143857923,2,2.0
15472033577047963910,2,6.0
15658317557528293054,2,2.0
16210419709548532783,2,4.0
4774916905583071191,2,2.0
7869146443127618329,2,4.0
14177413726783636841,2,2.0
13667783517455645571,2,17.0
14484802183354055731,2,2.0
7194480331370390081,2,5.0
4590441922555852961,2,6.0
10001261840810248557,2,2.0
4821176551079403062,2,3.0
11983100668126019477,2,2.0
15878669945168356850,2,3.0
6534666472785485252,2,2.0
12492714848136040964,2,4.0
9944131200930549193,2,15.0
2759523586970169635,2,3.0
13111104829167073713,2,10.0
16225539349155341846,2,23.0
1561278677595837328,2,2.0
694597564141560817,2,2.0
8376241424353451132,2,9.0
16494783722377924993,2,3.0
2992360178397215898,2,36.0
16513898885674009997,2,3.0
16216461120383396463,2,2.0
412088670917751471,2,33.0
6139193325407695734,2,8.0
16045638326223218305,2,4.0
4570562527008978559,2,30.0
3148148793962971641,2,12.0
3450555686100543664,2,30.0
2312643889759071571,2,5.0
10348674090440546886,2,6.0
13009911500254294878,2,9.0
10636318085068798209,2,2.0
15624429341742382691,2,3.0
8433368719929407183,2,5.0
1550158554733213803,2,8.0
2243487212743824748,2,4.0
17913849019545668909,2,5.0
8758342482413165375,2,4.0
12904027304600861949,2,2.0
7818283743423033875,2,3.0
6023213722900217379,2,2.0
4463948815928807564,2,10.0
7247797896793926764,2,6.0
2332770411744414673,2,3.0
2061984819896088903,2,6.0
7280672126709240684,2,7.0
3058894417312298777,2,2.0
12472818534448461762,2,2.0
5610234402844847940,2,5.0
778220349278720253,2,86.0
4239034902041798498,2,2.0
5691657655114783011,2,2.0
9704321857209695058,2,2.0
9312095440697009665,2,3.0
6543914363265788766,2,3.0
12433602710061290725,2,5.0
8189786200477022877,2,2.0
11643087046813510427,2,8.0
11982371254952109010,2,4.0
3467193333598482063,2,2.0
8948320474975779808,2,2.0
4061680508749799734,2,2.0
3349812031823742226,2,2.0
3950283838991550479,2,4.0
1261218241226695402,2,2.0
7346095633162679531,2,6.0
7364050655703575076,2,2.0
6980075177043163472,2,3.0
12319954401292813470,2,2.0
3401203471364797340,2,4.0
7397975431864856986,2,8.0
13171059617238080774,2,4.0
13834261154533623764,2,12.0
8558040882207405076,2,93.0
3961689736239472643,2,2.0
87869488343308833,2,3.0
1195518379389380915,2,2.0
2969814813443622636,2,2.0
11322792748081459584,2,18.0
17103822097592657496,2,14.0
11184408484155753875,2,5.0
9743793644325869786,2,2.0
10828047659712074752,2,8.0
10589772704720241600,2,24.0
13507865965643781103,2,3.0
14399462969156324549,2,11.0
10656049614615557244,2,34.0
10645680505916991189,2,2.0
1454814818477451061,2,2.0
18341664878824927332,2,25.0
17835510729279710548,2,2.0
6760226556841225429,2,2.0
16114965743799832201,2,3.0
7195585599620102255,2,2.0
14541078692398852439,2,2.0
16008996866203954090,2,6.0
15778689312937506367,2,4.0
9966806282663336330,2,36.0
5130951247198699535,2,4.0
7955841710715817240,2,3.0
11922326532887667645,2,3.0
14685306504711961012,2,4.0
3052173852186949924,2,6.0
8549614297678198868,2,2.0
16614515214045704915,2,8.0
9658133126436370171,2,29.0
5958228933212063977,2,2.0
15031518274462823047,2,33.0
17581084514347079722,2,5.0
3134142864410379068,2,2.0
13843673340827135237,2,2.0
3935807066643798650,2,32.0
12292690906627367734,2,18.0
6305187253886664066,2,10.0
15790191817220992236,2,2.0
17975759395428712878,2,35.0
791877837136450471,2,2.0
16846655548471855534,2,6.0
7924822926459692116,2,5.0
10252780746879881745,2,3.0
6846922535349724493,2,4.0
15410482302638640270,2,10.0
11653962366060491091,2,7.0
678702689542675115,2,12.0
9662253919871626033,2,3.0
672348662288404148,2,2.0
3136862238926915991,2,6.0
8482302115107874879,2,5.0
8789290574537270211,2,3.0
2754116708588890927,2,4.0
9314452957630010720,2,2.0
10419940355458652908,2,109.0
11189226263309487026,2,6.0
1985634153882171475,2,2.0
10040634668647104086,2,2.0
6138403018876236663,2,3.0
15879612076579603066,2,2.0
4007788064426877963,2,9.0
8398964255380647794,2,20.0
8039110306149532997,2,2.0
18099266550229288193,2,2.0
9201219885423821007,2,6.0
10490463490964535542,2,2.0
944180655336952451,2,3.0
3473609163523458796,2,224.0
16949187717004096033,2,4.0
7518505940991385415,2,2.0
17485190997260107344,2,2.0
5708695135169895259,2,2.0
13544465096251437995,2,3.0
5338833416762677040,2,7.0
9529701804089411251,2,3.0
16514250853771968750,2,2.0
10951816399651863719,2,4.0
10445803824939685901,2,5.0
17138294161771757739,2,7.0
5162354449306454102,2,17.0
17287111104760360158,2,8.0
16748253352420374508,2,5.0
1866036057038332865,2,2.0
1107891508861576679,2,2.0
8548300174512802027,2,2.0
6872552864362429180,2,2.0
16718800525362842161,2,2.0
1485690226462672199,2,2.0
10077662875990749977,2,9.0
6860386552176734672,2,2.0
11754034830423379423,2,2.0
5091822755842523110,2,4.0
7044224640293105880,2,3.0
15023115867322776520,2,4.0
6251723509305912033,2,5.0
8041851095937082901,2,9.0
12576716286729512790,2,2.0
13088040033174276593,2,4.0
9636235825049048354,2,21.0
13823562161178140008,2,8.0
523929653069175998,2,10.0
9587270094623204591,2,15.0
14602739050904737391,2,8.0
4601777264787151768,2,3.0
13548462252245836346,2,56.0
9986520322687299515,2,2.0
14367199517002671721,2,3.0
13010833236769486903,2,32.0
10329550682257616273,2,2.0
12476743736516326559,2,3.0
559674658459334406,2,2.0
8154594111629785018,2,37.0
13535118503976894453,2,4.0
3206908654864008404,2,12.0
12410808860939327366,2,31.0
13552722018290761425,2,2.0
1369663871635028235,2,2.0
13930535799719566210,2,2.0
1688749583380069762,2,7.0
8711404770165514030,2,4.0
6746753439531414050,2,7.0
8388321325352638425,2,2.0
9172799767599296740,2,4.0
15135723107126069789,2,2.0
2473092655370137461,2,9.0
16127421864510786297,2,2.0
6460646554281516815,2,32.0
9735328558239049993,2,3.0
1536562965425971993,2,4.0
15791537210384838719,2,2.0
13122654441109523378,2,3.0
4680344315105353650,2,3.0
14034296805216896170,2,3.0
15533600482432702006,2,5.0
199872998358790326,2,2.0
12384763802076722730,2,2.0
14053825307217985347,2,2.0
4857157282638720453,2,27.0
11630954101556850311,2,3.0
4086045639890987223,2,4.0
15585850885838775518,2,36.0
10598866268500709789,2,15.0
7212491869360800499,2,5.0
16176137345526216560,2,2.0
4554410440895220212,2,3.0
15257071728767310393,2,24.0
8779249266509042174,2,31.0
16177161088769963203,2,9.0
17541104742281513722,2,4.0
10531545411302738078,2,2.0
9119158258078378822,2,80.0
1657309618536652244,2,3.0
8648477703568681748,2,2.0
1282692880152119243,2,2.0
9299220252340724671,2,2.0
12102155689537095809,2,3.0
13394281353494322795,2,3.0
3702223874421949375,2,6.0
12670010385016911802,2,2.0
13295597010377447615,2,2.0
6308324011057197845,2,3.0
6831174911147534957,2,4.0
3789871275839086283,2,2.0
12235672261257984083,2,3.0
11755451551988193464,2,2.0
5335576101402234105,2,3.0
15314168730844074560,2,2.0
7903666457752807576,2,2.0
9689479034942842185,2,2.0
7231144327658586692,2,3.0
9147098809873355246,2,50.0
8512629032200360819,2,2.0
15702581273330420180,2,29.0
2132861132989003076,2,3.0
11980291695656626855,2,6.0
15637520179510493128,2,2.0
17569937835408355612,2,4.0
13874374320638425545,2,7.0
3417596665074110663,2,2.0
11086928250610998758,2,26.0
13374981244386993305,2,2.0
4223761920308944896,2,4.0
13563576486004776892,2,3.0
8877400126985418671,2,2.0
16356997814493492216,2,2.0
13805738793790219804,2,5.0
7492817483356906080,2,9.0
12895061441382865609,2,19.0
4766471209048298261,2,9.0
4287592861587039605,2,15.0
10826469920033628120,2,7.0
15460272027471958229,2,2.0
7032564243785856264,2,12.0
15153909753068036256,2,2.0
5968598539229768917,2,4.0
7571816183362471406,2,5.0
2564808589168731525,2,2.0
6281776563873255142,2,2.0
6813885236965357588,2,9.0
14471785184971933982,2,3.0
6388330006158740133,2,3.0
17738142529460242381,2,7.0
17967212771190911286,2,2.0
6543452898628217313,2,2.0
5020617729346851789,2,2.0
17279285237024982084,2,14.0
10905152027800640399,2,22.0
14910297610841256706,2,4.0
1068272777908953172,2,2.0
12218817988207214668,2,3.0
15203344208040962659,2,3.0
16915489277864925643,2,4.0
16672605669316427878,2,10.0
11137065147018765628,2,4.0
6022806841776331758,2,3.0
7423828171297407827,2,2.0
3243913943678459704,2,10.0
3444253415536230845,2,3.0
7820005371452060806,2,16.0
13532388047824324084,2,2.0
5888787060688313580,2,2.0
10009712597949935636,2,13.0
16310188840278916862,2,4.0
8565748021035731893,2,2.0
12259634042921492681,2,6.0
16666321412559201362,2,2.0
6366206634800305336,2,6.0
6295866677065948717,2,2.0
8080641600870897659,2,4.0
18005886176554208322,2,2.0
16764471197108135625,2,2.0
12217931364866662947,2,2.0
10075606709810647752,2,4.0
9691950129323590410,2,4.0
5602468526730653778,2,2.0
6107569520826555694,2,2.0
1148989206422968384,2,3.0
14907343127190319990,2,11.0
4598882316509711372,2,2.0
8034321215027657094,2,38.0
18207322224523323431,2,3.0
12670577447452209343,2,2.0
17083636855051458025,2,2.0
11060153208843325205,2,36.0
17584113458903487363,2,2.0
7902744858875099978,2,2.0
3628990393022616290,2,4.0
14657051502534785025,2,2.0
14007766965033963771,2,31.0
15142616955131561485,2,11.0
5234442096048676662,2,3.0
10517617908388544929,2,5.0
5843817847799759136,2,10.0
18384492600649239854,2,3.0
17926679664446117598,2,9.0
6541580972519708950,2,2.0
10213275418765045950,2,2.0
1066772558483367957,2,4.0
8917579818377847129,2,3.0
18306336664017563055,2,2.0
181707341491385579,2,4.0
1289933258556299573,2,4.0
3247808653253640084,2,31.0
7813635991783903809,2,3.0
7412406794364854475,2,2.0
1435634996803793802,2,3.0
11770820936004199771,2,2.0
15684248330395581921,2,2.0
13551417185034630219,2,8.0
17082929177223647654,2,25.0
16756452077277018061,2,3.0
2121835257739046743,2,33.0
4497874544093706052,2,2.0
11506426974618921329,2,33.0
9402760077339886372,2,2.0
17054801008271055663,2,2.0
4875328979413739641,2,7.0
962091999411344414,2,48.0
11827282155482656827,2,10.0
5679176207733048517,2,10.0
17150564938640779490,2,4.0
1900178008395368483,2,3.0
3503408954228431176,2,2.0
17886459592238576735,2,2.0
4619784791933902359,2,2.0
7479883265249067921,2,4.0
16309705338514235089,2,3.0
17799517682309466033,2,3.0
8316178163249402905,2,2.0
1332698811351430150,2,29.0
8624476372268104991,2,12.0
532616067191572010,2,3.0
4573680987903702323,2,12.0
6782783463790980307,2,4.0
14984748561576498921,2,2.0
6889076155287976621,2,3.0
7155768517661986098,2,7.0
9923032202905316198,2,5.0
5853621024500614485,2,3.0
11095878374620794283,2,2.0
7048531192485653371,2,2.0
3150959442083182283,2,4.0
6573219866256046598,2,3.0
5960108899314553771,2,18.0
8493031763320905235,2,13.0
17389139955652965949,2,9.0
11675431661849022157,2,4.0
4047878090970103666,2,2.0
3373078639588046696,2,7.0
16330901983108158193,2,4.0
3069801111572967403,2,3.0
6065933302209572669,2,2.0
18279459390576568249,2,4.0
3878923296398489430,2,2.0
13801910096148992108,2,2.0
2221305160085690245,2,2.0
9660642626127095145,2,2.0
14734638841372042012,2,11.0
16511848898065479152,2,9.0
9483198661211452433,2,18.0
11041122281264523286,2,2.0
14898271609154933404,2,2.0
8591718940921563921,2,8.0
11153745592867643843,2,2.0
2225949989036057704,2,2.0
17909711293685616259,2,17.0
12998938384952246856,2,38.0
15660176863964893008,2,5.0
4183034733390686541,2,3.0
4794276930927857287,2,36.0
1165386174577997584,2,6.0
2080227222183059725,2,3.0
14555553939184814472,2,5.0
1166103557233608928,2,4.0
7909886204252603332,2,6.0
982453735948767212,2,6.0
1463915348976340061,2,15.0
18091692490233100154,2,6.0
3529062962670065263,2,11.0
18027714772194176173,2,2.0
13777228191040582554,2,2.0
12845962932237400081,2,35.0
2485412149126701246,2,3.0
8557896278172503134,2,9.0
15269961729937946145,2,22.0
3353468644681291762,2,9.0
16498346339363656205,2,3.0
7701420995711927072,2,2.0
9352572128171860330,2,2.0
8893690406363150468,2,12.0
10107967114633278692,2,2.0
10278271062423615718,2,3.0
8584837142758596054,2,6.0
16893343093698416478,2,33.0
12701959629593462298,2,9.0
2170935096141582410,2,4.0
1905822401201485467,2,4.0
16683870988986493170,2,2.0
8830228112292384717,2,2.0
13389434945604629648,2,3.0
18016903539256693698,2,30.0
18313295742365207322,2,18.0
7901711358505706125,2,3.0
15766211100897016662,2,4.0
1918111926083745808,2,3.0
17772266529278149841,2,2.0
17291640210966672485,2,2.0
2260871074914986314,2,34.0
11621720551857536500,2,2.0
4865875188018599218,2,2.0
15303091519261861901,2,6.0
18207984244151319026,2,10.0
7838127610163655609,2,11.0
2606535215539740137,2,24.0
15513108469505240708,2,5.0
12053189054524753848,2,7.0
13281780611272261438,2,2.0
6017431220119593639,2,22.0
1157457823355836072,2,3.0
8191689635081728745,2,5.0
4393432054878001424,2,22.0
530116707652255997,2,29.0
17684035245505664990,2,2.0
7205202590510517433,2,3.0
576721564539064767,2,4.0
12525294493276622090,2,2.0
14304859071782291765,2,11.0
5515750953749222944,2,10.0
2958076512520091956,2,2.0
822150689201967248,2,2.0
13425314828740960066,2,51.0
3136665202340568069,2,2.0
5172867760003252692,2,2.0
13556760577537383668,2,3.0
8211428502572147,2,2.0
17944641028846060943,2,3.0
6044843348943654582,2,3.0
7838515228015915434,2,5.0
2565202804207059773,2,3.0
16671842339937317570,2,5.0
8910577262107948139,2,5.0
11901185614924104438,2,4.0
13019954700982279837,2,3.0
10578352247425450838,2,2.0
604053644229374175,2,3.0
7985768678265988938,2,15.0
14293647174186855974,2,2.0
15553365776251318027,2,3.0
14607353372950300300,2,3.0
17981272538094227829,2,2.0
7452005978024401696,2,3.0
17803653548199953455,2,2.0
16765693978702338517,2,8.0
11810822835299359301,2,2.0
2783472545927720658,2,8.0
7228491961253337352,2,3.0
358281148623402602,2,2.0
4818593487579262612,2,2.0
16155636727539556101,2,22.0
5843284898375043952,2,2.0
9492492529948845215,2,16.0
2815494357791271800,2,2.0
2181515238948940246,2,4.0
6986193066541711932,2,22.0
8429911773308599154,2,8.0
13126771337570973323,2,3.0
8316509101553602378,2,6.0
17310370600980142046,2,4.0
7419887683961436807,2,5.0
16203595200289823747,2,2.0
9141605111187275402,2,3.0
14268469995680081048,2,9.0
13145451935305953134,2,2.0
13993514901368606010,2,7.0
1670148363968528329,2,2.0
18263018693455328216,2,2.0
8382758312484654515,2,5.0
12723390360291291791,2,41.0
7971693858769070798,2,4.0
14942469270731756615,2,2.0
13728041944019726607,2,24.0
7685492420142558672,2,9.0
7173249539440657605,2,32.0
13330903070736026877,2,2.0
16710053382556338835,2,8.0
7648295265597128534,2,9.0
1503055615140293016,2,34.0
6672399391770736446,2,17.0
5944562421956455698,2,29.0
10572103187166781734,2,11.0
7786451541865555545,2,2.0
12593021137275939008,2,6.0
11006318556799239010,2,18.0
6224910460791053473,2,18.0
5636882197429779929,2,2.0
11370733086082751367,2,3.0
16454162587938303762,2,3.0
17307101168620629442,2,35.0
16020239981541905294,2,3.0
2317762998219293230,2,5.0
16878325049473096111,2,5.0
10342872091277076949,2,2.0
13007658555419068288,2,2.0
4111387376620379403,2,3.0
2318464194422892745,2,2.0
11900372492289896462,2,2.0
6542369441140167012,2,7.0
10524110861704170865,2,5.0
1911347759348937765,2,2.0
13619411549975355540,2,4.0
11577538017612551203,2,24.0
1586275635446989622,2,7.0
8836133514296505730,2,2.0
12903649556043096851,2,6.0
14259566445245222204,2,25.0
8245241163682476061,2,2.0
13460881179306623614,2,2.0
8568777484926942173,2,4.0
17734980254520557476,2,8.0
14970953911168685724,2,6.0
3548015211688737397,2,2.0
708436378540261554,2,3.0
7093952597808731211,2,2.0
7380258297213210290,2,6.0
1724815154685806596,2,2.0
11921635359205651278,2,6.0
766200002345743147,2,7.0
11175542786071183018,2,33.0
1026258993986853805,2,3.0
17482917341595975784,2,28.0
10579515241730437409,2,22.0
15708363484600068767,2,2.0
6934470394228757000,2,2.0
14577443329621062227,2,2.0
15661959954754430364,2,5.0
1047834094582726588,2,20.0
7121564208629749022,2,6.0
13515532777000058390,2,3.0
14642114237234520912,2,22.0
8393919340483072935,2,2.0
2874584020656521646,2,2.0
10537996124035187841,2,97.0
14270112072706453521,2,3.0
1584413815841201516,2,2.0
8336048316500693476,2,2.0
16514580194517546972,2,2.0
3963640707787413799,2,14.0
4994363029588770394,2,10.0
16274100452232154451,2,2.0
9444187417929592890,2,2.0
16392108848649834879,2,2.0
475747727149133178,2,3.0
3906846933892162935,2,3.0
12657737483158802660,2,27.0
12937234562592937903,2,6.0
129293665500581241,2,2.0
3676368686296028746,2,31.0
8014761020650280240,2,16.0
3007604075181053781,2,6.0
4563504318611209684,2,8.0
5574643594025594608,2,4.0
7986235239736510721,2,6.0
7700722010299434524,2,5.0
17387411930542864107,2,2.0
9277123765655834695,2,20.0
11253498349744700110,2,2.0
16223987718938494556,2,2.0
7948228597872811895,2,5.0
10968057349504733380,2,2.0
1403898897077771426,2,15.0
14009288503220384504,2,12.0
11682452534195470647,2,2.0
10097466708329205588,2,2.0
1385532127226750138,2,4.0
1589064968017395608,2,2.0
6299679201225636561,2,2.0
8937906798717950059,2,2.0
354226791527902037,2,20.0
17423817705134259503,2,3.0
2918122581911587513,2,3.0
13468366041005534635,2,3.0
10524105054260889138,2,13.0
7522922391619645587,2,3.0
354589102076829202,2,2.0
2233424684225376592,2,3.0
2095417509481060139,2,2.0
15761367285815768528,2,2.0
18115362693672083711,2,9.0
104755859033004953,2,13.0
3546710545751654583,2,15.0
11650128307764523935,2,3.0
15374586610325588115,2,33.0
924842734621418213,2,2.0
5629968893634532137,2,29.0
12571482139169313153,2,14.0
8761826211191419861,2,44.0
13727994453580460368,2,5.0
3707541486635314180,2,3.0
14796873924479082835,2,8.0
1237960845917885059,2,2.0
7359292376362516485,2,2.0
1115030976733563370,2,5.0
8318696480223632059,2,2.0
1008027020235227226,2,6.0
7105865094231937831,2,2.0
9028218201126331976,2,2.0
12525046190772881250,2,2.0
9905596286346842743,2,23.0
18044663431449954035,2,2.0
15473228960851782769,2,2.0
8342089103956724663,2,25.0
3877066519435236401,2,3.0
6403813347284401568,2,3.0
7837279238233188687,2,6.0
12611654267425091631,2,3.0
18118065404916747855,2,17.0
2703526091296476249,2,4.0
14732325419897992566,2,3.0
16791681781962445402,2,2.0
9038681973187632683,2,8.0
7926300815598789974,2,2.0
14464231650750627018,2,4.0
4545917645407987089,2,5.0
9531828012544240956,2,3.0
13169478401751179033,2,6.0
150482744699394259,2,35.0
181130236370216809,2,2.0
9561094907984594140,2,7.0
1401983173415078367,2,3.0
1404081401865601404,2,2.0
7755744868768247755,2,3.0
5047011597477944353,2,5.0
13503100690880385364,2,31.0
13062871124579368673,2,2.0
16721204611517819881,2,52.0
6848151098048760335,2,4.0
14286145505237638484,2,2.0
15913410467057251043,2,2.0
6922831478986252667,2,2.0
8168701464343724346,2,4.0
15307863917812442915,2,4.0
1076698894325163468,2,3.0
16223211892527308277,2,2.0
3329794448529142620,2,2.0
7246303329861758416,2,4.0
6269279719972282,2,2.0
11230362123914041763,2,18.0
17252517813486197746,2,2.0
12133101706757499404,2,2.0
13977733086332391663,2,2.0
11672068104565583393,2,3.0
16381795862471041710,2,2.0
16879878766825648002,2,2.0
4299159874545118617,2,22.0
7603144498337023173,2,4.0
1386815142158038343,2,4.0
7973386495342397986,2,12.0
18204693440108194056,2,2.0
1488551337292658382,2,17.0
5663655992548231808,2,33.0
1952235714431955131,2,2.0
12672612548515351477,2,6.0
353009656814167314,2,3.0
2507909933477782496,2,2.0
6397960662807935234,2,2.0
4026529621911151958,2,8.0
10063151478429738634,2,2.0
15193809147331170783,2,4.0
8732295367114128605,2,16.0
9392650460558672730,2,4.0
4886916758998073847,2,2.0
6874413665862109863,2,5.0
11073564604562166024,2,6.0
12675725098323118332,2,28.0
11223231208294954634,2,21.0
1989934679577564854,2,2.0
13828354248061922004,2,3.0
18294053208529917391,2,3.0
25071812050224311,2,3.0
6713073463766271189,2,2.0
17434202617228127420,2,23.0
14255745682070050541,2,27.0
3035159165091581399,2,14.0
5599914271191210119,2,2.0
10336703772519922452,2,5.0
3553829072087804338,2,6.0
12752695799607071560,2,2.0
8966854102798522473,2,2.0
14368352001026305472,2,12.0
15107407256085268378,2,4.0
1383348727941533955,2,4.0
6503166770149385812,2,2.0
9850939295558211196,2,2.0
14302584178935744374,2,2.0
1486958021973122575,2,4.0
13599716967368600874,2,2.0
4460782866728263304,2,7.0
15210899059814394924,2,5.0
16263589692505852411,2,2.0
8259235480605190796,2,2.0
15295771218957523807,2,2.0
16034669316288965026,2,17.0
8860798303069433828,2,3.0
754315061857435722,2,5.0
16638136880758263396,2,5.0
476242834002696336,2,2.0
4501181060180834952,2,3.0
13002905437969874668,2,3.0
166173020109372197,2,2.0
5575394582060450984,2,9.0
16814648120636225863,2,2.0
2188863778999139778,2,8.0
15060389391401384564,2,8.0
4268373296808500519,2,2.0
1693681543624793420,2,2.0
13355991076826034133,2,16.0
5278998383435669072,2,3.0
1828440029282813026,2,4.0
18059070469702821829,2,8.0
18116607423241405981,2,35.0
17802667415792280842,2,3.0
1167147581421592844,2,23.0
14983528690891094474,2,4.0
3291449664216492887,2,3.0
1024400484446315897,2,20.0
6295947805249028321,2,12.0
309093447428247878,2,2.0
7342530385613014132,2,2.0
289448365907081467,2,6.0
10394597320922655171,2,2.0
7441968525237612888,2,3.0
4116795069018884466,2,9.0
14405004368056121844,2,3.0
10459242436299735904,2,5.0
7055584880195177218,2,6.0
3108046765549374653,2,2.0
3669031665201185976,2,26.0
10044547013489509445,2,2.0
12249927231541729935,2,3.0
5881175483854422862,2,2.0
5483488820623340501,2,25.0
1932069171233967184,2,9.0
5425189030988891296,2,3.0
4915898047854523676,2,2.0
16281278919831672249,2,4.0
9288734398206973232,2,14.0
14648007172740278575,2,2.0
4233685549724281251,2,2.0
11223280807133166303,2,2.0
18107139954384300859,2,2.0
17788538298477966447,2,14.0
13830614475386830332,2,2.0
8572430285919932867,2,2.0
2519752188197269804,2,4.0
13585904223920731280,2,2.0
7226519929020594460,2,7.0
6330172409002021997,2,2.0
10300584760111252959,2,3.0
17991719661143178317,2,2.0
16010348182203939308,2,33.0
6385068289024749963,2,12.0
16091693699206178934,2,2.0
4750759146761012722,2,5.0
14915103614683968836,2,33.0
8602887191182447944,2,4.0
12415995901279600740,2,4.0
5067496395823330050,2,2.0
10072841407238230086,2,4.0
889696400336861237,2,2.0
16998826464451248525,2,3.0
9639718100564658857,2,11.0
16843059481463355020,2,2.0
2068022513993678876,2,15.0
17873870622822699553,2,3.0
9801019827515772652,2,11.0
3174884218833374548,2,2.0
13642926606284426513,2,15.0
1941413173836094184,2,2.0
2912660672370933480,2,2.0
10531322597066397939,2,2.0
2710344394669722248,2,24.0
2031165838666652819,2,56.0
8629281468957213831,2,2.0
1209377582555208865,2,2.0
16717036356833278488,2,6.0
2044684160320262209,2,2.0
11775153128423399045,2,2.0
1744974517009516234,2,26.0
448091411865534332,2,2.0
7030592748636217494,2,5.0
15011263208504033698,2,2.0
9198160499139489336,2,2.0
116412032450080712,2,2.0
17957739691348959078,2,6.0
10856530253567846828,2,2.0
12923013067077146062,2,2.0
16253931274863755664,2,26.0
11602229433955514320,2,2.0
16028623323151790544,2,5.0
13476399381915702269,2,31.0
12122685997892488822,2,5.0
11064815440189803898,2,3.0
9543846611054017769,2,2.0
13403455825818762989,2,2.0
2424219346063025313,2,4.0
8327069658360255826,2,7.0
15100727704463416098,2,3.0
13776061979502541197,2,12.0
15543336452046054556,2,3.0
8003760413140381449,2,3.0
17697484491631959179,2,3.0
13641255203146145271,2,4.0
13833820071239190264,2,3.0
10183326227958454001,2,2.0
5852622154364638963,2,3.0
10759563185454969358,2,33.0
5696408993419067003,2,9.0
12970897043388164408,2,2.0
16968038532634392829,2,2.0
4568888463082938692,2,6.0
17068747712654331739,2,5.0
12607997626259920743,2,2.0
12681532572256832839,2,2.0
10509280183680372778,2,2.0
8516338481290259193,2,4.0
15902937531977693868,2,12.0
16059231276982489864,2,3.0
8729029287391751148,2,2.0
10220708465825193530,2,20.0
18069782300259562431,2,6.0
3312501857840369988,2,2.0
13008649635530847495,2,2.0
4816873532935479365,2,48.0
6061758912479344796,2,3.0
15671791655436150923,2,3.0
2312880920799299979,2,8.0
15811637357976859416,2,48.0
5617319661738930798,2,2.0
11930682767268730894,2,12.0
1754137628971086193,2,8.0
16841621579278746593,2,2.0
4757060523165572812,2,5.0
10469450601156648294,2,8.0
5689773436687738752,2,2.0
7050096187934254620,2,8.0
1178839863384165262,2,2.0
6780013460137115939,2,30.0
3233481904501394907,2,2.0
13995906862100930473,2,2.0
17619155777913848876,2,3.0
18246143873041502225,2,3.0
7684290320941001832,2,8.0
6511492483822025831,2,2.0
18077814781091403033,2,10.0
17207115668820179394,2,5.0
41251444431215487,2,3.0
11286250008257203515,2,3.0
2899966562305183131,2,2.0
13850622437006078303,2,2.0
8837178629472116842,2,2.0
12803994672118030562,2,6.0
5439847421945193232,2,3.0
6508725464011529133,2,2.0
16532546827130992053,2,3.0
3272154100337441775,2,2.0
16222693259559109285,2,3.0
538952346522122833,2,3.0
15315745003236806762,2,8.0
8278584163866925821,2,6.0
10622019051115601483,2,9.0
12917302144072092004,2,37.0
11702885890491547692,2,4.0
12817034023692696902,2,2.0
16587620034982707586,2,4.0
7523024724536551429,2,2.0
15711712004098707140,2,9.0
11413108522591574379,2,2.0
4395488455784564725,2,6.0
759737970636672019,2,3.0
7182285086656964535,2,2.0
16262543975361502833,2,4.0
11048832306368079111,2,32.0
6201403348154036504,2,3.0
15230950123123120738,2,3.0
14566085804649846310,2,3.0
3029392030311223379,2,5.0
15245289720773257104,2,11.0
4023855333166887141,2,12.0
1878450301698140407,2,11.0
3386242287022497332,2,25.0
10265021903022869599,2,43.0
1302708352498734145,2,3.0
8727352802880626257,2,12.0
17117705885035665501,2,2.0
7662947981597918906,2,5.0
149018282972957838,2,27.0
10157561089865696635,2,2.0
10873222110008464471,2,4.0
17952894479663373312,2,13.0
2450603545761788867,2,4.0
8250178875838901788,2,2.0
10434003932900804537,2,3.0
255987870963601255,2,2.0
8804484617192770376,2,2.0
8714159037841323377,2,8.0
8408987131977824252,2,3.0
6952941998051031056,2,2.0
5524213179632891712,2,5.0
11345353012447352408,2,19.0
9191159149879929882,2,4.0
5207508628270217915,2,2.0
1232760661397623904,2,9.0
7293696827473003548,2,16.0
15121110475589033362,2,3.0
3929581154179357426,2,7.0
6713777033116367785,2,5.0
3782959469949608005,2,17.0
10273648579517552674,2,17.0
404413165110568206,2,3.0
9140969980252796116,2,3.0
17524312769028041692,2,11.0
15007930153122190075,2,6.0
7287325783509794799,2,6.0
10097575197918536249,2,3.0
17518318714881337369,2,5.0
12446931852142049238,2,2.0
6167813548045110063,2,2.0
5000071333944811096,2,2.0
4463070266297287057,2,3.0
13494474220883344244,2,23.0
863514940123238657,2,3.0
18345715838690698665,2,2.0
17197875555568769681,2,2.0
11893841879665936494,2,7.0
7517692368365489358,2,3.0
14326236094016913672,2,6.0
7005050966080307807,2,2.0
13965774478097606110,2,5.0
7892132820988044268,2,20.0
8848814485985147268,2,3.0
8771432133308907076,2,4.0
17666038506228359027,2,5.0
9108464332593004066,2,2.0
5298152479353025226,2,50.0
14799680253560833544,2,34.0
6739975269501545444,2,10.0
4094863707259758298,2,2.0
13080922539368004761,2,60.0
11681434271439791367,2,2.0
2998900057011176239,2,2.0
4071073461405088352,2,2.0
17639068405456862878,2,3.0
8730979288727511782,2,5.0
9716727473736781038,2,3.0
16716625294884168576,2,5.0
4749507571391910539,2,2.0
18269114428842900419,2,6.0
16909819020040306914,2,7.0
5830099830157762318,2,2.0
6516227383140957080,2,21.0
930896855666223517,2,2.0
16924887569019632372,2,4.0
955573277725131067,2,10.0
1605275241719578027,2,5.0
12766988148002189893,2,6.0
13623972630930864694,2,5.0
15800262576764550969,2,47.0
14920914127681076506,2,3.0
6819178235340801429,2,16.0
2333877187823498716,2,22.0
5818767976274257373,2,2.0
15810392288428192771,2,2.0
8500662119121790540,2,2.0
5550946142781234640,2,2.0
13148525641756073131,2,2.0
5813185090055029800,2,4.0
8825765117909282862,2,2.0
4107629932292583599,2,32.0
18183658850505000421,2,2.0
14564044790739412997,2,2.0
16648177395362666026,2,231.0
9975784890052445338,2,13.0
9622265998941691379,2,2.0
7918975510828353569,2,4.0
9614173569450787112,2,2.0
12278638355808967801,2,5.0
4561102173881816946,2,2.0
12762975134134328879,2,4.0
8419733004916067123,2,3.0
580035392829658040,2,2.0
11652544870708747536,2,3.0
287088407976447015,2,4.0
3060342024340544436,2,4.0
4310462245827080093,2,2.0
18295996802382600149,2,17.0
16947415591678649485,2,4.0
4315370108172823969,2,2.0
11455401260549838373,2,21.0
6815958772577866885,2,11.0
10767070439684975257,2,2.0
8739936038690969101,2,20.0
3634877073585833768,2,2.0
1171651460746476154,2,3.0
9037461260907318141,2,11.0
16733910284024432141,2,2.0
10203385290956659502,2,3.0
6073857534181300158,2,2.0
14111253432732172057,2,2.0
14740355103185882217,2,2.0
2846104698066183308,2,2.0
5104939171950861208,2,2.0
9631028411458012668,2,2.0
10680941033149810878,2,7.0
8732141301678536427,2,2.0
13321428666507191207,2,2.0
10420643917824030213,2,2.0
8247796535937952404,2,5.0
9372683787180653389,2,4.0
2225431902948588895,2,3.0
1247455039670604896,2,8.0
5938263797342132914,2,3.0
4392935862494972737,2,4.0
11757325653526131621,2,17.0
3863059476769115001,2,3.0
2999023986435348984,2,6.0
15070467297063445792,2,4.0
8798849621872936929,2,3.0
14851400921396673151,2,2.0
8395030279384784946,2,3.0
8619905560175654281,2,3.0
6216742640651563868,2,13.0
13301486467192681437,2,2.0
4204100245984165914,2,32.0
3349789030890364046,2,3.0
16291968457651699425,2,32.0
13189939265933319473,2,2.0
64516713746474967,2,2.0
5096089408784536983,2,3.0
5700444055755252680,2,9.0
15114278413710082778,2,4.0
7435526130126015422,2,2.0
1017647884422386376,2,10.0
4758360418368648769,2,2.0
3485776084386575247,2,19.0
11560201817678243967,2,9.0
11367738316154999598,2,3.0
16687627014925081680,2,3.0
12248737926213895957,2,5.0
7296170895900760002,2,2.0
16787983507782033955,2,3.0
12154540868404904088,2,7.0
6307434254374890412,2,64.0
3495315760459286150,2,3.0
18039382195315485521,2,18.0
3334611487267107375,2,35.0
7205077689122518934,2,8.0
12307647581758188429,2,2.0
2254266080744185779,2,2.0
10598836917614720449,2,2.0
7321325844170102688,2,4.0
5581429415361706922,2,11.0
2091496760724117156,2,2.0
1058864238753225915,2,6.0
7885774448413027977,2,25.0
16131737255428878353,2,2.0
10322620402465048260,2,2.0
8782737359086496824,2,2.0
7939430348977202985,2,3.0
7308575182185474814,2,2.0
7192723432368630883,2,2.0
8355905132689443901,2,36.0
10329425937439381622,2,4.0
8119744849133652085,2,3.0
5829038569873542045,2,10.0
15339716871267385828,2,3.0
4883892356203516009,2,6.0
16627675575219104895,2,17.0
16460349147650955778,2,3.0
3819021038413906509,2,2.0
12501388516072285921,2,2.0
15788676618749415132,2,4.0
7841665156129604961,2,145.0
9069947069157547359,2,30.0
15193172608729261447,2,2.0
1334606091234812806,2,2.0
14903523358391479044,2,5.0
13859017714347519730,2,2.0
17612901926938873161,2,9.0
9435550690691273919,2,2.0
328514094904487205,2,3.0
14865295469413336623,2,2.0
6204721381239793457,2,9.0
2173015081384017051,2,5.0
8503537637287044894,2,2.0
6658674533212612664,2,2.0
12173193224081367324,2,2.0
9243115181793600906,2,13.0
10020315852227149878,2,3.0
11445168318897871485,2,9.0
7713073390159955893,2,3.0
17498784417960975277,2,3.0
4580288734547399725,2,3.0
15178064434980490084,2,2.0
5491402258978798919,2,38.0
15524492866406754197,2,16.0
7155687358028498323,2,13.0
17543296206149000491,2,2.0
12171952014397260624,2,33.0
2023616017061736831,2,2.0
5494478497128057043,2,4.0
8542949169729659400,2,16.0
7802615681046478438,2,4.0
8684125378621030221,2,3.0
4761381790450268968,2,27.0
1036436118301180070,2,2.0
11541693429777356650,2,9.0
16555828200255064806,2,4.0
17967912412445430697,2,5.0
11802111828560736331,2,3.0
5472032992555326484,2,3.0
1418828271888871234,2,2.0
768879530047643250,2,4.0
7747395615082642074,2,6.0
8114815295809951200,2,2.0
15015455733619386974,2,2.0
13335625427781468145,2,2.0
15873928754333350456,2,2.0
16339873593342063169,2,2.0
15784209489215632817,2,3.0
7058180229500569873,2,2.0
10576119739352541136,2,9.0
6046444304749197963,2,3.0
10975709324632999553,2,2.0
15698761209563092658,2,3.0
4579671963317167383,2,3.0
2101638355957499500,2,26.0
8549588480514286475,2,7.0
15448134671961230911,2,14.0
6028614461111083577,2,4.0
11641821903955248903,2,2.0
3525136484671956978,2,3.0
13256455892419370507,2,37.0
11077259843278375189,2,3.0
5224951331735378923,2,35.0
7802679325658763121,2,9.0
5884846148781437482,2,17.0
16399554541109424123,2,3.0
11981243688604782733,2,4.0
2071636511816689999,2,2.0
9487266151478227537,2,16.0
12463862266666448134,2,2.0
16173541288848079726,2,34.0
15325353383292826911,2,2.0
1794445903213417245,2,2.0
14041298792615282818,2,6.0
6970771522330387845,2,6.0
2809455709340274648,2,9.0
14656936637281931669,2,2.0
3502776267731101572,2,2.0
1740854415091352868,2,29.0
18132263056433695303,2,19.0
1701835245644845884,2,2.0
3323765708221623876,2,3.0
2964667391109746937,2,2.0
15536798738571332901,2,2.0
15795806020960140887,2,4.0
294844781605199634,2,2.0
16394875684692810870,2,2.0
2881979980799124585,2,15.0
13773653095868016482,2,2.0
4619869420119683107,2,5.0
14242916361313487268,2,23.0
14696593827309229108,2,7.0
5330162294749716377,2,4.0
12737197642291429959,2,6.0
8665858731954286334,2,3.0
4425302465965852819,2,2.0
17887736737039091296,2,5.0
6468095984086405752,2,6.0
15025444429476884525,2,4.0
810524994464801540,2,33.0
15542498213225867300,2,3.0
14622311861306099743,2,4.0
18053503447242860485,2,4.0
6577246417534174795,2,3.0
859222152215033034,2,2.0
14501806034323574052,2,76.0
909120524425121878,2,5.0
8066406946569844601,2,2.0
18189204381369191374,2,4.0
1565477597366918087,2,3.0
5568972657702536480,2,2.0
13036648595883138237,2,11.0
18212437027649004004,2,8.0
17471693830414903673,2,3.0
10612857043597747566,2,25.0
18030933361050956347,2,2.0
17508716837942440820,2,4.0
5854968198468353219,2,26.0
6395526551629788242,2,8.0
7428493768966260442,2,2.0
11313030271206781369,2,3.0
11063877185794944693,2,7.0
2834941430920318116,2,6.0
14123564547989829201,2,15.0
6803563887591082013,2,2.0
17845469002850892284,2,2.0
1072381884858748022,2,4.0
15016720598411859672,2,2.0
12450358007583562317,2,35.0
5595626273942110767,2,10.0
9566767031371951570,2,3.0
9016561281524357147,2,2.0
11998449937088427389,2,2.0
17761144776347282707,2,4.0
3073413642574115149,2,3.0
6229463712853298400,2,2.0
2854621803565952540,2,5.0
16189452030574604967,2,8.0
15387762102704468091,2,2.0
17198896987179840801,2,3.0
14898515130804892122,2,4.0
8312503310673765486,2,5.0
4427786844039257449,2,2.0
11071390197319814174,2,2.0
15608496188169757284,2,5.0
13681600681185770085,2,10.0
10567661940245045525,2,12.0
3455164734993646435,2,4.0
5050377348246819003,2,4.0
14320132925378701821,2,2.0
2681965558245383013,2,69.0
4614374376019183229,2,4.0
12436867678575813098,2,2.0
4112873588641196259,2,2.0
10795654347358415378,2,6.0
5081267325128891283,2,4.0
51130797477313899,2,2.0
3968359734143733086,2,2.0
13233188281783510303,2,21.0
5248189386672093161,2,2.0
16925715232782257919,2,2.0
4791937076898870066,2,3.0
12750051966388023753,2,25.0
13868583559618074476,2,21.0
16244911977439780225,2,3.0
10149104779253480816,2,3.0
7827574716478393884,2,11.0
17490574948743355212,2,7.0
11819878890477946646,2,13.0
5984908841549883064,2,2.0
5403398981059201534,2,2.0
17874536884759762119,2,2.0
16480418297193245969,2,2.0
13530395494144630931,2,2.0
16458633205997805920,2,2.0
9721397842572066294,2,4.0
11032661188083020315,2,2.0
4097690731343620177,2,22.0
10591840733479085126,2,2.0
10167759751352047476,2,7.0
6901028920559663200,2,13.0
9706980057469751706,2,5.0
5268983205273660136,2,6.0
2686580091475278402,2,3.0
3686847739947056997,2,3.0
8646577236108308858,2,2.0
10801368687571128340,2,30.0
2908687060215493882,2,22.0
9138609295108467269,2,3.0
5175890690673347384,2,32.0
3494865611680674972,2,6.0
7667743749284435463,2,3.0
3692005948453037133,2,4.0
12964965707217599641,2,24.0
7088231276083697403,2,2.0
5516979708593378198,2,3.0
9036503147800343092,2,7.0
16238756532896531302,2,2.0
3305109366900291534,2,2.0
13143544561975652591,2,2.0
3823232996646128211,2,7.0
5070626636316396884,2,25.0
13767343190098036737,2,3.0
8536921738509170211,2,9.0
4908560008572662449,2,3.0
11600105797327029499,2,2.0
4698011826273867567,2,3.0
700332517701657504,2,3.0
169131346776885140,2,4.0
5389484457258766476,2,2.0
12589926044880264242,2,3.0
5896771374077810668,2,8.0
15287030969278310285,2,51.0
744843810870573111,2,2.0
17994064415733072496,2,2.0
1243114124600096788,2,2.0
9975947654825842519,2,9.0
7600504488251334981,2,5.0
13374033516534580711,2,3.0
5446680319164362459,2,4.0
4303176328363716602,2,2.0
2839011957106467296,2,6.0
16794999432620989638,2,9.0
13958983518041065182,2,2.0
1624677265598926600,2,3.0
9336585633576664479,2,4.0
17675847953856154295,2,5.0
6335347331079774594,2,2.0
6909351488643185583,2,2.0
12383746765395750897,2,2.0
8674791146161342443,2,2.0
3546786385232668731,2,2.0
10594250577065291555,2,2.0
13487997871040814540,2,3.0
9996904919961500350,2,2.0
1590388843792885522,2,3.0
9046677482406460323,2,2.0
10631562716321003030,2,2.0
7781703345656359560,2,10.0
2547365759751768464,2,3.0
13362369878897963439,2,6.0
3999167168602866690,2,2.0
7427628265653225873,2,11.0
7811048726434493803,2,118.0
11847955326943148335,2,2.0
8953854331508712169,2,2.0
15259934293408607418,2,2.0
1709000241936504677,2,17.0
17869012342505801869,2,27.0
6512292463405679014,2,2.0
13946852902404058245,2,2.0
13094805301377851743,2,4.0
17178454213399103415,2,9.0
10951973956493151209,2,3.0
2066759271992021362,2,3.0
14342529777408870426,2,2.0
2464809969611694286,2,4.0
14979894514179109205,2,2.0
9690689539683611960,2,2.0
6340116075515668823,2,3.0
10200300996000523369,2,13.0
483999221969763476,2,8.0
4992168703064786584,2,10.0
8537124078215237859,2,2.0
12911570600425539077,2,3.0
12912816871824188330,2,11.0
2879970206216331102,2,2.0
8764547972660811693,2,2.0
15802811571003288989,2,12.0
3592602934364501116,2,32.0
6774415518879694723,2,16.0
7609762018042766882,2,2.0
12976128400458954802,2,9.0
1375905367382168591,2,3.0
17139572662965607983,2,28.0
1714297140827074450,2,31.0
10145854183893295516,2,9.0
3875945574441246567,2,26.0
2275451030861678465,2,2.0
7653505752586002886,2,9.0
17703032327998089529,2,7.0
6566142116377594608,2,2.0
17310006715001778508,2,9.0
13052931257055203650,2,17.0
7432597098357560956,2,10.0
9776931489796001843,2,4.0
199974917349427893,2,4.0
15192272971416137905,2,7.0
4366943397812978691,2,5.0
5849236424638567538,2,37.0
5939925823133403746,2,37.0
5202553734059250636,2,8.0
17389857583706424433,2,7.0
779091967223939104,2,2.0
2255362583814945906,2,2.0
6527825227523528431,2,3.0
9030125839634293204,2,28.0
14173818628050378737,2,5.0
864921905545239280,2,4.0
17011434358957388717,2,2.0
15986054065340778017,2,2.0
8527720250188170575,2,2.0
9511410193822613682,2,4.0
10135929552334203816,2,8.0
13847497024236563492,2,2.0
4226434751344668874,2,2.0
15420195454811847005,2,2.0
10317801640696817135,2,31.0
16533167466014075866,2,5.0
9345984357597042586,2,3.0
2737274745592244656,2,4.0
7829053216579652485,2,5.0
1372777197404437978,2,3.0
2681473810417069530,2,2.0
1793929590051420070,2,3.0
13319105329634088043,2,34.0
4954610888880218622,2,8.0
9784986890675052579,2,20.0
6589849814578544244,2,5.0
303764076548994880,2,22.0
47144893911297072,2,2.0
10615228172207804354,2,8.0
2274264298309365899,2,4.0
4751026141678433998,2,7.0
5359545291781088420,2,35.0
1917547056581834333,2,32.0
10479894618112307475,2,2.0
6692226849630375257,2,3.0
704293851870078311,2,10.0
12766313416699524943,2,27.0
6510691686332075581,2,3.0
4238595540065785728,2,2.0
17033742769116453297,2,16.0
16802205085493877614,2,2.0
2917220279425747778,2,2.0
17826613984925721103,2,22.0
4436232906387176953,2,13.0
9214690395580520975,2,10.0
16479539254064905306,2,5.0
13656948131425968508,2,2.0
10156549730741754105,2,51.0
16284301634799645174,2,6.0
17583685082820743502,2,3.0
15288080736846047433,2,3.0
5665324423188983626,2,11.0
14273813497589414644,2,3.0
10183299064091976246,2,23.0
13759992408698129806,2,13.0
13288622506833815568,2,2.0
5932751719067528216,2,4.0
9043186119772296986,2,2.0
11415914558908127184,2,10.0
11499037354951041115,2,11.0
14862489371710129590,2,2.0
1128770105731864210,2,3.0
13118742936830913210,2,3.0
14414226149152713298,2,35.0
6136857654753386474,2,71.0
5148103519495772732,2,2.0
9332181159017009204,2,4.0
13890369031246116870,2,4.0
14079635560456277737,2,3.0
15309196807691823271,2,6.0
5627395348850649119,2,2.0
1700436374042816384,2,12737.0
1471997448260259076,2,3.0
11829667960265653818,2,4.0
6260249870163685798,2,9.0
3481431293622414706,2,19.0
12754511231893230627,2,3.0
675687861490749473,2,2.0
16442239754911800060,2,4.0
1890912037109133232,2,3.0
11408131689465282177,2,5.0
7048396807432213106,2,11.0
16814536336660922515,2,2.0
3612305863435572980,2,2.0
7111158702555202836,2,2.0
12935937884768151252,2,18.0
8057024263330547016,2,3.0
6120046252807568604,2,4.0
14458258400962086807,2,5.0
10833411871395509440,2,5.0
11241266651637332016,2,11.0
7007128459446175147,2,3.0
4740240291290663144,2,3.0
8753155978403001268,2,2.0
7913335588859523556,2,2.0
5100166740369770019,2,2.0
5765516965292756643,2,5.0
11224698200313702985,2,3.0
9238449035494506335,2,2.0
8455167305272211399,2,37.0
10804944032957891184,2,28.0
17727796927541935384,2,28.0
13790859151453401728,2,6.0
15789710320903674807,2,5.0
15778711992385673004,2,5.0
17676978542526030037,2,3.0
11880549393465864092,2,2.0
3606138050045365683,2,5.0
7325026483713476759,2,2.0
114388033163551150,2,2.0
10880020844851392650,2,3.0
7868454580217754557,2,3.0
16898291678703421997,2,99.0
7975078454645816976,2,31.0
14007576425959818226,2,3.0
16014380455823644432,2,5.0
10785506661986900827,2,5.0
10519993726298863468,2,25.0
6225165830255880653,2,3.0
4177207810449839113,2,6.0
13553714736890468578,2,52.0
15125929430367445842,2,4.0
315615893253952272,2,2.0
9592247902739949197,2,2.0
7855151695429272054,2,2.0
16889667921357646881,2,5.0
12374560260302113099,2,6.0
15391479368339647961,2,3.0
1664651553365673168,2,2.0
6846228779134276966,2,4.0
2968657770403465870,3,9671.0
2471951845199042951,2,2.0
18344961980082077877,2,10.0
10952480646167047177,2,4.0
6308721845382101389,2,2.0
15382865711450250287,2,12.0
16563983319735985939,2,5.0
6146972887271116076,2,5.0
4956546110657354133,2,4.0
5647325562717810023,2,3.0
9267841767620332070,2,3.0
16964613783530032699,2,4.0
18441550399883851850,2,3.0
6178434356827420630,2,2.0
6075643427798478660,2,5.0
1615713938835383994,2,44.0
350803101742138054,2,2.0
867138149814598486,2,2.0
3238664605931546315,2,9.0
15213747303965225584,2,3.0
15262037013687964560,2,3.0
16521897810715477101,2,2.0
14466487993403065862,2,8.0
11910652475666158968,2,4.0
10225994168312003344,2,2.0
7817566613233531390,2,5.0
6346160345015420482,2,4.0
4521311503729279216,2,5.0
12024424753396181698,2,2.0
14107869565357869233,2,5.0
9278508802400228558,2,4.0
11310549601652216940,2,3.0
15833089671931476380,2,5.0
4290774422431840844,2,2.0
2590422178308143918,2,15.0
3961178727366571618,2,2.0
12190871008486150950,2,18.0
1204941736568092396,2,3.0
14358764658429192844,2,6.0
12673203036028330276,2,2.0
6231467775398817696,2,2.0
7002893484510862622,2,2.0
7063404895134099322,2,6.0
3836269278024679318,2,2.0
4441037693624101217,2,36.0
1647566041424746791,2,5.0
17908699869657237572,2,4.0
3284495874103474074,2,8.0
15676828993364144259,2,2.0
704983449657995588,2,2.0
2641069509696949461,2,8.0
1175762788298159792,2,19.0
16182000289460918753,2,2.0
2800121487306298889,2,7.0
17172077858734476509,2,7.0
3429277363578706276,2,3.0
9923160642932894408,2,3.0
5735174716257028584,2,3.0
12932105711247390493,2,14.0
5433822929981517202,2,10.0
6056596610390197148,2,2.0
13539305392353021561,2,2.0
7713141393688353803,2,4.0
7351590022840367660,2,5.0
4012289365871660210,2,6.0
12222850304858890203,2,3.0
1115118626322584556,2,2.0
14957825686233863397,2,4.0
9341363869716040144,2,2.0
14234194203141275133,2,2.0
15823609864210727020,2,25.0
15606970151055402832,2,18.0
886500746777406088,2,2.0
9770197103211123821,2,16.0
1836063068818266781,2,31.0
1015880022519544583,2,4.0
14284119081660518206,2,3.0
9590873236410391602,2,6.0
6492650482160024954,2,2.0
1038038872733583775,2,6.0
12119405423932051208,2,2.0
16262719672591825178,2,2.0
11414476328406019797,2,5.0
10848208111942724417,2,97.0
11170350289604935734,2,9.0
5229891066545745163,2,4.0
15876221310342608175,2,2.0
17111636034908257772,2,4.0
16009109269787421954,2,4.0
810491960647555084,2,64.0
16790551821408862037,2,2.0
2914314366414913757,2,3.0
6239607815349129928,2,3.0
4298485342942996325,2,2.0
5650767147903785056,2,4.0
529635755429807707,2,7.0
4071042358896768216,2,2.0
7112588605559022281,2,3.0
6053980965860888752,2,3.0
13271142439996348003,2,2.0
12327367128652402452,2,6.0
17537622339163433334,2,2.0
12089167682787253567,2,2.0
13665323689906452108,2,3.0
16418306666771997529,2,11.0
9760314671347491124,2,14.0
8809783403429919242,2,36.0
517157339099537826,2,4.0
3256012023026613915,2,3.0
4584110070410104881,2,3.0
5938767027536300549,2,2.0
13764258099059716147,2,3.0
11281667433794419453,2,20.0
17875883578635983673,2,16.0
15538077924656866271,2,4.0
11557012728080645531,2,2.0
5246989865179029650,2,7.0
13377921686277971159,2,2.0
631303707610982259,2,4.0
16916383154786993814,2,6.0
13874792955690018749,2,2.0
6933228609854331680,2,2.0
17998886459167774186,2,2.0
7509582403645633184,2,2.0
11840815280030149748,2,7.0
15026219972419920210,2,4.0
3255059465597976549,2,3.0
16926402080040665442,2,5.0
11003792136815437931,2,2.0
10647144507388575037,2,2.0
7627381132273370321,2,6.0
8367647499038178436,2,2.0
16524242027303344889,2,2.0
16054168004247783728,2,2.0
14092714433967725301,2,15.0
2337767169667997845,2,3.0
15991296041798559226,2,30.0
8293679192136290518,2,4.0
18279174493620679948,2,4.0
4297140623714716991,2,4.0
3659625218770708914,2,18.0
14686365754184426858,2,2.0
9353092715008101577,2,24.0
7422778880568469795,2,2.0
9456564012929424481,2,3.0
13365372174126566384,2,4.0
3007417469943080783,2,7.0
1948928963864657770,2,3.0
4975130580874905341,2,2.0
9762172032427878573,2,4.0
12006959575445035372,2,6.0
7960722242163606094,2,3.0
7494031543195903294,2,2.0
11689229071536168754,2,4.0
15665574528992302267,2,8.0
16211603689750399967,2,2.0
9713952462409777787,2,18.0
15387606361491569668,2,34.0
13026999808444022395,2,2.0
4777384909836975485,2,4.0
1154971672123773590,2,2.0
13526708030055314942,2,2.0
14837733293072686790,2,2.0
5542204594692176489,2,4.0
10730966732325821756,2,16.0
9942700299930217331,2,33.0
14488015444589148658,2,2.0
2605685892383060565,2,26.0
13059962034703880064,2,5.0
13133371701253158567,2,3.0
3930158241492355093,2,2.0
13070006755759747382,2,22.0
17004427250643152568,2,4.0
15470497354226930063,2,5.0
5803312774344205930,2,9.0
2126681819959256362,2,4.0
9848461730233004733,2,2.0
754281681262211415,2,2.0
8062156617217371276,2,2.0
2193037945107207877,2,2.0
13433812375456622015,2,21.0
7110231511481418758,2,3.0
2019632737172380244,2,2.0
236310300481455714,2,2.0
18368237751864104364,2,11.0
3025220026230269059,2,28.0
13939033754622560624,2,3.0
5430056343212415244,2,9.0
9619577493412349888,2,5.0
11642355488629539684,2,2.0
724492756405607874,2,2.0
17706587611767451096,2,4.0
11860557364734276184,2,6.0
2639271832366099983,2,2.0
6780111851053347360,2,6.0
12123058748772775138,2,2.0
117635891302068393,2,2.0
3586234089714547990,2,2.0
13043995996834217909,2,3.0
15946707234709739399,2,4.0
3967514326179762776,2,8.0
11389393064806827153,2,2.0
10821683871796436423,2,2.0
7747351688533564483,2,11.0
14951344193928200997,2,4.0
6586791085992872774,2,2.0
9064684776943843949,2,2.0
16562776189969457913,2,2.0
15753156886004966418,2,2.0
5982838819333480294,2,2.0
13393752917183802073,2,2.0
16277635615300153713,2,3.0
16826111361410387868,2,2.0
17686924898758847907,2,18.0
2296234717747830540,2,2.0
10127811679326759381,2,2.0
13750229111951823397,2,6.0
5490175358144190237,2,2.0
5485954006786811889,2,6.0
18246683752624009172,2,2.0
16302236237794086486,2,2.0
10776109497546342534,2,2.0
10354891986176880073,2,2.0
196549218233995532,2,37.0
4726897598645814647,2,6.0
11809822699187449381,2,2.0
13657496820199816986,2,3.0
8875544997324687675,2,5.0
16024902420858121608,2,4.0
12630344236823597534,2,2.0
13436916711900954301,2,5.0
17425902357055047776,2,5.0
10132120665436997967,2,2.0
3296391289978467764,2,20.0
17640161679971706778,2,2.0
13179540674893757608,2,3.0
16981756353163848154,2,2.0
17356133559618830812,2,2.0
6956851622516984552,2,2.0
16898624706863414228,2,3.0
8564513577467494941,2,2.0
3361841395564007972,2,3.0
17428242632520772340,2,2.0
14252665137759011766,2,5.0
11864348004772554484,2,3.0
3421351491892178916,2,4.0
889641662773978702,2,15.0
3901377798894460995,2,22.0
17658708905730076265,2,4.0
4907718921802465539,2,6.0
17822595475195100180,2,2.0
545833292098633952,2,4.0
4132550447809701183,2,18.0
15828268697950363067,2,2.0
17700221442588047482,2,11.0
671581070069349005,2,9.0
2476239419352173649,2,8.0
10064472797344652974,2,2.0
2279425657416591324,2,13.0
10993163896361503146,2,33.0
7237969223836186392,2,6.0
4308616935954480753,2,4.0
12482296544581384787,2,2.0
10949333503274841470,2,3.0
4065025805316989427,2,7.0
14080489039150215338,2,2.0
9504278448064128098,2,2.0
3703547203076026246,2,2.0
18333535720102303118,2,2.0
3972342503030448955,2,3.0
12725061437236330327,2,4.0
16650894044506703594,2,2.0
3151776646892625277,2,19.0
7452695444274340095,2,3.0
12708311995130174870,2,3.0
13533087925761155038,2,2.0
14388908381971436509,2,10.0
3258581023980449232,2,3.0
10514616756134174917,2,5.0
1031829552215105330,2,4.0
13176726567341936527,2,6.0
9133114986931726092,2,4.0
10090894233757553362,2,11.0
7832921644800893357,2,2.0
8354433190090136025,2,3.0
16072507754079319690,2,2.0
4669192332623417397,2,8.0
15520529500789508223,2,9.0
12477241048705203569,2,4.0
6790160041266120619,2,9.0
12557172570833321373,2,3.0
9826344608735611683,2,8.0
7623021230796676445,2,3.0
3169894665165782350,2,2.0
5459877400397626063,2,5.0
18098533351866447458,2,7.0
3027737786339637925,2,10.0
5738105770754382864,2,5.0
12887630584387962994,2,2.0
1760609505252272887,2,5.0
9896850099129456619,2,14.0
15255038558240349531,2,2.0
2066517901373044560,2,20.0
10592736991641374112,2,2.0
13961234473012127836,2,6.0
11362798724649424048,2,3.0
4603789829346168172,2,2.0
9226102359713323085,2,24.0
16787191706730376797,2,2.0
2096013957294240148,2,3.0
9324033163499682405,2,2.0
3403899031931824834,2,6.0
9690911502084523718,2,3.0
4811162329379272557,2,2.0
2803877020361944687,2,4.0
6267479279175538093,2,2.0
3210171578193240899,2,4.0
18227412469053551425,2,7.0
2565078288480321067,2,2.0
4584559599857875100,2,4.0
7879746617301892444,2,2.0
12275722306183790239,2,31.0
13242818684340819507,2,10.0
5838748021585639242,2,3.0
6780578127225065200,2,4.0
5858251464057143201,2,31.0
1277522923256123305,2,2.0
11393098433426918926,2,14.0
6770278132374192879,2,8.0
17044400091915660125,2,6.0
8157350373526284038,2,3.0
14599116215642509897,2,25.0
11235939176650163753,2,10.0
3636082243570547234,2,3.0
17675177640414385566,2,8.0
8991979001348498265,2,2.0
17964212372501562024,2,2.0
14641777867819391756,2,3.0
6218962793514646630,2,13.0
11140200105354890037,2,4.0
5036208573764579020,2,2.0
10994636797263395678,2,2.0
6641678737821188007,2,2.0
2533164861925071757,2,2.0
10470068694445966389,2,34.0
4037472902885711263,2,31.0
329221532510852827,2,24.0
10132112064760243851,2,2.0
12250854551591793513,2,2.0
11365774947946412635,2,4.0
4229272814072090639,2,4.0
1935101220136796007,2,5.0
5589996816917346507,2,7.0
16854567983621748760,2,12.0
11246203884753613108,2,3.0
14639422839730371718,2,4.0
17964669250835173199,2,6.0
11470186711448244930,2,4.0
10745586804753875169,2,2.0
16797318677803348030,2,2.0
3480081428277174284,2,18.0
16463643776680366984,2,2.0
14617982961693675245,2,2.0
5068148616803086387,2,6.0
148533316897353296,2,2.0
4790189065904974275,2,2.0
778896326101317832,2,5.0
17032893147875974438,2,2.0
17114665417780120224,2,2.0
2039069582908211186,2,3.0
2333914001427642701,2,6.0
14164152245689767350,2,3.0
13253250515225560479,2,2.0
10024035969217976229,2,11.0
12623111437322154616,2,5.0
1139580551786265867,2,2.0
10482615741027327752,2,2.0
3952269387049006776,2,3.0
906141114797793445,2,4.0
7965317219179732992,2,2.0
8382395120117203439,2,3.0
14652452594496444137,2,3.0
7836272757652785084,2,4.0
568294663164218289,2,2.0
11331980336598866257,2,6.0
10651558965673780020,2,30.0
16365731311475464176,2,4.0
4736696840490311574,2,5.0
1284971818973820630,2,3.0
1105205093293472313,2,2.0
18409649622965363600,2,14.0
686466487712565577,2,6.0
3250204496883473897,2,2.0
7629744163417637816,2,3.0
2264074278345128679,2,8.0
1734511986279728844,2,4.0
17782361793119827966,2,8.0
11342084005654355041,2,2.0
6788962990604504237,2,6.0
3683988068114964756,2,2.0
6331768159780044157,2,2.0
15865241881147178768,2,4.0
14860765733735521023,2,3.0
15478567594039902106,2,7.0
14355855562132875281,2,9.0
7551708290261536623,2,6.0
2809793820374850025,2,3.0
17885302281922178466,2,3.0
4898001668538252244,2,2.0
11034405785261972920,2,4.0
4885920953037581122,2,5.0
14961188291893340895,2,2.0
13830400737062718864,2,33.0
1600681987753335851,2,3.0
6275010587703716599,2,11.0
710218556697286742,2,5.0
17692173449292282747,2,3.0
18281981104465285259,2,39.0
4359511402389048315,2,13.0
937651441333242416,2,11.0
3718053108443709541,2,5.0
9611739207969024857,2,10.0
9019428363385844818,2,3.0
18004600374266662185,2,3.0
2038749127961325794,2,2.0
8557687063979687482,2,5.0
3412056402946259491,2,3.0
3249736034298720388,2,2.0
16178412770511424368,2,3.0
5203221963763538800,2,6.0
1588967321326570329,2,3.0
18415154355728776844,2,2.0
13859258801631437158,2,6.0
17126230527578126621,2,4.0
11195171250100019071,2,2.0
1277694735563057351,2,2.0
5660950364437951361,2,3.0
3191122697629556666,2,3.0
9724865838681821202,2,3.0
18049148037281799971,2,2.0
4705141270778892950,2,2.0
13553945731256998981,2,2.0
5575640138688854691,2,3.0
2146924925302729730,2,10.0
8523854822464006407,2,27.0
1949215494478469086,2,4.0
16676336320942772598,2,43.0
10614137496761678734,2,2.0
1463367914679718500,2,2.0
15631854252476594713,2,2.0
15880870901746068167,2,2.0
1668786224263053070,2,4.0
2848614469663976304,2,5.0
3678830848872142006,2,2.0
12733830325840504083,2,2.0
7637144237413813125,2,30.0
10235858634577046356,2,4.0
15590491078118523142,2,4.0
16360419096140213514,2,4.0
8028166197831363078,2,2.0
15847361757744819976,2,10.0
10292323965565574473,2,3.0
2418912023385971647,2,2.0
2393393621891126822,2,2.0
1700062612888149593,2,4.0
13079691419708989786,2,18.0
5412476565841391277,2,2.0
2391968385294209359,2,5.0
14789689533593211502,2,3.0
385308370551284628,2,4.0
12849142980570311731,2,35.0
184996110887709466,2,8.0
271136044096383898,2,4.0
16786652442657933244,2,7.0
4764112355439038855,2,3.0
2604558084702505722,2,6.0
15522875378475179593,2,7.0
4677556234983004976,2,14.0
17716120735357732371,2,2.0
13207837180349193876,2,4.0
14906050015805430173,2,5.0
3201115568849074656,2,2.0
13985492659403940294,2,10.0
17268840859221319758,2,2.0
18392436368604916996,2,8.0
12799727772036674906,2,2.0
9413450412513860514,2,14.0
12492702577463530453,2,2.0
835370592482424085,2,7.0
17956495755526221706,2,2.0
10924127574058606080,2,12.0
9061226597747793580,2,5.0
5451512949249013229,2,9.0
1270176071215592826,2,51.0
8402437974337817399,2,2.0
6531369175818543902,2,6.0
13188533259824642301,2,5.0
9446121983728012689,2,4.0
1184307369407124170,2,2.0
8336424320282190692,2,2.0
8216123824335200444,2,6.0
13286972906356248894,2,33.0
1834671909969145972,2,3.0
2602027172968658288,2,10.0
6528781119542815241,2,2.0
17171907551205755266,2,3.0
2675680398607655969,2,2.0
163690679956566273,2,17.0
16825221564729932853,2,10.0
8017404268350790212,2,2.0
1509795276229497748,2,5.0
10568098673942000218,2,2.0
17938589953517605149,2,7.0
14851547061873753052,2,4.0
6287632190431592133,2,6.0
8507902446249911506,2,2.0
10403991757210439745,2,7.0
6331279562679250064,2,7.0
11796522280116595079,2,4.0
4914078828322356859,2,2.0
6152136964106624233,2,2.0
17927485579447210303,2,7.0
1257937119009602439,2,3.0
464612515469315901,2,7.0
8741827441309962293,2,3.0
2716163584443111130,2,4.0
14253437851281517136,2,4.0
16851903568201459199,2,7.0
8879845799196677007,2,2.0
7592746750875499012,2,5.0
13877910996352749332,2,3.0
357114179897665947,2,5.0
11947073562821619134,2,6.0
7438053615678956881,2,2.0
9130287445934888844,2,2.0
14199087751622876761,2,2.0
4442143403208807523,2,22.0
12473092236631043202,2,2.0
2412167469556749816,2,3.0
2747232883964801448,2,12.0
2937383954316247685,2,9.0
9387639577300158164,2,3.0
1688868139098869745,2,2.0
15143830488112473228,2,7.0
4091122547854127656,2,8.0
7703712566892684170,2,10.0
17278240778444209742,2,7.0
1306404818725597780,2,4.0
15292974753564714313,2,29.0
15847771917314024535,2,4.0
4493938644630288343,2,89.0
7632262253095958685,2,2.0
13991317600990021056,2,5.0
11872834216856258772,2,17.0
12762530497163533935,2,2.0
7092871170124909326,2,8.0
3309782983418025502,2,2.0
1733912884282585823,2,41.0
4425067872854281046,2,2.0
2504816498036710342,2,2.0
2466786604945027915,2,2.0
13324086106615880293,2,8.0
14982404645394860301,2,2.0
8715297243143053031,2,2.0
6654339114613693928,2,25.0
12452263186373840746,2,2.0
1039257210338746922,2,2.0
12436804666433061995,2,9.0
5421170557411750933,2,7.0
10338362033529716005,2,2.0
2530835402612078102,2,5.0
12302306920011910484,2,2.0
11615442891889824865,2,2.0
10921487210715416477,2,3.0
8850592809899203069,2,4.0
18347700562125687899,2,2.0
2927054174942588543,2,2.0
6110626356332790512,2,31.0
11995598790200172065,2,2.0
4285137976650337661,2,29.0
13351618862000505997,2,6.0
16220828813575140735,2,2.0
13844285493196316692,2,3.0
15257627969520609932,2,4.0
8828211955074965221,2,2.0
6521199925930625,2,2.0
1189151005073070280,2,3.0
8325996485329278074,2,5.0
10819982014254184311,2,5.0
8049308945935454593,2,4.0
10061187580640031755,2,6.0
14927847059565496144,2,5.0
17876417957728903595,2,4.0
7140275829807918808,2,2.0
7516852977105711008,2,24.0
15897994417090947601,2,4.0
1708420418754758478,2,12.0
13189063570088981319,2,2.0
14249409209663855709,2,8.0
16900896002568218175,2,2.0
2128916080498139831,2,2.0
12735120150397679247,2,3.0
856008382671404440,2,5.0
4065344119790876809,2,6.0
17961194779852041345,2,5.0
11986035253007578798,2,4.0
1738603249943951354,2,2.0
17084586617679633709,2,3.0
17799848210430207137,2,6.0
15426120670976886219,2,8.0
11904063585147373665,2,7.0
13724583194889893454,2,35.0
5258436898652056281,2,5.0
11479862940240241200,2,2.0
6266083397973605781,2,2.0
1969650389619954786,2,4.0
17463758841834052007,2,2.0
5487336199181560115,2,2.0
11965650653176272588,2,2.0
2553209520680773599,2,2.0
3694056005151302397,2,3.0
7744448621942733769,2,3.0
11313263786763886007,2,2.0
13653047598151049518,2,2.0
7459721851139318093,2,4.0
10171829395481910268,2,2.0
16496248483266586205,2,3.0
253888418474903911,2,8.0
8745450081380826111,2,2.0
8129960969740786887,2,2.0
16048606699623141934,2,2.0
3615882152675557970,2,7.0
8847679291084275362,2,7.0
8779341213568744824,2,12.0
12401677207977045212,2,18.0
11294359378572057368,2,10.0
14260569724972536602,2,2.0
6441495412063357890,2,3.0
2429320237040874482,2,2.0
3870812161275670953,2,2.0
6465365743001928684,2,2.0
11570080614224068595,2,8.0
636617330106548194,2,2.0
17001430946010172977,2,3.0
3410619638964672376,2,2.0
767619705675041482,2,2.0
10591944541141684739,2,6.0
4199211974377961233,2,13.0
10482843956491798410,2,6.0
7805081397658468150,2,3.0
12804123182360702655,2,6.0
6408825664138742080,2,2.0
13814830751052203104,2,8.0
16935537882032910426,2,4.0
15753241157735141519,2,4.0
15119235487206133497,2,2.0
12280145650310469253,2,5.0
2044588687104692043,2,2.0
909143325721519845,2,2.0
14468246188222231240,2,4.0
796471808041130945,2,3.0
15151139802063167300,2,5.0
9911049243851305369,2,5.0
8702667135005707872,2,3.0
9487335674020371626,2,29.0
12770939410805010629,2,78.0
11076457022553440294,2,9.0
12445523527311728560,2,2.0
8357676070459599490,2,15.0
5673564382338229068,2,4.0
12875427112124519439,2,2.0
17824079345526967862,2,2.0
11659213941523741652,2,3.0
12813893504201768372,2,33.0
13616479221962936237,2,3.0
3006624579541169720,2,12.0
4791819614765188979,2,10.0
17309560594661788837,2,4.0
4457231142419711301,2,32.0
17204442971348018179,2,3.0
13262756868145153664,2,6.0
1073674862954487573,2,2.0
13475683978754258508,2,2.0
16809316073973155188,2,3.0
1323982790653783614,2,7.0
120483631029747737,2,17.0
10485619624627935603,2,13.0
10534257867886788265,2,9.0
17585789537158845894,2,3.0
11714860101581924022,2,3.0
18349090425522557565,2,5.0
17280134541959264794,2,2.0
4246541279458103402,2,9.0
10464114592331304575,2,3.0
12969021215619513325,2,7.0
11748524986823206739,2,35.0
1796093308160385055,2,30.0
1222829543323553871,2,2.0
12897750620272747348,2,3.0
17997778679514515745,2,3.0
2388432295423198774,2,2.0
65309187793313439,2,2.0
549366265358287690,2,34.0
12698573564659681912,2,2.0
1128089888260143732,2,3.0
11370621012336531919,2,4.0
747027731226713249,2,2.0
15834467244575938353,2,2.0
1581808304684199074,2,3.0
1555495947567472137,2,12.0
13266041540318449553,2,4.0
15981787423968324056,2,4.0
11192023722702489347,2,6.0
4638675546615318596,2,6.0
5348281989103320652,2,6.0
1829809191274941934,2,2.0
6846697096437158223,2,2.0
2092098656282898703,2,2.0
6614925366936345273,2,12.0
1993776214485989986,2,11.0
8642330042816616239,2,3.0
14120817786569731665,2,2.0
5516473419571823686,2,2.0
1529944953071522833,2,3.0
16448626604934141901,2,2.0
3899070351004406957,2,2.0
1361685146788756351,2,2.0
12760853341969959396,2,3.0
6889946587296322435,2,30.0
2566309806032104122,2,8.0
9127847731019229123,2,4.0
108203539502224131,2,18.0
16525306693546925503,2,3.0
12529434675583667070,2,6.0
240438350792406369,2,2.0
16226874397684452511,2,3.0
7604964122442069310,2,11.0
8089244366481746042,2,32.0
17901163441694397505,2,5.0
1460104133102628225,2,2.0
5981526448055759477,2,10.0
3916010484988646904,2,11.0
3708247168822540510,2,2.0
15562473072620459687,2,2.0
8083344617690959668,2,2.0
9561147767188906124,2,7.0
3366227019230320889,2,7.0
15428026392045802761,2,2.0
8092412977025633355,2,15.0
6871001612709662055,2,4.0
5821080933533029547,2,3.0
13449491272060064532,2,5.0
15699294611245548237,2,2.0
4647938196335778267,2,13.0
7572474067370976148,2,14.0
1433192016740480805,2,95.0
4735865837728693711,2,6.0
11735221888713612786,2,3.0
2513662960597656681,2,4.0
7051129257051881916,2,7.0
4671865824492973327,2,2.0
7289307231141763421,2,2.0
9783980754747649539,2,3.0
7697095907195910372,2,5.0
11744207628738654522,2,4.0
13927062139740140423,2,12.0
17576182243914809391,2,2.0
1998430011944775125,2,2.0
2074748137777683843,2,2.0
1717882851970760683,2,2.0
7715370564132290327,2,2.0
7602132110600275405,2,2.0
12527578898153565173,2,3.0
17030401315738687637,2,3.0
13663801221304898307,2,2.0
8645531135192019230,2,11.0
3378389467985347697,2,2.0
15772472828701296682,2,5.0
14778391855589836025,2,30.0
4592403020189856372,2,7.0
17150021327638726467,2,11.0
3650294484830880371,2,7.0
2399342299026561853,2,4.0
7971893635010625586,2,2.0
3383889316893931542,2,3.0
4717212944868116283,2,2.0
10715674411077438808,2,4.0
17491469696812260558,2,2.0
8380945054028709826,2,2.0
18328953368012921620,2,2.0
130004674360684128,2,8.0
1299851212004467389,2,8.0
7195713286638309066,2,2.0
